{
"type": "FeatureCollection",
"name": "Faridaba Sec",
"crs": { "type": "name", "properties": { "name": "urn:ogc:def:crs:EPSG::3857" } },
"features": [
{ "type": "Feature", "properties": { "SECTOR_NO": "36", "LANDUSE_DE": "COMMERCIAL", "ZONE": "NON-CONFORMING", "TOTAL_INDU": 23, "RED": 0, "GREEN": 23, "ORANGE": 0, "WHITE": 0, "SEC(IN HAC": 28.899, "IND(IN HAC": 6.200861, "AREA(%AGE)": 21.46, "AREA(sqmtr": 246466.6 }, "geometry": { "type": "MultiPolygon", "coordinates": [ [ [ [ 8605665.995072174817324, 3308942.747560972813517 ], [ 8605674.563047502189875, 3309163.293592573609203 ], [ 8605653.689223203808069, 3309216.836930158082396 ], [ 8605617.942226925864816, 3309603.044674242846668 ], [ 8605534.619450474157929, 3310552.654258550610393 ], [ 8605565.083362752571702, 3310553.923588228877634 ], [ 8605904.787717901170254, 3309626.836924456525594 ], [ 8605898.581864856183529, 3309151.988462944515049 ], [ 8605897.251072935760021, 3308945.603552748914808 ], [ 8605665.995072174817324, 3308942.747560972813517 ] ] ] ] } },
{ "type": "Feature", "properties": { "SECTOR_NO": "27-D", "LANDUSE_DE": "COMMERCIAL", "ZONE": "NON-CONFORMING", "TOTAL_INDU": 14, "RED": 0, "GREEN": 13, "ORANGE": 1, "WHITE": 0, "SEC(IN HAC": 59.698, "IND(IN HAC": 16.390518, "AREA(%AGE)": 27.46, "AREA(sqmtr": 459528.7 }, "geometry": { "type": "MultiPolygon", "coordinates": [ [ [ [ 8605056.214258367195725, 3310721.538050157949328 ], [ 8605434.7367187384516, 3310696.716905215289444 ], [ 8605502.994867330417037, 3309712.403376091271639 ], [ 8605552.006932744756341, 3308994.189973382279277 ], [ 8605338.700218390673399, 3309057.79415729874745 ], [ 8605202.959581982344389, 3309040.729620150756091 ], [ 8605149.247558558359742, 3309764.487503862939775 ], [ 8605056.214258367195725, 3310721.538050157949328 ], [ 8605056.214258367195725, 3310721.538050157949328 ] ] ] ] } },
{ "type": "Feature", "properties": { "SECTOR_NO": "27-C", "LANDUSE_DE": "COMMERCIAL", "ZONE": "NON-CONFORMING", "TOTAL_INDU": 82, "RED": 3, "GREEN": 74, "ORANGE": 3, "WHITE": 2, "SEC(IN HAC": 54.465, "IND(IN HAC": 24.579808, "AREA(%AGE)": 45.13, "AREA(sqmtr": 419347.4 }, "geometry": { "type": "MultiPolygon", "coordinates": [ [ [ [ 8605548.904289623722434, 3308951.334715317003429 ], [ 8605602.618798602372408, 3308664.534142110496759 ], [ 8605633.64522978104651, 3308078.910253618843853 ], [ 8605695.504176942631602, 3307426.385622894857079 ], [ 8605354.407349174842238, 3307410.872407304588705 ], [ 8605300.886755388230085, 3308009.682529051788151 ], [ 8605241.16087537445128, 3308698.081470821984112 ], [ 8605202.959581982344389, 3309015.908475210890174 ], [ 8605330.943610595539212, 3309019.786779106128961 ], [ 8605548.904289623722434, 3308951.334715317003429 ] ] ] ] } },
{ "type": "Feature", "properties": { "SECTOR_NO": "20-A", "LANDUSE_DE": "COMMERCIAL", "ZONE": "NON-CONFORMING", "TOTAL_INDU": 77, "RED": 1, "GREEN": 69, "ORANGE": 1, "WHITE": 6, "SEC(IN HAC": 51.119, "IND(IN HAC": 7.037169, "AREA(%AGE)": 13.77, "AREA(sqmtr": 394832.4 }, "geometry": { "type": "MultiPolygon", "coordinates": [ [ [ [ 8606136.876716263592243, 3301514.630283693317324 ], [ 8606345.483670799061656, 3298603.704805511049926 ], [ 8606152.731967097148299, 3298592.264041356276721 ], [ 8606138.802686775103211, 3298880.551991476211697 ], [ 8605975.671847123652697, 3301438.787835416384041 ], [ 8606136.876716263592243, 3301514.630283693317324 ] ] ] ] } },
{ "type": "Feature", "properties": { "SECTOR_NO": "12", "LANDUSE_DE": "COMMERCIAL", "ZONE": "NON-CONFORMING", "TOTAL_INDU": 8, "RED": 0, "GREEN": 2, "ORANGE": 0, "WHITE": 6, "SEC(IN HAC": 146.915, "IND(IN HAC": 3.083851, "AREA(%AGE)": 2.1, "AREA(sqmtr": 1149481.0 }, "geometry": { "type": "MultiPolygon", "coordinates": [ [ [ [ 8608205.97876849770546, 3298098.046694992110133 ], [ 8608288.244479674845934, 3297256.883014873601496 ], [ 8607863.136703975498676, 3297221.937844602856785 ], [ 8607066.920913875102997, 3297169.192911603488028 ], [ 8606558.087442554533482, 3297119.550621716771275 ], [ 8606527.061011373996735, 3297523.282057422213256 ], [ 8606483.358952566981316, 3298002.401678865309805 ], [ 8608205.97876849770546, 3298098.046694992110133 ] ] ] ] } },
{ "type": "Feature", "properties": { "SECTOR_NO": "32", "LANDUSE_DE": "COMMERCIAL", "ZONE": "NON-CONFORMING", "TOTAL_INDU": 138, "RED": 6, "GREEN": 122, "ORANGE": 5, "WHITE": 5, "SEC(IN HAC": 28.698, "IND(IN HAC": 21.8563604, "AREA(%AGE)": 76.16, "AREA(sqmtr": 176667.7 }, "geometry": { "type": "MultiPolygon", "coordinates": [ [ [ [ 8605796.53399346023798, 3307238.481799065135419 ], [ 8605870.997428292408586, 3307204.740555158816278 ], [ 8605962.860161071643233, 3307219.265592531766742 ], [ 8606111.452269922941923, 3307248.177558809053153 ], [ 8606108.349626809358597, 3306448.471295182127506 ], [ 8606077.323195630684495, 3306414.342220885213464 ], [ 8605855.484212700277567, 3306411.239577770233154 ], [ 8605796.53399346023798, 3307238.481799065135419 ] ] ] ] } },
{ "type": "Feature", "properties": { "SECTOR_NO": "35", "LANDUSE_DE": "COMMERCIAL", "ZONE": "NON-CONFORMING", "TOTAL_INDU": 17, "RED": 0, "GREEN": 16, "ORANGE": 1, "WHITE": 0, "SEC(IN HAC": 23.594, "IND(IN HAC": 3.011659, "AREA(%AGE)": 12.76, "AREA(sqmtr": 100150.4 }, "geometry": { "type": "MultiPolygon", "coordinates": [ [ [ [ 8606013.223881861194968, 3307573.005632140208036 ], [ 8605894.963189125061035, 3307563.638448561076075 ], [ 8605818.854822512716055, 3307487.530081947334111 ], [ 8605783.727884078398347, 3307487.530081947334111 ], [ 8605723.630572879686952, 3308065.323420863132924 ], [ 8605988.635024957358837, 3308055.708311160560697 ], [ 8606013.223881861194968, 3307573.005632140208036 ] ] ] ] } },
{ "type": "Feature", "properties": { "SECTOR_NO": "35", "LANDUSE_DE": "COMMERCIAL", "ZONE": "NON-CONFORMING", "TOTAL_INDU": 17, "RED": 0, "GREEN": 16, "ORANGE": 1, "WHITE": 0, "SEC(IN HAC": 23.594, "IND(IN HAC": 3.011659, "AREA(%AGE)": 12.76, "AREA(sqmtr": 106416.8 }, "geometry": { "type": "MultiPolygon", "coordinates": [ [ [ [ 8605903.159474758431315, 3308930.661802721675485 ], [ 8605919.552046028897166, 3308812.401109985075891 ], [ 8605788.411475863307714, 3308813.572007933165878 ], [ 8605801.291353292763233, 3308583.78328566160053 ], [ 8605887.93780143558979, 3308583.78328566160053 ], [ 8605897.304985024034977, 3308471.377082660794258 ], [ 8605954.678984465077519, 3308462.009899079333991 ], [ 8605965.217066001147032, 3308399.659583356697112 ], [ 8605899.646780915558338, 3308400.830481302458793 ], [ 8605899.646780915558338, 3308165.187269291374832 ], [ 8605718.394587956368923, 3308165.838464761618525 ], [ 8605667.780067034065723, 3308929.102266931440681 ], [ 8605891.539089383557439, 3308928.784934511873871 ], [ 8605903.159474758431315, 3308930.661802721675485 ] ] ] ] } },
{ "type": "Feature", "properties": { "SECTOR_NO": "27-B", "LANDUSE_DE": "COMMERCIAL", "ZONE": "NON-CONFORMING", "TOTAL_INDU": 39, "RED": 1, "GREEN": 34, "ORANGE": 3, "WHITE": 1, "SEC(IN HAC": 55.932, "IND(IN HAC": 19.736756, "AREA(%AGE)": 35.29, "AREA(sqmtr": 54345.51 }, "geometry": { "type": "MultiPolygon", "coordinates": [ [ [ [ 8605601.067477032542229, 3307395.165276517625898 ], [ 8605596.413512356579304, 3307204.352724771015346 ], [ 8605528.155363764613867, 3307132.991933057550341 ], [ 8605498.680254148319364, 3307032.156031728722155 ], [ 8605399.395674372091889, 3306984.065063402522355 ], [ 8605362.163956958800554, 3307388.959990283008665 ], [ 8605601.067477032542229, 3307395.165276517625898 ] ] ] ] } },
{ "type": "Feature", "properties": { "SECTOR_NO": "27-B", "LANDUSE_DE": "COMMERCIAL", "ZONE": "NON-CONFORMING", "TOTAL_INDU": 39, "RED": 1, "GREEN": 34, "ORANGE": 3, "WHITE": 1, "SEC(IN HAC": 55.932, "IND(IN HAC": 19.736756, "AREA(%AGE)": 35.29, "AREA(sqmtr": 433771.9 }, "geometry": { "type": "MultiPolygon", "coordinates": [ [ [ [ 8605408.703603725880384, 3306943.730702871456742 ], [ 8605498.680254148319364, 3306971.654490930493921 ], [ 8605547.987078646197915, 3307062.552975023631006 ], [ 8605563.219034787267447, 3307133.635437007062137 ], [ 8605609.264089837670326, 3307174.314880884252489 ], [ 8605708.108664600178599, 3307249.341049978975207 ], [ 8605773.264170072972775, 3306358.882475154008716 ], [ 8605794.982671903446317, 3306014.101258682087064 ], [ 8605821.355138400569558, 3305655.358148183207959 ], [ 8605857.035534262657166, 3305281.101822092197835 ], [ 8605557.630473386496305, 3305276.447857414837927 ], [ 8605508.763844277709723, 3305758.133201459422708 ], [ 8605467.653822969645262, 3306250.67779641924426 ], [ 8605408.703603725880384, 3306943.730702871456742 ] ] ] ] } },
{ "type": "Feature", "properties": { "SECTOR_NO": "20", "LANDUSE_DE": "COMMERCIAL", "ZONE": "NON-CONFORMING", "TOTAL_INDU": 405, "RED": 0, "GREEN": 371, "ORANGE": 3, "WHITE": 31, "SEC(IN HAC": 49.985, "IND(IN HAC": 39.267284, "AREA(%AGE)": 78.56, "AREA(sqmtr": 387877.4 }, "geometry": { "type": "MultiPolygon", "coordinates": [ [ [ [ 8605827.636557130143046, 3301435.158589288592339 ], [ 8605783.129605669528246, 3301678.03630501171574 ], [ 8605759.859782285988331, 3301950.293238611891866 ], [ 8605696.495986964553595, 3302948.544186940882355 ], [ 8606020.481804197654128, 3302978.431601827032864 ], [ 8606043.751627579331398, 3302782.965085395611823 ], [ 8606059.474350810050964, 3302458.230671260040253 ], [ 8606112.00977617688477, 3302004.589493176434189 ], [ 8606129.074313320219517, 3301546.173972497694194 ], [ 8605936.401960201561451, 3301452.115797038190067 ], [ 8605827.636557130143046, 3301435.158589288592339 ] ] ] ] } },
{ "type": "Feature", "properties": { "SECTOR_NO": "32", "LANDUSE_DE": "COMMERCIAL", "ZONE": "NON-CONFORMING", "TOTAL_INDU": 138, "RED": 6, "GREEN": 122, "ORANGE": 5, "WHITE": 5, "SEC(IN HAC": 28.698, "IND(IN HAC": 21.8563604, "AREA(%AGE)": 76.16, "AREA(sqmtr": 49060.22 }, "geometry": { "type": "MultiPolygon", "coordinates": [ [ [ [ 8605805.145338194444776, 3307281.988343166187406 ], [ 8605783.727884078398347, 3307487.530081947334111 ], [ 8605818.854822512716055, 3307487.530081947334111 ], [ 8605894.963189125061035, 3307563.638448561076075 ], [ 8606013.223881861194968, 3307573.005632140208036 ], [ 8606028.230029152706265, 3307282.940340424887836 ], [ 8605867.659824850037694, 3307244.54311765730381 ], [ 8605805.145338194444776, 3307281.988343166187406 ] ] ] ] } },
{ "type": "Feature", "properties": { "SECTOR_NO": "60", "LANDUSE_DE": "COMMERCIAL", "ZONE": "NON-CONFORMING", "TOTAL_INDU": 237, "RED": 0, "GREEN": 214, "ORANGE": 1, "WHITE": 22, "SEC(IN HAC": 238.691, "IND(IN HAC": 25.052074, "AREA(%AGE)": 10.5, "AREA(sqmtr": 1842743.0 }, "geometry": { "type": "MultiPolygon", "coordinates": [ [ [ [ 8606707.935409346595407, 3290902.484038004651666 ], [ 8607132.076419342309237, 3290892.73979948926717 ], [ 8607927.904379054903984, 3290800.436166733969003 ], [ 8607895.369152050465345, 3289998.632426602765918 ], [ 8607866.045431893318892, 3289051.90285465773195 ], [ 8607441.516591526567936, 3289037.989439371973276 ], [ 8607441.128761138767004, 3289013.168294427450746 ], [ 8606929.378345042467117, 3289014.785425883717835 ], [ 8606929.963794013485312, 3289032.348895103670657 ], [ 8606629.787585817277431, 3289036.825948199257255 ], [ 8606584.548899387940764, 3289496.024482469540089 ], [ 8606555.27645068615675, 3289900.569723465014249 ], [ 8606537.712981471791863, 3290255.937250651419163 ], [ 8606610.308654241263866, 3290445.32999372202903 ], [ 8606707.935409346595407, 3290902.484038004651666 ] ] ] ] } },
{ "type": "Feature", "properties": { "SECTOR_NO": "70", "LANDUSE_DE": "COMMERCIAL", "ZONE": "NON-CONFORMING", "TOTAL_INDU": 47, "RED": 0, "GREEN": 42, "ORANGE": 3, "WHITE": 2, "SEC(IN HAC": 16.023, "IND(IN HAC": 2.389881, "AREA(%AGE)": 14.92, "AREA(sqmtr": 123649.7 }, "geometry": { "type": "MultiPolygon", "coordinates": [ [ [ [ 8609940.007614940404892, 3292886.11203057738021 ], [ 8609933.317213837057352, 3292950.709916877560318 ], [ 8610626.119783183559775, 3293018.076284043490887 ], [ 8610633.732998227700591, 3292779.986931692808867 ], [ 8609961.232335673645139, 3292723.00236774655059 ], [ 8609940.007614940404892, 3292886.11203057738021 ] ] ] ] } },
{ "type": "Feature", "properties": { "SECTOR_NO": "70", "LANDUSE_DE": "COMMERCIAL", "ZONE": "NON-CONFORMING", "TOTAL_INDU": 47, "RED": 0, "GREEN": 42, "ORANGE": 3, "WHITE": 2, "SEC(IN HAC": 16.023, "IND(IN HAC": 2.389881, "AREA(%AGE)": 14.92, "AREA(sqmtr": 49765.12 }, "geometry": { "type": "MultiPolygon", "coordinates": [ [ [ [ 8610663.517455853521824, 3293026.46072397287935 ], [ 8610924.55845058336854, 3293051.800031463149935 ], [ 8610953.511738127097487, 3292816.517448032274842 ], [ 8610677.590368513017893, 3292785.833430793136358 ], [ 8610663.517455853521824, 3293026.46072397287935 ] ] ] ] } },
{ "type": "Feature", "properties": { "SECTOR_NO": "27-A", "LANDUSE_DE": "COMMERCIAL", "ZONE": "NON-CONFORMING", "TOTAL_INDU": 116, "RED": 1, "GREEN": 106, "ORANGE": 7, "WHITE": 2, "SEC(IN HAC": 71.05, "IND(IN HAC": 53.031153, "AREA(%AGE)": 74.64, "AREA(sqmtr": 547380.7 }, "geometry": { "type": "MultiPolygon", "coordinates": [ [ [ [ 8605550.043541435152292, 3305235.216639747843146 ], [ 8605864.961817909032106, 3305241.421925980597734 ], [ 8605920.809394033625722, 3304385.092425426468253 ], [ 8605979.759613271802664, 3303529.538585650268942 ], [ 8606029.401903156191111, 3303023.032096645329148 ], [ 8605693.152955250814557, 3303008.294541836250573 ], [ 8605550.043541435152292, 3305235.216639747843146 ] ] ] ] } },
{ "type": "Feature", "properties": { "SECTOR_NO": "26", "LANDUSE_DE": "COMMERCIAL", "ZONE": "NON-CONFORMING", "TOTAL_INDU": 29, "RED": 0, "GREEN": 26, "ORANGE": 0, "WHITE": 3, "SEC(IN HAC": 36.922, "IND(IN HAC": 2.559976, "AREA(%AGE)": 6.93, "AREA(sqmtr": 171390.6 }, "geometry": { "type": "MultiPolygon", "coordinates": [ [ [ [ 8606378.085662871599197, 3292475.718013946898282 ], [ 8606449.845815077424049, 3292474.940313632134348 ], [ 8606672.613173615187407, 3292398.780532935634255 ], [ 8606821.124745974317193, 3292315.639439008198678 ], [ 8606855.872645918279886, 3292256.774275178555399 ], [ 8606860.949964633211493, 3292199.337107236497104 ], [ 8606806.250413132831454, 3291814.079369067214429 ], [ 8606423.073988080024719, 3291990.930026785004884 ], [ 8606378.085662871599197, 3292475.718013946898282 ] ] ] ] } },
{ "type": "Feature", "properties": { "SECTOR_NO": "26", "LANDUSE_DE": "COMMERCIAL", "ZONE": "NON-CONFORMING", "TOTAL_INDU": 29, "RED": 0, "GREEN": 26, "ORANGE": 0, "WHITE": 3, "SEC(IN HAC": 36.922, "IND(IN HAC": 2.559976, "AREA(%AGE)": 6.93, "AREA(sqmtr": 127714.1 }, "geometry": { "type": "MultiPolygon", "coordinates": [ [ [ [ 8606429.279274318367243, 3291461.153714410960674 ], [ 8606747.300193900242448, 3291453.397106617223471 ], [ 8606651.118257248774171, 3290993.430264394264668 ], [ 8606506.84535226970911, 3290468.695747089572251 ], [ 8606429.279274318367243, 3291461.153714410960674 ] ] ] ] } },
{ "type": "Feature", "properties": { "SECTOR_NO": "1", "LANDUSE_DE": "COMMERCIAL", "ZONE": "NON-CONFORMING", "TOTAL_INDU": 22, "RED": 0, "GREEN": 22, "ORANGE": 0, "WHITE": 0, "SEC(IN HAC": 14.506, "IND(IN HAC": 2.585762, "AREA(%AGE)": 17.83, "AREA(sqmtr": 111967.3 }, "geometry": { "type": "MultiPolygon", "coordinates": [ [ [ [ 8606784.580390149727464, 3291271.262259860057384 ], [ 8607142.935670256614685, 3291263.505652065388858 ], [ 8607132.076419342309237, 3290892.73979948926717 ], [ 8606707.935409346595407, 3290902.484038004651666 ], [ 8606784.580390149727464, 3291271.262259860057384 ] ] ] ] } },
{ "type": "Feature", "properties": { "SECTOR_NO": "16", "LANDUSE_DE": "COMMERCIAL", "ZONE": "NON-CONFORMING", "TOTAL_INDU": 22, "RED": 0, "GREEN": 17, "ORANGE": 0, "WHITE": 5, "SEC(IN HAC": 24.31, "IND(IN HAC": 1.580271, "AREA(%AGE)": 6.5, "AREA(sqmtr": 187369.7 }, "geometry": { "type": "MultiPolygon", "coordinates": [ [ [ [ 8607242.026334831491113, 3301505.13666872959584 ], [ 8607335.881289150565863, 3300584.039493135176599 ], [ 8607059.746051663532853, 3300580.936850016005337 ], [ 8606985.282616838812828, 3301473.722407159861177 ], [ 8607242.026334831491113, 3301505.13666872959584 ] ] ] ] } },
{ "type": "Feature", "properties": { "SECTOR_NO": "20-B", "LANDUSE_DE": "COMMERCIAL", "ZONE": "NON-CONFORMING", "TOTAL_INDU": 9, "RED": 0, "GREEN": 7, "ORANGE": 1, "WHITE": 1, "SEC(IN HAC": 28.349, "IND(IN HAC": 0.498403, "AREA(%AGE)": 1.76, "AREA(sqmtr": 224225.9 }, "geometry": { "type": "MultiPolygon", "coordinates": [ [ [ [ 8606184.101801205426455, 3298540.040231987368315 ], [ 8606342.94445625692606, 3298567.088104534428567 ], [ 8606452.597576685249805, 3297116.275609518866986 ], [ 8606498.103009080514312, 3296765.332199082244188 ], [ 8606318.755065208300948, 3296764.080769522115588 ], [ 8606184.101801205426455, 3298540.040231987368315 ] ] ] ] } },
{ "type": "Feature", "properties": { "SECTOR_NO": "4", "LANDUSE_DE": "COMMERCIAL", "ZONE": "NON-CONFORMING", "TOTAL_INDU": 42, "RED": 0, "GREEN": 35, "ORANGE": 3, "WHITE": 4, "SEC(IN HAC": 31.19, "IND(IN HAC": 4.900514, "AREA(%AGE)": 15.71, "AREA(sqmtr": 240702.1 }, "geometry": { "type": "MultiPolygon", "coordinates": [ [ [ [ 8608298.28240124695003, 3293025.419112586881965 ], [ 8608304.875517861917615, 3292854.579825909342617 ], [ 8608529.817143902182579, 3292606.36837648646906 ], [ 8608577.714197056367993, 3292574.56628453778103 ], [ 8608068.880725739523768, 3292254.994043403770775 ], [ 8607889.121340090408921, 3292307.545061205048114 ], [ 8607901.876650799065828, 3292671.394605149049312 ], [ 8608006.633948173373938, 3292669.778645208105445 ], [ 8608011.287912851199508, 3293025.419112586881965 ], [ 8608298.28240124695003, 3293025.419112586881965 ] ] ] ] } },
{ "type": "Feature", "properties": { "SECTOR_NO": "117", "LANDUSE_DE": "COMMERCIAL", "ZONE": "NON-CONFORMING", "TOTAL_INDU": 3, "RED": 0, "GREEN": 3, "ORANGE": 0, "WHITE": 0, "SEC(IN HAC": 65.121, "IND(IN HAC": 0.24528, "AREA(%AGE)": 0.38, "AREA(sqmtr": 503034.2 }, "geometry": { "type": "MultiPolygon", "coordinates": [ [ [ [ 8611991.074095521122217, 3286783.22435154998675 ], [ 8612431.649418249726295, 3286774.950636568013579 ], [ 8612409.930916424840689, 3285289.560243922751397 ], [ 8611972.458236813545227, 3285303.005030765198171 ], [ 8611991.074095521122217, 3286783.22435154998675 ] ] ] ] } },
{ "type": "Feature", "properties": { "SECTOR_NO": "38", "LANDUSE_DE": "INDUSTRIAL", "ZONE": "CONFORMING", "TOTAL_INDU": 80, "RED": 1, "GREEN": 74, "ORANGE": 1, "WHITE": 4, "SEC(IN HAC": 38.597, "IND(IN HAC": 21.586605, "AREA(%AGE)": 55.93, "AREA(sqmtr": 297110.6 }, "geometry": { "type": "MultiPolygon", "coordinates": [ [ [ [ 8604979.738953333348036, 3308967.74478945415467 ], [ 8604703.86725165322423, 3308980.71768999658525 ], [ 8604652.347741946578026, 3309184.453932926524431 ], [ 8604652.347741946578026, 3309554.457684460096061 ], [ 8604671.082109110429883, 3309672.132928224746138 ], [ 8604692.158272173255682, 3310155.12833173153922 ], [ 8604724.943414716050029, 3310370.573554144240916 ], [ 8604769.437536733224988, 3310635.196490367874503 ], [ 8604813.931658755987883, 3310850.641712779644877 ], [ 8604858.425780773162842, 3310860.00889636343345 ], [ 8604853.742188982665539, 3310754.628081051167101 ], [ 8604872.476556146517396, 3310325.493983149528503 ], [ 8604916.970678169280291, 3309655.154907982330769 ], [ 8604979.738953333348036, 3308967.74478945415467 ] ] ] ] } },
{ "type": "Feature", "properties": { "SECTOR_NO": "58", "LANDUSE_DE": "INDUSTRIAL", "ZONE": "CONFORMING", "TOTAL_INDU": 710, "RED": 24, "GREEN": 603, "ORANGE": 29, "WHITE": 54, "SEC(IN HAC": 265.946, "IND(IN HAC": 134.451345, "AREA(%AGE)": 50.56, "AREA(sqmtr": 1894238.0 }, "geometry": { "type": "MultiPolygon", "coordinates": [ [ [ [ 8605356.225304178893566, 3287747.120226627681404 ], [ 8605287.579325193539262, 3287627.668466588947922 ], [ 8604572.226171303540468, 3287746.926311431452632 ], [ 8604615.663174957036972, 3288282.90791006013751 ], [ 8604645.138284578919411, 3288581.537310162559152 ], [ 8604679.267358871176839, 3288926.318526644725353 ], [ 8604680.818680433556437, 3289340.90921328170225 ], [ 8604702.537182260304689, 3289451.440874359570444 ], [ 8604956.566087538376451, 3289992.076437662821263 ], [ 8605054.299345752224326, 3290209.649286307860166 ], [ 8605172.199784241616726, 3290493.541131599806249 ], [ 8605285.446258042007685, 3290568.004566432442516 ], [ 8605290.10022271797061, 3290481.130559128709137 ], [ 8605364.619599882513285, 3290296.91867883503437 ], [ 8605458.806442260742188, 3290176.489787987433374 ], [ 8605578.258202312514186, 3290086.70705274771899 ], [ 8605744.249609123915434, 3289993.627759211231023 ], [ 8605880.378075925633311, 3289915.673850873485208 ], [ 8606154.961991865187883, 3289697.713171836920083 ], [ 8605616.653410900384188, 3288378.702016317285597 ], [ 8605129.269112359732389, 3288474.12329845642671 ], [ 8605086.295352915301919, 3287872.389442517887801 ], [ 8605356.225304178893566, 3287747.120226627681404 ] ] ] ] } },
{ "type": "Feature", "properties": { "SECTOR_NO": "58", "LANDUSE_DE": "INDUSTRIAL", "ZONE": "CONFORMING", "TOTAL_INDU": 710, "RED": 24, "GREEN": 603, "ORANGE": 29, "WHITE": 54, "SEC(IN HAC": 265.946, "IND(IN HAC": 134.451345, "AREA(%AGE)": 50.56, "AREA(sqmtr": 159236.7 }, "geometry": { "type": "MultiPolygon", "coordinates": [ [ [ [ 8605034.713911084458232, 3287208.81164566334337 ], [ 8604854.760610243305564, 3286860.927786064334214 ], [ 8604817.528892826288939, 3286882.646287891082466 ], [ 8604743.065457999706268, 3286879.543644770048559 ], [ 8604663.948058487847447, 3286941.596507131122053 ], [ 8604539.842333771288395, 3286932.288577776402235 ], [ 8604563.13995455391705, 3286694.065693172160536 ], [ 8604528.013016119599342, 3286605.077449133154005 ], [ 8604560.009514039382339, 3286556.868760504759848 ], [ 8604662.396736929193139, 3286496.367219701875001 ], [ 8604532.085725974291563, 3286159.342611016705632 ], [ 8604450.253513734787703, 3286239.235671301838011 ], [ 8604462.664086213335395, 3286369.93451264873147 ], [ 8604522.777796620503068, 3287205.709002546966076 ], [ 8605034.713911084458232, 3287208.81164566334337 ] ] ] ] } },
{ "type": "Feature", "properties": { "SECTOR_NO": "57", "LANDUSE_DE": "INDUSTRIAL", "ZONE": "CONFORMING", "TOTAL_INDU": 67, "RED": 2, "GREEN": 63, "ORANGE": 2, "WHITE": 0, "SEC(IN HAC": 273.324, "IND(IN HAC": 12.064089, "AREA(%AGE)": 4.41, "AREA(sqmtr": 2186620.0 }, "geometry": { "type": "MultiPolygon", "coordinates": [ [ [ [ 8604426.85164032690227, 3286244.752920227590948 ], [ 8604037.989809442311525, 3286661.970796124078333 ], [ 8604006.381632678210735, 3286678.259672494139522 ], [ 8604006.381632678210735, 3286678.259672494139522 ], [ 8604012.199088517576456, 3287228.978825929574668 ], [ 8604022.282678646966815, 3287737.036636495031416 ], [ 8604010.647766960784793, 3288211.741033540572971 ], [ 8603914.46583030372858, 3288455.686348690185696 ], [ 8603734.900359850376844, 3288810.551155307330191 ], [ 8603576.665560835972428, 3289123.918110219296068 ], [ 8603396.71225999481976, 3289506.318874508608133 ], [ 8603288.119750864803791, 3289697.907087041065097 ], [ 8603934.986389994621277, 3289883.445109218824655 ], [ 8604760.526679502800107, 3290249.646721402183175 ], [ 8604978.692717958241701, 3290358.174408894963562 ], [ 8605038.033880418166518, 3290435.444853059947491 ], [ 8605147.196232749149203, 3290502.719326009042561 ], [ 8605029.866031205281615, 3290211.782645425293595 ], [ 8604666.754949519410729, 3289406.970481235999614 ], [ 8604657.869641771540046, 3288918.595887518953532 ], [ 8604553.784608155488968, 3287844.108314857352525 ], [ 8604448.508276974782348, 3286637.537481569219381 ], [ 8604426.85164032690227, 3286244.752920227590948 ] ] ] ] } },
{ "type": "Feature", "properties": { "SECTOR_NO": "6", "LANDUSE_DE": "INDUSTRIAL", "ZONE": "CONFORMING", "TOTAL_INDU": 254, "RED": 23, "GREEN": 206, "ORANGE": 21, "WHITE": 4, "SEC(IN HAC": 129.57, "IND(IN HAC": 93.141827, "AREA(%AGE)": 71.89, "AREA(sqmtr": 999621.6 }, "geometry": { "type": "MultiPolygon", "coordinates": [ [ [ [ 8607404.33335292711854, 3295522.271161635871977 ], [ 8607469.488858399912715, 3294686.884502168744802 ], [ 8607536.195685435086489, 3293723.513814092148095 ], [ 8606819.224465437233448, 3293669.082235863432288 ], [ 8606727.252086739987135, 3294984.608613220974803 ], [ 8606693.828078949823976, 3295471.077550194691867 ], [ 8607404.33335292711854, 3295522.271161635871977 ] ] ] ] } },
{ "type": "Feature", "properties": { "SECTOR_NO": "5", "LANDUSE_DE": "INDUSTRIAL", "ZONE": "CONFORMING", "TOTAL_INDU": 303, "RED": 5, "GREEN": 274, "ORANGE": 9, "WHITE": 15, "SEC(IN HAC": 170.046, "IND(IN HAC": 53.399641, "AREA(%AGE)": 31.4, "AREA(sqmtr": 1347789.0 }, "geometry": { "type": "MultiPolygon", "coordinates": [ [ [ [ 8606498.926986901089549, 3296728.075657631736249 ], [ 8606525.857639703899622, 3296425.398538102395833 ], [ 8606782.447323001921177, 3292899.374235927592963 ], [ 8606687.816707907244563, 3292874.553090983536094 ], [ 8606507.863407077267766, 3292769.063224978279322 ], [ 8606347.589609358459711, 3292719.244815947022289 ], [ 8606059.249273164197803, 3296704.664134082850069 ], [ 8606498.926986901089549, 3296728.075657631736249 ] ] ] ] } },
{ "type": "Feature", "properties": { "SECTOR_NO": "22", "LANDUSE_DE": "INDUSTRIAL", "ZONE": "CONFORMING", "TOTAL_INDU": 364, "RED": 7, "GREEN": 310, "ORANGE": 8, "WHITE": 39, "SEC(IN HAC": 80.575, "IND(IN HAC": 22.359051, "AREA(%AGE)": 27.75, "AREA(sqmtr": 630701.2 }, "geometry": { "type": "MultiPolygon", "coordinates": [ [ [ [ 8603814.793420128524303, 3296572.200745244044811 ], [ 8604707.928991897031665, 3296634.182005091570318 ], [ 8604726.360252767801285, 3296596.974973801989108 ], [ 8604796.004306178539991, 3295698.806707541458309 ], [ 8604276.674072746187449, 3295654.769823926966637 ], [ 8603959.658985594287515, 3295630.969892459455878 ], [ 8603945.198562569916248, 3295764.133922026492655 ], [ 8603926.464195400476456, 3295760.621228182688355 ], [ 8603866.016588842496276, 3296450.572843979578465 ], [ 8603814.793420128524303, 3296572.200745244044811 ] ] ] ] } },
{ "type": "Feature", "properties": { "SECTOR_NO": "24", "LANDUSE_DE": "INDUSTRIAL", "ZONE": "CONFORMING", "TOTAL_INDU": 1367, "RED": 30, "GREEN": 1226, "ORANGE": 51, "WHITE": 60, "SEC(IN HAC": 402.868, "IND(IN HAC": 301.531772, "AREA(%AGE)": 74.85, "AREA(sqmtr": 904116.2 }, "geometry": { "type": "MultiPolygon", "coordinates": [ [ [ [ 8604766.917026955634356, 3296626.109169418923557 ], [ 8605596.098400225862861, 3296683.508067100308836 ], [ 8606014.955221151933074, 3296694.367318014614284 ], [ 8606049.302174929529428, 3295975.188277133740485 ], [ 8606061.351600397378206, 3295761.076184483245015 ], [ 8604835.020464975386858, 3295682.37774442974478 ], [ 8604766.917026955634356, 3296626.109169418923557 ] ] ] ] } },
{ "type": "Feature", "properties": { "SECTOR_NO": "35", "LANDUSE_DE": "INDUSTRIAL", "ZONE": "CONFORMING", "TOTAL_INDU": 28, "RED": 2, "GREEN": 21, "ORANGE": 2, "WHITE": 3, "SEC(IN HAC": 11.863, "IND(IN HAC": 5.694513, "AREA(%AGE)": 48.0, "AREA(sqmtr": 96320.66 }, "geometry": { "type": "MultiPolygon", "coordinates": [ [ [ [ 8606025.445129266008735, 3308045.389772979542613 ], [ 8606083.990026662126184, 3308044.218875032383949 ], [ 8606061.742965651676059, 3307881.464060275349766 ], [ 8606382.45234245993197, 3307881.667283035349101 ], [ 8606427.58251641318202, 3307548.697631815448403 ], [ 8606045.643118867650628, 3307568.541583699174225 ], [ 8606025.445129266008735, 3308045.389772979542613 ] ] ] ] } },
{ "type": "Feature", "properties": { "SECTOR_NO": "35", "LANDUSE_DE": "INDUSTRIAL", "ZONE": "CONFORMING", "TOTAL_INDU": 28, "RED": 2, "GREEN": 21, "ORANGE": 2, "WHITE": 3, "SEC(IN HAC": 11.863, "IND(IN HAC": 5.694513, "AREA(%AGE)": 48.0, "AREA(sqmtr": 16176.5 }, "geometry": { "type": "MultiPolygon", "coordinates": [ [ [ [ 8605903.159474758431315, 3308930.661802721675485 ], [ 8605998.797447197139263, 3308906.888997561298311 ], [ 8606149.530346492305398, 3308848.817164780106395 ], [ 8606157.756597381085157, 3308796.813531041145325 ], [ 8605919.552046028897166, 3308812.401109985075891 ], [ 8605903.159474758431315, 3308930.661802721675485 ] ] ] ] } },
{ "type": "Feature", "properties": { "SECTOR_NO": "71", "LANDUSE_DE": "INDUSTRIAL", "ZONE": "CONFORMING", "TOTAL_INDU": 5, "RED": 0, "GREEN": 5, "ORANGE": 0, "WHITE": 0, "SEC(IN HAC": 339.324, "IND(IN HAC": 0.368828, "AREA(%AGE)": 0.11, "AREA(sqmtr": 2619887.0 }, "geometry": { "type": "MultiPolygon", "coordinates": [ [ [ [ 8610930.763736821711063, 3293051.805899817030877 ], [ 8611587.807265786454082, 3293108.40599186019972 ], [ 8611779.752566389739513, 3293107.175555078778416 ], [ 8612154.415028132498264, 3293057.958083736244589 ], [ 8612208.553446251899004, 3293051.805899817030877 ], [ 8613181.454838320612907, 3293056.057713384274393 ], [ 8613100.786117255687714, 3292627.892963127698749 ], [ 8613072.086668414995074, 3292541.406786220148206 ], [ 8613041.835898017510772, 3292337.79583161091432 ], [ 8612982.88567877933383, 3292136.124028955586255 ], [ 8612982.88567877933383, 3292136.124028955586255 ], [ 8612927.03810266032815, 3291832.065003413707018 ], [ 8612871.19052654132247, 3291511.717101498972625 ], [ 8612871.19052654132247, 3291511.717101498972625 ], [ 8612852.57466783374548, 3291288.32679701782763 ], [ 8611479.838034210726619, 3291286.129123236984015 ], [ 8611484.144499283283949, 3291382.718409925699234 ], [ 8611467.533848267048597, 3291430.705444091930985 ], [ 8611350.644081877544522, 3291542.059972138144076 ], [ 8611233.292908515781164, 3291654.952546215616167 ], [ 8611138.704479133710265, 3291775.996763993985951 ], [ 8611067.955410003662109, 3291891.042602556757629 ], [ 8611032.619326030835509, 3292167.322142055258155 ], [ 8611030.427642900496721, 3292246.638831258285791 ], [ 8611003.358433842658997, 3292464.73375037452206 ], [ 8610959.179163726046681, 3292800.840708535630256 ], [ 8610930.763736821711063, 3293051.805899817030877 ] ] ] ] } },
{ "type": "Feature", "properties": { "SECTOR_NO": "68", "LANDUSE_DE": "INDUSTRIAL", "ZONE": "CONFORMING", "TOTAL_INDU": 91, "RED": 5, "GREEN": 75, "ORANGE": 7, "WHITE": 4, "SEC(IN HAC": 272.481, "IND(IN HAC": 29.763986, "AREA(%AGE)": 10.92, "AREA(sqmtr": 2108711.0 }, "geometry": { "type": "MultiPolygon", "coordinates": [ [ [ [ 8611447.465165849775076, 3291189.430047639179975 ], [ 8612827.365692488849163, 3291170.814188930206001 ], [ 8612702.628969041630626, 3290503.365906938910484 ], [ 8612326.120879404246807, 3290503.365906938910484 ], [ 8612322.429623622447252, 3290292.963064617477357 ], [ 8612008.672882260754704, 3290294.808703585062176 ], [ 8612004.981626484543085, 3290073.332027549855411 ], [ 8612449.777948059141636, 3290071.486388584133238 ], [ 8612449.777948059141636, 3290185.916004524100572 ], [ 8612639.877620765939355, 3290178.533448653295636 ], [ 8612497.764273209497333, 3289468.885266370605677 ], [ 8612374.568611526861787, 3288780.923342887777835 ], [ 8612330.213882476091385, 3288575.242209550924599 ], [ 8611396.847236603498459, 3288596.359446740243584 ], [ 8611465.135468544438481, 3288869.51401306129992 ], [ 8611447.465165849775076, 3291189.430047639179975 ] ] ] ] } },
{ "type": "Feature", "properties": { "SECTOR_NO": "69", "LANDUSE_DE": "INDUSTRIAL", "ZONE": "CONFORMING", "TOTAL_INDU": 132, "RED": 2, "GREEN": 112, "ORANGE": 13, "WHITE": 5, "SEC(IN HAC": 310.651, "IND(IN HAC": 21.064544, "AREA(%AGE)": 6.78, "AREA(sqmtr": 2398293.0 }, "geometry": { "type": "MultiPolygon", "coordinates": [ [ [ [ 8610305.692498495802283, 3288582.434167907573283 ], [ 8610256.050208615139127, 3289323.190212279558182 ], [ 8610178.484130665659904, 3290341.632815699558705 ], [ 8610076.096907781437039, 3291189.430047639179975 ], [ 8611385.412303490564227, 3291198.737976991105825 ], [ 8611405.140708176419139, 3289630.051400298718363 ], [ 8611406.986336065456271, 3288854.883393648546189 ], [ 8611345.157801738008857, 3288587.957982091698796 ], [ 8610305.692498495802283, 3288582.434167907573283 ] ] ] ] } },
{ "type": "Feature", "properties": { "SECTOR_NO": "147", "LANDUSE_DE": "INDUSTRIAL", "ZONE": "CONFORMING", "TOTAL_INDU": 32, "RED": 0, "GREEN": 31, "ORANGE": 0, "WHITE": 1, "SEC(IN HAC": 128.394, "IND(IN HAC": 38.06972, "AREA(%AGE)": 29.65, "AREA(sqmtr": 375628.2 }, "geometry": { "type": "MultiPolygon", "coordinates": [ [ [ [ 8601048.593165293335915, 3285094.748191171325743 ], [ 8600938.449334606528282, 3284591.344345280900598 ], [ 8600623.531058132648468, 3283988.268089231103659 ], [ 8600527.488661760464311, 3284204.655211449135095 ], [ 8600521.028964141383767, 3284212.960536955390126 ], [ 8600281.328041881322861, 3285085.94252910092473 ], [ 8601048.593165293335915, 3285094.748191171325743 ] ] ] ] } },
{ "type": "Feature", "properties": { "SECTOR_NO": "147", "LANDUSE_DE": "INDUSTRIAL", "ZONE": "CONFORMING", "TOTAL_INDU": 32, "RED": 0, "GREEN": 31, "ORANGE": 0, "WHITE": 1, "SEC(IN HAC": 128.394, "IND(IN HAC": 38.06972, "AREA(%AGE)": 29.65, "AREA(sqmtr": 992083.2 }, "geometry": { "type": "MultiPolygon", "coordinates": [ [ [ [ 8601116.851313883438706, 3285075.356671683490276 ], [ 8601617.672985497862101, 3285091.179583633784205 ], [ 8601628.211067030206323, 3284702.734189422801137 ], [ 8601632.601934337988496, 3284076.303787301294506 ], [ 8601639.627322021871805, 3283835.976983496453613 ], [ 8601640.798219971358776, 3283621.11721005756408 ], [ 8601641.969117918983102, 3283269.847825689706951 ], [ 8601650.165403557941318, 3283137.536357576958835 ], [ 8601507.978478517383337, 3283156.338569723069668 ], [ 8601426.770851342007518, 3283158.184197610709816 ], [ 8601220.060527618974447, 3283246.774336350616068 ], [ 8601127.779133103787899, 3283270.767498923931271 ], [ 8600972.74639031291008, 3283374.122660784516484 ], [ 8600887.847507355734706, 3283416.5721022663638 ], [ 8600817.713647522032261, 3283433.182753275614232 ], [ 8600539.023836076259613, 3283427.645869606174529 ], [ 8600747.579787684604526, 3283641.738704888615757 ], [ 8601148.081039894372225, 3283652.812472232151777 ], [ 8601137.007272550836205, 3284053.775131411850452 ], [ 8600740.197276126593351, 3284044.546991963405162 ], [ 8600747.579787684604526, 3283640.354483972769231 ], [ 8600538.331725616008043, 3283426.723055662121624 ], [ 8600639.044273719191551, 3283802.497332540806383 ], [ 8600740.197276126593351, 3284044.546991963405162 ], [ 8600998.950875407084823, 3284513.778267332352698 ], [ 8601116.851313883438706, 3285075.356671683490276 ] ] ] ] } },
{ "type": "Feature", "properties": { "SECTOR_NO": "59", "LANDUSE_DE": "INDUSTRIAL", "ZONE": "CONFORMING", "TOTAL_INDU": 539, "RED": 14, "GREEN": 493, "ORANGE": 18, "WHITE": 14, "SEC(IN HAC": 251.891, "IND(IN HAC": 80.774096, "AREA(%AGE)": 32.07, "AREA(sqmtr": 2006136.0 }, "geometry": { "type": "MultiPolygon", "coordinates": [ [ [ [ 8606485.704378491267562, 3290276.143978436943144 ], [ 8606574.919148027896881, 3288856.906364347785711 ], [ 8606603.526380330324173, 3288560.221680972259492 ], [ 8606657.741699606180191, 3287941.013523753732443 ], [ 8606694.143191177397966, 3287617.051609633024782 ], [ 8606515.741211893036962, 3287614.724627295043319 ], [ 8606085.597053600475192, 3287376.712796272709966 ], [ 8605832.976736105978489, 3287116.248560245148838 ], [ 8605744.38659736700356, 3287035.50234004156664 ], [ 8605487.152210148051381, 3286617.929029847495258 ], [ 8605342.942113304510713, 3286412.644334283657372 ], [ 8605239.376665860414505, 3286402.45197364455089 ], [ 8605192.313154658302665, 3286370.153485566843301 ], [ 8605122.17929482460022, 3286347.08313693292439 ], [ 8605028.052272420376539, 3286299.096811786293983 ], [ 8604941.307761570438743, 3286298.173997839912772 ], [ 8604794.811047773808241, 3286228.732248463202268 ], [ 8604634.98197622038424, 3286232.230484853498638 ], [ 8604635.369806613773108, 3286235.720958361402154 ], [ 8604635.369806613773108, 3286235.720958361402154 ], [ 8604794.811047773808241, 3286228.732248463202268 ], [ 8604831.611983817070723, 3286300.294718250632286 ], [ 8604829.28500147908926, 3286394.9253333453089 ], [ 8604814.547446668148041, 3286474.04273284971714 ], [ 8604742.410994175821543, 3286526.012005072552711 ], [ 8604841.695573946461082, 3286670.672740445006639 ], [ 8604841.695573946461082, 3286670.672740445006639 ], [ 8604925.466938130557537, 3286832.785843350924551 ], [ 8605239.145962372422218, 3286653.226663248147815 ], [ 8605228.072195034474134, 3287094.793136018328369 ], [ 8605068.188521547242999, 3287087.202579014468938 ], [ 8605269.860324209555984, 3287410.653124052565545 ], [ 8606171.1880470123142, 3289498.031352763529867 ], [ 8606485.704378491267562, 3290276.143978436943144 ] ] ] ] } },
{ "type": "Feature", "properties": { "SECTOR_NO": "5", "LANDUSE_DE": "INDUSTRIAL", "ZONE": "CONFORMING", "TOTAL_INDU": 303, "RED": 5, "GREEN": 274, "ORANGE": 9, "WHITE": 15, "SEC(IN HAC": 170.046, "IND(IN HAC": 53.399641, "AREA(%AGE)": 31.4, "AREA(sqmtr": 92344.67 }, "geometry": { "type": "MultiPolygon", "coordinates": [ [ [ [ 8606391.514290157705545, 3292658.725479102693498 ], [ 8606569.916269430890679, 3292723.299238992389292 ], [ 8606691.695011809468269, 3292810.173246291000396 ], [ 8606774.496800014749169, 3292838.097034350037575 ], [ 8606813.279838990420103, 3292364.556128496304154 ], [ 8606634.877859711647034, 3292454.338863718789071 ], [ 8606463.650742650032043, 3292502.623747236095369 ], [ 8606352.520987236872315, 3292512.633808191400021 ], [ 8606391.514290157705545, 3292658.725479102693498 ] ] ] ] } },
{ "type": "Feature", "properties": { "SECTOR_NO": "4", "LANDUSE_DE": "INDUSTRIAL", "ZONE": "CONFORMING", "TOTAL_INDU": 55, "RED": 0, "GREEN": 52, "ORANGE": 0, "WHITE": 3, "SEC(IN HAC": 44.885, "IND(IN HAC": 25.406889, "AREA(%AGE)": 56.6, "AREA(sqmtr": 346346.1 }, "geometry": { "type": "MultiPolygon", "coordinates": [ [ [ [ 8606824.139089901000261, 3293626.556216661352664 ], [ 8607638.195077931508422, 3293697.917008370626718 ], [ 8607671.354576252400875, 3293388.234442174434662 ], [ 8607108.41876557096839, 3293004.088441151194274 ], [ 8606949.796136168763041, 3292915.663112294394523 ], [ 8606838.100983930751681, 3292906.355182943399996 ], [ 8606861.370807312428951, 3293198.003636014182121 ], [ 8606824.139089901000261, 3293626.556216661352664 ] ] ] ] } },
{ "type": "Feature", "properties": { "SECTOR_NO": "32", "LANDUSE_DE": "INDUSTRIAL", "ZONE": "CONFORMING", "TOTAL_INDU": 275, "RED": 20, "GREEN": 223, "ORANGE": 30, "WHITE": 2, "SEC(IN HAC": 42.699, "IND(IN HAC": 39.213952, "AREA(%AGE)": 91.84, "AREA(sqmtr": 255665.5 }, "geometry": { "type": "MultiPolygon", "coordinates": [ [ [ [ 8606139.036706453189254, 3307222.144443667959422 ], [ 8606143.690671129152179, 3307268.684090433642268 ], [ 8606327.415541788563132, 3307288.501312853768468 ], [ 8606374.837583413347602, 3307198.874620284885168 ], [ 8606486.532735656946898, 3307129.065150132868439 ], [ 8606528.418417746201158, 3306956.868457095697522 ], [ 8606582.714672302827239, 3306779.242138602305204 ], [ 8606672.691322714090347, 3306445.708003438077867 ], [ 8606281.758289875462651, 3306459.669897469226271 ], [ 8606191.781639458611608, 3306468.977826821152121 ], [ 8606140.588028015568852, 3306452.301120064686984 ], [ 8606139.036706453189254, 3307222.144443667959422 ] ] ] ] } },
{ "type": "Feature", "properties": { "SECTOR_NO": "32", "LANDUSE_DE": "INDUSTRIAL", "ZONE": "CONFORMING", "TOTAL_INDU": 275, "RED": 20, "GREEN": 223, "ORANGE": 30, "WHITE": 2, "SEC(IN HAC": 42.699, "IND(IN HAC": 39.213952, "AREA(%AGE)": 91.84, "AREA(sqmtr": 74458.05 }, "geometry": { "type": "MultiPolygon", "coordinates": [ [ [ [ 8606052.664625458419323, 3307290.873650914523751 ], [ 8606045.643118867650628, 3307568.541583699174225 ], [ 8606427.58251641318202, 3307548.697631815448403 ], [ 8606480.327449418604374, 3307208.958210416138172 ], [ 8606401.210049910470843, 3307244.638606274034828 ], [ 8606337.605865994468331, 3307356.333758512511849 ], [ 8606253.998744642361999, 3307348.664331551641226 ], [ 8606153.412024617195129, 3307346.818714361172169 ], [ 8606052.664625458419323, 3307290.873650914523751 ] ] ] ] } },
{ "type": "Feature", "properties": { "SECTOR_NO": "134", "LANDUSE_DE": "INDUSTRIAL", "ZONE": "CONFORMING", "TOTAL_INDU": 5, "RED": 0, "GREEN": 5, "ORANGE": 0, "WHITE": 0, "SEC(IN HAC": 122.062, "IND(IN HAC": 0.361201, "AREA(%AGE)": 0.3, "AREA(sqmtr": 943537.8 }, "geometry": { "type": "MultiPolygon", "coordinates": [ [ [ [ 8612192.779742855578661, 3282114.827680794987828 ], [ 8613708.963054798543453, 3282103.753913452848792 ], [ 8613692.352403787896037, 3281671.415580129716545 ], [ 8613624.064171841368079, 3281156.023991741705686 ], [ 8613557.621567789465189, 3280849.188354965299368 ], [ 8613494.870219519361854, 3280636.941147572826594 ], [ 8612404.104136295616627, 3280647.553507941775024 ], [ 8612402.258508410304785, 3280846.881320102605969 ], [ 8612173.400650000199676, 3280846.881320102605969 ], [ 8612183.090196430683136, 3281137.106305865105242 ], [ 8612329.356206739321351, 3281233.540363137610257 ], [ 8612700.327412705868483, 3281076.661992456763983 ], [ 8613115.593688040971756, 3280973.306830597575754 ], [ 8613224.485733572393656, 3281091.427015577908605 ], [ 8613421.967917846515775, 3281200.319061111658812 ], [ 8613486.564894007518888, 3281549.604139367584139 ], [ 8613309.38461652956903, 3281800.609532457310706 ], [ 8613226.331361463293433, 3281802.45516035053879 ], [ 8612884.890201745554805, 3281975.944182043895125 ], [ 8612770.461272537708282, 3281922.420973222702742 ], [ 8612692.944901142269373, 3281920.575345332268625 ], [ 8612667.106110678985715, 3281883.662787524983287 ], [ 8612582.207227721810341, 3281937.185996346175671 ], [ 8612550.831553587689996, 3281861.515252842567861 ], [ 8612406.872578134760261, 3281896.582182757556438 ], [ 8612314.591183613985777, 3281717.094870418775827 ], [ 8612329.356206739321351, 3281233.540363137610257 ], [ 8612178.476126700639725, 3281134.107160542160273 ], [ 8612192.779742855578661, 3282114.827680794987828 ] ] ] ] } },
{ "type": "Feature", "properties": { "SECTOR_NO": "24", "LANDUSE_DE": "INDUSTRIAL", "ZONE": "CONFORMING", "TOTAL_INDU": 1367, "RED": 30, "GREEN": 1226, "ORANGE": 51, "WHITE": 60, "SEC(IN HAC": 402.868, "IND(IN HAC": 301.531772, "AREA(%AGE)": 74.85, "AREA(sqmtr": 674889.9 }, "geometry": { "type": "MultiPolygon", "coordinates": [ [ [ [ 8605654.690104721114039, 3295709.033667673822492 ], [ 8605714.774499490857124, 3294540.357333374675363 ], [ 8604985.653366766870022, 3294520.190153106115758 ], [ 8604924.508207293227315, 3295201.619128782302141 ], [ 8604846.285765873268247, 3295650.961834892164916 ], [ 8605654.690104721114039, 3295709.033667673822492 ] ] ] ] } },
{ "type": "Feature", "properties": { "SECTOR_NO": "24", "LANDUSE_DE": "INDUSTRIAL", "ZONE": "CONFORMING", "TOTAL_INDU": 1367, "RED": 30, "GREEN": 1226, "ORANGE": 51, "WHITE": 60, "SEC(IN HAC": 402.868, "IND(IN HAC": 301.531772, "AREA(%AGE)": 74.85, "AREA(sqmtr": 1610483.0 }, "geometry": { "type": "MultiPolygon", "coordinates": [ [ [ [ 8604985.653366766870022, 3294520.190153106115758 ], [ 8605714.774499490857124, 3294540.357333374675363 ], [ 8606160.779447700828314, 3294565.178481723181903 ], [ 8606287.987815530970693, 3292743.926968077663332 ], [ 8605929.632535411044955, 3292753.234897434245795 ], [ 8605808.629453808069229, 3292697.387321308720857 ], [ 8605050.092512359842658, 3292943.640297336503863 ], [ 8605062.785809142515063, 3293095.6425263104029 ], [ 8605040.725282115861773, 3293549.062857186887413 ], [ 8604985.653366766870022, 3294520.190153106115758 ] ] ] ] } },
{ "type": "Feature", "properties": { "SECTOR_NO": "24", "LANDUSE_DE": "INDUSTRIAL", "ZONE": "CONFORMING", "TOTAL_INDU": 1367, "RED": 30, "GREEN": 1226, "ORANGE": 51, "WHITE": 60, "SEC(IN HAC": 402.868, "IND(IN HAC": 301.531772, "AREA(%AGE)": 74.85, "AREA(sqmtr": 32226.87 }, "geometry": { "type": "MultiPolygon", "coordinates": [ [ [ [ 8605881.08101842738688, 3292666.336650494951755 ], [ 8605929.737979404628277, 3292687.235702322795987 ], [ 8605989.713806701824069, 3292699.928999105468392 ], [ 8606288.302927644923329, 3292678.747222965583205 ], [ 8606303.040482450276613, 3292526.523794996552169 ], [ 8606231.203777991235256, 3292535.233473349828273 ], [ 8606009.071084292605519, 3292612.662583724595606 ], [ 8605881.08101842738688, 3292666.336650494951755 ] ] ] ] } },
{ "type": "Feature", "properties": { "SECTOR_NO": "31", "LANDUSE_DE": "INDUSTRIAL", "ZONE": "CONFORMING", "TOTAL_INDU": 141, "RED": 0, "GREEN": 134, "ORANGE": 0, "WHITE": 7, "SEC(IN HAC": 60.92, "IND(IN HAC": 40.655874, "AREA(%AGE)": 66.74, "AREA(sqmtr": 34865.49 }, "geometry": { "type": "MultiPolygon", "coordinates": [ [ [ [ 8606380.40602570027113, 3305629.672267844434828 ], [ 8606601.881372548639774, 3305664.737661845516413 ], [ 8606603.727000439539552, 3305501.868134295102209 ], [ 8606544.666907943785191, 3305461.266099036671221 ], [ 8606542.821280060335994, 3305424.355157874990255 ], [ 8606409.936071950942278, 3305398.978885815478861 ], [ 8606380.40602570027113, 3305629.672267844434828 ] ] ] ] } },
{ "type": "Feature", "properties": { "SECTOR_NO": "31", "LANDUSE_DE": "INDUSTRIAL", "ZONE": "CONFORMING", "TOTAL_INDU": 141, "RED": 0, "GREEN": 134, "ORANGE": 0, "WHITE": 7, "SEC(IN HAC": 60.92, "IND(IN HAC": 40.655874, "AREA(%AGE)": 66.74, "AREA(sqmtr": 469245.8 }, "geometry": { "type": "MultiPolygon", "coordinates": [ [ [ [ 8606157.652565164491534, 3306396.841361750848591 ], [ 8606205.101459475234151, 3305942.460504312999547 ], [ 8606256.779040401801467, 3305387.849323255941272 ], [ 8606223.557738374918699, 3305350.936765445396304 ], [ 8606251.24215673469007, 3305029.797512518707663 ], [ 8606266.007179854437709, 3305029.797512518707663 ], [ 8606266.007179854437709, 3304891.375420739408582 ], [ 8606321.376016568392515, 3304848.925979262683541 ], [ 8606354.670403139665723, 3304454.974612979684025 ], [ 8606002.52040926925838, 3304456.913764928467572 ], [ 8605855.144861182197928, 3306356.507013802416623 ], [ 8606016.482303304597735, 3306361.160978476982564 ], [ 8606063.021950071677566, 3306370.468907833099365 ], [ 8606117.318204633891582, 3306370.468907833099365 ], [ 8606157.652565164491534, 3306396.841361750848591 ] ] ] ] } },
{ "type": "Feature", "properties": { "SECTOR_NO": "56-A", "LANDUSE_DE": "INDUSTRIAL", "ZONE": "CONFORMING", "TOTAL_INDU": 50, "RED": 0, "GREEN": 41, "ORANGE": 1, "WHITE": 8, "SEC(IN HAC": 16.05, "IND(IN HAC": 5.73698, "AREA(%AGE)": 35.74, "AREA(sqmtr": 124968.9 }, "geometry": { "type": "MultiPolygon", "coordinates": [ [ [ [ 8605303.323783177882433, 3291201.485313901212066 ], [ 8605292.534480912610888, 3290843.53434462659061 ], [ 8605160.9527029376477, 3290537.172050447203219 ], [ 8605027.720576781779528, 3290454.960796863306314 ], [ 8605036.357597891241312, 3291215.618808260187507 ], [ 8605303.323783177882433, 3291201.485313901212066 ] ] ] ] } },
{ "type": "Feature", "properties": { "SECTOR_NO": "56-A", "LANDUSE_DE": "INDUSTRIAL", "ZONE": "CONFORMING", "TOTAL_INDU": 50, "RED": 0, "GREEN": 41, "ORANGE": 1, "WHITE": 8, "SEC(IN HAC": 16.05, "IND(IN HAC": 5.73698, "AREA(%AGE)": 35.74, "AREA(sqmtr": 8233.47 }, "geometry": { "type": "MultiPolygon", "coordinates": [ [ [ [ 8605286.609749216586351, 3290806.326340932399035 ], [ 8605295.142017787322402, 3290619.973838659469038 ], [ 8605184.222526324912906, 3290542.407760710921139 ], [ 8605286.609749216586351, 3290806.326340932399035 ] ] ] ] } },
{ "type": "Feature", "properties": { "SECTOR_NO": "25", "LANDUSE_DE": "INDUSTRIAL", "ZONE": "CONFORMING", "TOTAL_INDU": 414, "RED": 15, "GREEN": 354, "ORANGE": 27, "WHITE": 18, "SEC(IN HAC": 250.675, "IND(IN HAC": 129.44885046497001, "AREA(%AGE)": 51.64, "AREA(sqmtr": 1997903.0 }, "geometry": { "type": "MultiPolygon", "coordinates": [ [ [ [ 8605328.495431322604418, 3292340.777277943212539 ], [ 8605867.191842671483755, 3292615.749024271965027 ], [ 8606085.54035209864378, 3292540.89775904873386 ], [ 8606299.622727239504457, 3292474.190932013560086 ], [ 8606360.321942389011383, 3291332.4315514867194 ], [ 8606479.516396312043071, 3290386.416994236875325 ], [ 8606207.879845160990953, 3289742.232182511128485 ], [ 8605580.503909090533853, 3290153.922766931820661 ], [ 8605404.869216907769442, 3290329.55745911737904 ], [ 8605353.316576262935996, 3290421.792509489227086 ], [ 8605334.70071754977107, 3290524.179732380434871 ], [ 8605328.495431322604418, 3292340.777277943212539 ] ] ] ] } },
{ "type": "Feature", "properties": { "SECTOR_NO": "25", "LANDUSE_DE": "INDUSTRIAL", "ZONE": "CONFORMING", "TOTAL_INDU": 414, "RED": 15, "GREEN": 354, "ORANGE": 27, "WHITE": 18, "SEC(IN HAC": 250.675, "IND(IN HAC": 129.44885046497001, "AREA(%AGE)": 51.64, "AREA(sqmtr": 66199.34 }, "geometry": { "type": "MultiPolygon", "coordinates": [ [ [ [ 8605325.780618591234088, 3292812.766862262040377 ], [ 8605771.009906020015478, 3292657.634706363081932 ], [ 8605319.575332351028919, 3292429.590437193866819 ], [ 8605325.780618591234088, 3292812.766862262040377 ] ] ] ] } },
{ "type": "Feature", "properties": { "SECTOR_NO": "26", "LANDUSE_DE": "INDUSTRIAL", "ZONE": "CONFORMING", "TOTAL_INDU": 112, "RED": 0, "GREEN": 93, "ORANGE": 1, "WHITE": 18, "SEC(IN HAC": 15.548, "IND(IN HAC": 3.416261, "AREA(%AGE)": 21.97, "AREA(sqmtr": 120001.9 }, "geometry": { "type": "MultiPolygon", "coordinates": [ [ [ [ 8606423.073988080024719, 3291990.930026785004884 ], [ 8606806.250413132831454, 3291814.079369067214429 ], [ 8606758.741190388798714, 3291626.951206014957279 ], [ 8606747.300193900242448, 3291453.397106617223471 ], [ 8606429.279274318367243, 3291461.153714410960674 ], [ 8606423.073988080024719, 3291990.930026785004884 ] ] ] ] } },
{ "type": "Feature", "properties": { "SECTOR_NO": "52-A", "LANDUSE_DE": "INDUSTRIAL", "ZONE": "CONFORMING", "TOTAL_INDU": 910, "RED": 23, "GREEN": 393, "ORANGE": 466, "WHITE": 28, "SEC(IN HAC": 374.19, "IND(IN HAC": 48.803204, "AREA(%AGE)": 13.04, "AREA(sqmtr": 2136886.0 }, "geometry": { "type": "MultiPolygon", "coordinates": [ [ [ [ 8600365.653764264658093, 3295045.056219750549644 ], [ 8600474.547273419797421, 3294975.973240823950619 ], [ 8600570.560905143618584, 3294870.299701028503478 ], [ 8600560.022823618724942, 3294734.475539069157094 ], [ 8600639.35115958750248, 3294584.307877249550074 ], [ 8600714.288628250360489, 3294538.64285728149116 ], [ 8600777.517117442563176, 3294487.123347573913634 ], [ 8600926.221156824380159, 3294418.040368648245931 ], [ 8601101.56312452442944, 3294298.023328986950219 ], [ 8601130.835573218762875, 3294346.030144853051752 ], [ 8601414.192876612767577, 3294168.053656769916415 ], [ 8601719.504516530781984, 3293914.846975535154343 ], [ 8602016.423902899026871, 3293433.101570654660463 ], [ 8601817.854743350297213, 3293065.050530784763396 ], [ 8601775.969061255455017, 3292990.587095956783742 ], [ 8601748.045273195952177, 3292888.199873063713312 ], [ 8601720.121485136449337, 3292739.273003401700407 ], [ 8601692.57386370562017, 3292638.860936802811921 ], [ 8601299.152153206989169, 3292812.153833092655987 ], [ 8601105.368542831391096, 3292553.970835576299578 ], [ 8601093.659563351422548, 3292481.375162809155881 ], [ 8600927.392054749652743, 3292200.359655311331153 ], [ 8601324.911908067762852, 3291937.493066004477441 ], [ 8601514.597375623881817, 3291848.50482196547091 ], [ 8601541.674390695989132, 3291799.766194887459278 ], [ 8600982.716982798650861, 3291622.521518026478589 ], [ 8600457.276528686285019, 3292848.30530723836273 ], [ 8600403.415223082527518, 3292984.129469193983823 ], [ 8600372.386427460238338, 3294129.853111220058054 ], [ 8600619.702028376981616, 3294128.828575544059277 ], [ 8600606.822150947526097, 3294455.216378516983241 ], [ 8600372.386427460238338, 3294317.196782886516303 ], [ 8600365.653764264658093, 3295045.056219750549644 ] ] ] ] } },
{ "type": "Feature", "properties": { "SECTOR_NO": "52-A", "LANDUSE_DE": "INDUSTRIAL", "ZONE": "CONFORMING", "TOTAL_INDU": 910, "RED": 23, "GREEN": 393, "ORANGE": 466, "WHITE": 28, "SEC(IN HAC": 374.19, "IND(IN HAC": 48.803204, "AREA(%AGE)": 13.04, "AREA(sqmtr": 145957.1 }, "geometry": { "type": "MultiPolygon", "coordinates": [ [ [ [ 8601825.611351147294044, 3293002.997668427415192 ], [ 8601927.998574037104845, 3293191.095407453365624 ], [ 8602035.039761604741216, 3293412.934390387032181 ], [ 8602477.075488824397326, 3292780.246864016167819 ], [ 8602198.255414979532361, 3292772.489665111992508 ], [ 8601825.611351147294044, 3293002.997668427415192 ] ] ] ] } },
{ "type": "Feature", "properties": { "SECTOR_NO": "52-A", "LANDUSE_DE": "INDUSTRIAL", "ZONE": "CONFORMING", "TOTAL_INDU": 910, "RED": 23, "GREEN": 393, "ORANGE": 466, "WHITE": 28, "SEC(IN HAC": 374.19, "IND(IN HAC": 48.803204, "AREA(%AGE)": 13.04, "AREA(sqmtr": 429970.1 }, "geometry": { "type": "MultiPolygon", "coordinates": [ [ [ [ 8601807.771153211593628, 3292972.940813223365694 ], [ 8602027.889763563871384, 3292857.379766332916915 ], [ 8602189.473680375143886, 3292733.264583853539079 ], [ 8602224.600618809461594, 3292734.435481803491712 ], [ 8602577.040901131927967, 3292755.511644865851849 ], [ 8602532.546779109165072, 3292713.35931873973459 ], [ 8602331.152332071214914, 3292569.046146660577506 ], [ 8602292.512699788436294, 3292366.188077187631279 ], [ 8602269.094740834087133, 3292210.165925629902631 ], [ 8602287.829107997938991, 3292041.556621132418513 ], [ 8601541.674390695989132, 3291799.766194887459278 ], [ 8601514.597375623881817, 3291848.50482196547091 ], [ 8601842.448801035061479, 3292504.793121767230332 ], [ 8601783.903903644531965, 3292507.134917661082 ], [ 8601837.765209244564176, 3292575.046998640988022 ], [ 8601702.67181801982224, 3292632.495859960094094 ], [ 8601735.63470072299242, 3292711.737045729998499 ], [ 8601755.801880987361073, 3292779.607363934628665 ], [ 8601771.315096579492092, 3292858.724763442296535 ], [ 8601807.771153211593628, 3292972.940813223365694 ] ] ] ] } },
{ "type": "Feature", "properties": { "SECTOR_NO": "52-A", "LANDUSE_DE": "INDUSTRIAL", "ZONE": "CONFORMING", "TOTAL_INDU": 910, "RED": 23, "GREEN": 393, "ORANGE": 466, "WHITE": 28, "SEC(IN HAC": 374.19, "IND(IN HAC": 48.803204, "AREA(%AGE)": 13.04, "AREA(sqmtr": 175057.5 }, "geometry": { "type": "MultiPolygon", "coordinates": [ [ [ [ 8602543.816671852022409, 3292690.673170998692513 ], [ 8602716.377756925299764, 3292390.630571851041168 ], [ 8602840.492939407005906, 3292090.880697183310986 ], [ 8602884.987061424180865, 3291926.954984476324171 ], [ 8602692.667073486372828, 3292060.583712782710791 ], [ 8602588.45715612359345, 3292117.079538770485669 ], [ 8602497.127116184681654, 3292107.712355186697096 ], [ 8602423.36054546572268, 3292076.098110592924058 ], [ 8602316.808832209557295, 3292043.312968051526695 ], [ 8602300.416260939091444, 3292218.947660238016397 ], [ 8602360.132056284695864, 3292549.726330517791212 ], [ 8602543.816671852022409, 3292690.673170998692513 ] ] ] ] } },
{ "type": "Feature", "properties": { "SECTOR_NO": "13", "LANDUSE_DE": "INDUSTRIAL", "ZONE": "CONFORMING", "TOTAL_INDU": 4, "RED": 0, "GREEN": 3, "ORANGE": 0, "WHITE": 1, "SEC(IN HAC": 31.275, "IND(IN HAC": 5.702025, "AREA(%AGE)": 18.23, "AREA(sqmtr": 241166.8 }, "geometry": { "type": "MultiPolygon", "coordinates": [ [ [ [ 8608290.913623845204711, 3297724.953860078938305 ], [ 8608247.476620197296143, 3298109.68160668713972 ], [ 8609066.186572905629873, 3298167.080504364799708 ], [ 8609101.866968762129545, 3297790.109365552663803 ], [ 8608290.913623845204711, 3297724.953860078938305 ] ] ] ] } },
{ "type": "Feature", "properties": { "SECTOR_NO": "117", "LANDUSE_DE": "INDUSTRIAL", "ZONE": "CONFORMING", "TOTAL_INDU": 7, "RED": 0, "GREEN": 7, "ORANGE": 0, "WHITE": 0, "SEC(IN HAC": 153.932, "IND(IN HAC": 0.787677, "AREA(%AGE)": 0.51, "AREA(sqmtr": 1189057.0 }, "geometry": { "type": "MultiPolygon", "coordinates": [ [ [ [ 8611953.842378102242947, 3286009.632000842597336 ], [ 8611925.918590037152171, 3286127.532439319416881 ], [ 8611701.494071189314127, 3286367.470173760317266 ], [ 8611327.367021899670362, 3286139.943011788651347 ], [ 8611139.140006087720394, 3285971.366069053765386 ], [ 8611424.324619326740503, 3285617.147646439727396 ], [ 8611634.270136963576078, 3285618.181860813871026 ], [ 8611665.296568147838116, 3285450.380578858312219 ], [ 8611950.739734983071685, 3285745.13167504966259 ], [ 8611942.724573602899909, 3285303.005030763335526 ], [ 8610725.454257046803832, 3285312.312960115727037 ], [ 8610592.04060298204422, 3286836.744945329148322 ], [ 8611962.116093084216118, 3286823.300158485304564 ], [ 8611953.842378102242947, 3286009.632000842597336 ] ] ] ] } },
{ "type": "Feature", "properties": { "SECTOR_NO": "116", "LANDUSE_DE": "INDUSTRIAL", "ZONE": "CONFORMING", "TOTAL_INDU": 2, "RED": 0, "GREEN": 2, "ORANGE": 0, "WHITE": 0, "SEC(IN HAC": 11.409, "IND(IN HAC": 0.207334, "AREA(%AGE)": 1.82, "AREA(sqmtr": 69130.68 }, "geometry": { "type": "MultiPolygon", "coordinates": [ [ [ [ 8612228.943401228636503, 3287823.644010382704437 ], [ 8612531.19255162216723, 3287518.292216875590384 ], [ 8611913.766571182757616, 3287527.600146228447556 ], [ 8612021.324865929782391, 3287624.816297251265496 ], [ 8612083.377728287130594, 3287665.150657784193754 ], [ 8612154.738520000129938, 3287732.374592001084238 ], [ 8612228.943401228636503, 3287823.644010382704437 ] ] ] ] } },
{ "type": "Feature", "properties": { "SECTOR_NO": "116", "LANDUSE_DE": "INDUSTRIAL", "ZONE": "CONFORMING", "TOTAL_INDU": 2, "RED": 0, "GREEN": 2, "ORANGE": 0, "WHITE": 0, "SEC(IN HAC": 11.409, "IND(IN HAC": 0.207334, "AREA(%AGE)": 1.82, "AREA(sqmtr": 88101.3 }, "geometry": { "type": "MultiPolygon", "coordinates": [ [ [ [ 8612244.715170416980982, 3287846.138172989245504 ], [ 8612319.178605241701007, 3287938.183252148330212 ], [ 8612414.32632752135396, 3288097.710819124244153 ], [ 8612470.17390364035964, 3288263.443672334775329 ], [ 8612508.439835425466299, 3288382.895432367455214 ], [ 8612575.146662460640073, 3288591.871374031994492 ], [ 8612613.412594243884087, 3288749.330512260086834 ], [ 8612638.75084637477994, 3288884.036934292409569 ], [ 8612703.38924466073513, 3288884.036934292409569 ], [ 8612707.008994961157441, 3288839.04860908491537 ], [ 8612628.667256239801645, 3288833.101876440458 ], [ 8612608.241522381082177, 3288726.771711258217692 ], [ 8612602.294789738953114, 3288640.931918332818896 ], [ 8612604.363218480721116, 3288389.617825788911432 ], [ 8612517.489211183041334, 3288394.788897652644664 ], [ 8612511.283924948424101, 3288368.933538338169456 ], [ 8612515.420782439410686, 3287563.991564466618001 ], [ 8612244.715170416980982, 3287846.138172989245504 ] ] ] ] } },
{ "type": "Feature", "properties": { "SECTOR_NO": "45", "LANDUSE_DE": "MIXED LAND USE", "ZONE": "NON-CONFORMING", "TOTAL_INDU": 2, "RED": 0, "GREEN": 2, "ORANGE": 0, "WHITE": 0, "SEC(IN HAC": 27.693, "IND(IN HAC": 1.527451, "AREA(%AGE)": 5.52, "AREA(sqmtr": 213292.0 }, "geometry": { "type": "MultiPolygon", "coordinates": [ [ [ [ 8605385.506498599424958, 3306717.940698544960469 ], [ 8605399.468392629176378, 3306395.265814279206097 ], [ 8605416.532929783686996, 3306154.423142246901989 ], [ 8605466.175219669938087, 3305846.485812790691853 ], [ 8605492.547686172649264, 3305276.37513986742124 ], [ 8605261.400773882865906, 3305268.230701683554798 ], [ 8605206.270715592429042, 3306434.4356888551265 ], [ 8605310.54869139380753, 3306436.281316747423261 ], [ 8605306.396028636023402, 3306712.894796816632152 ], [ 8605385.506498599424958, 3306717.940698544960469 ] ] ] ] } },
{ "type": "Feature", "properties": { "SECTOR_NO": "46", "LANDUSE_DE": "MIXED LAND USE", "ZONE": "NON-CONFORMING", "TOTAL_INDU": 0, "RED": 0, "GREEN": 0, "ORANGE": 0, "WHITE": 0, "SEC(IN HAC": 4.557, "IND(IN HAC": 0.0, "AREA(%AGE)": 0.0, "AREA(sqmtr": 35100.94 }, "geometry": { "type": "MultiPolygon", "coordinates": [ [ [ [ 8605250.541522966697812, 3305236.428609726019204 ], [ 8605491.772025391459465, 3305232.162475438788533 ], [ 8605516.205339942127466, 3304930.430432215332985 ], [ 8605256.564075594767928, 3305160.029630547855049 ], [ 8605250.541522966697812, 3305236.428609726019204 ] ] ] ] } },
{ "type": "Feature", "properties": { "SECTOR_NO": "46", "LANDUSE_DE": "MIXED LAND USE", "ZONE": "NON-CONFORMING", "TOTAL_INDU": 0, "RED": 0, "GREEN": 0, "ORANGE": 0, "WHITE": 0, "SEC(IN HAC": 4.557, "IND(IN HAC": 0.0, "AREA(%AGE)": 0.0, "AREA(sqmtr": 101485.0 }, "geometry": { "type": "MultiPolygon", "coordinates": [ [ [ [ 8605525.125438908115029, 3304643.823774194810539 ], [ 8605568.368527363985777, 3303858.467234961688519 ], [ 8605370.768943788483739, 3303872.816959384363145 ], [ 8605375.422908464446664, 3304601.550261711701751 ], [ 8605525.125438908115029, 3304643.823774194810539 ] ] ] ] } },
{ "type": "Feature", "properties": { "SECTOR_NO": "15-A", "LANDUSE_DE": "MIXED LAND USE", "ZONE": "NON-CONFORMING", "TOTAL_INDU": 51, "RED": 0, "GREEN": 39, "ORANGE": 0, "WHITE": 12, "SEC(IN HAC": 32.065, "IND(IN HAC": 8.487056, "AREA(%AGE)": 26.47, "AREA(sqmtr": 247225.1 }, "geometry": { "type": "MultiPolygon", "coordinates": [ [ [ [ 8606507.281661499291658, 3299679.812939483206719 ], [ 8606606.760156467556953, 3298356.341734550893307 ], [ 8606829.374800173565745, 3298355.566073772031814 ], [ 8606844.694100562483072, 3298047.240913939662278 ], [ 8606484.787498896941543, 3298043.362610043492168 ], [ 8606455.312389280647039, 3298323.763981811702251 ], [ 8606349.822523277252913, 3299677.292041954118758 ], [ 8606507.281661499291658, 3299679.812939483206719 ] ] ] ] } },
{ "type": "Feature", "properties": { "SECTOR_NO": "38", "LANDUSE_DE": "OPEN SPACE", "ZONE": "NON-CONFORMING", "TOTAL_INDU": 100, "RED": 1, "GREEN": 91, "ORANGE": 3, "WHITE": 5, "SEC(IN HAC": 58.489, "IND(IN HAC": 30.475469, "AREA(%AGE)": 52.1, "AREA(sqmtr": 471125.2 }, "geometry": { "type": "MultiPolygon", "coordinates": [ [ [ [ 8604979.738953333348036, 3308967.74478945415467 ], [ 8604916.970678169280291, 3309655.154907982330769 ], [ 8604872.476556146517396, 3310325.493983149528503 ], [ 8604853.742188982665539, 3310754.628081051167101 ], [ 8604858.425780773162842, 3310860.00889636343345 ], [ 8604813.931658755987883, 3310850.641712779644877 ], [ 8604724.943414716050029, 3310370.573554144240916 ], [ 8604692.158272173255682, 3310155.12833173153922 ], [ 8604671.082109110429883, 3309672.132928224746138 ], [ 8604652.347741946578026, 3309554.457684460096061 ], [ 8604652.347741946578026, 3309184.453932926524431 ], [ 8604703.86725165322423, 3308980.71768999658525 ], [ 8604557.797732647508383, 3308981.595863458234817 ], [ 8604506.278222940862179, 3309175.964922808576375 ], [ 8604514.474508579820395, 3309490.351021815091372 ], [ 8604528.525283953174949, 3309671.254754766821861 ], [ 8604537.892467534169555, 3309894.896262811962515 ], [ 8604555.455936755985022, 3310110.926934198476374 ], [ 8604575.36120186932385, 3310325.493983152322471 ], [ 8604631.271578878164291, 3310606.802215130534023 ], [ 8604696.841863963752985, 3310949.289864890743047 ], [ 8604712.06353728659451, 3310987.929497171659023 ], [ 8604740.165088031440973, 3310999.638476649764925 ], [ 8604776.462924417108297, 3310983.245905380696058 ], [ 8604806.906271066516638, 3310987.929497171659023 ], [ 8604860.767576666548848, 3311037.107210980262607 ], [ 8604900.578106893226504, 3311037.107210980262607 ], [ 8604926.927867002785206, 3311011.91360277030617 ], [ 8604984.523701153695583, 3310955.587098296266049 ], [ 8604988.966355027630925, 3310857.214048229623586 ], [ 8605048.287974720820785, 3310107.190474522300065 ], [ 8605152.561628561466932, 3309007.285520383622497 ], [ 8605152.561628561466932, 3309007.285520383622497 ], [ 8604979.738953333348036, 3308967.74478945415467 ] ] ] ] } },
{ "type": "Feature", "properties": { "SECTOR_NO": "147", "LANDUSE_DE": "OPEN SPACE", "ZONE": "NON-CONFORMING", "TOTAL_INDU": 38, "RED": 1, "GREEN": 32, "ORANGE": 4, "WHITE": 1, "SEC(IN HAC": 127.006, "IND(IN HAC": 59.052453, "AREA(%AGE)": 46.5, "AREA(sqmtr": 900443.1 }, "geometry": { "type": "MultiPolygon", "coordinates": [ [ [ [ 8601650.165403557941318, 3283137.536357576958835 ], [ 8601641.969117918983102, 3283269.847825689706951 ], [ 8601640.798219971358776, 3283621.11721005756408 ], [ 8601639.627322021871805, 3283835.976983496453613 ], [ 8601632.601934337988496, 3284076.303787301294506 ], [ 8601628.211067030206323, 3284702.734189422801137 ], [ 8601617.672985497862101, 3285091.179583633784205 ], [ 8602009.92379804700613, 3285088.837787740398198 ], [ 8602012.265593938529491, 3284697.465148656163365 ], [ 8602380.805723037570715, 3284006.928083887789398 ], [ 8602388.709284188225865, 3283264.87150940997526 ], [ 8602122.91545001976192, 3283262.529713514260948 ], [ 8602121.744552064687014, 3283109.142082339618355 ], [ 8601763.742504497990012, 3283122.021959765814245 ], [ 8601650.165403557941318, 3283137.536357576958835 ] ] ] ] } },
{ "type": "Feature", "properties": { "SECTOR_NO": "147", "LANDUSE_DE": "OPEN SPACE", "ZONE": "NON-CONFORMING", "TOTAL_INDU": 38, "RED": 1, "GREEN": 32, "ORANGE": 4, "WHITE": 1, "SEC(IN HAC": 127.006, "IND(IN HAC": 59.052453, "AREA(%AGE)": 46.5, "AREA(sqmtr": 80932.68 }, "geometry": { "type": "MultiPolygon", "coordinates": [ [ [ [ 8601650.165403557941318, 3283137.536357576958835 ], [ 8601763.742504497990012, 3283122.021959765814245 ], [ 8602121.744552064687014, 3283109.142082339618355 ], [ 8602326.066243978217244, 3283112.947500669397414 ], [ 8602388.123835215345025, 3283121.143786306027323 ], [ 8602388.709284188225865, 3283264.87150940997526 ], [ 8602380.805723037570715, 3284006.928083887789398 ], [ 8602012.265593938529491, 3284697.465148656163365 ], [ 8602009.92379804700613, 3285088.837787740398198 ], [ 8602044.172563022002578, 3285088.54506325442344 ], [ 8602043.001665072515607, 3284707.417781214229763 ], [ 8602215.123663414269686, 3284402.398865789175034 ], [ 8602416.518110450357199, 3284027.418797974940389 ], [ 8602427.348916471004486, 3283302.340243741404265 ], [ 8602423.250773651525378, 3283077.527837745845318 ], [ 8602314.357264496386051, 3283072.844245954882354 ], [ 8602074.469547424465418, 3283077.527837745845318 ], [ 8601923.570074386894703, 3283077.527837745845318 ], [ 8601740.324545541778207, 3283088.065919278655201 ], [ 8601650.165403557941318, 3283102.70214362628758 ], [ 8601650.165403557941318, 3283137.536357576958835 ] ] ] ] } },
{ "type": "Feature", "properties": { "SECTOR_NO": "146", "LANDUSE_DE": "OPEN SPACE", "ZONE": "NON-CONFORMING", "TOTAL_INDU": 4, "RED": 0, "GREEN": 4, "ORANGE": 0, "WHITE": 0, "SEC(IN HAC": 7.273, "IND(IN HAC": 0.350224, "AREA(%AGE)": 4.82, "AREA(sqmtr": 56200.16 }, "geometry": { "type": "MultiPolygon", "coordinates": [ [ [ [ 8602149.55337830632925, 3285083.12966024549678 ], [ 8602154.236970091238618, 3284742.105632921680808 ], [ 8602298.550142168998718, 3284488.898951687384397 ], [ 8602544.292348988354206, 3284039.566864182706922 ], [ 8602544.292348988354206, 3283531.982603771612048 ], [ 8602552.488634619861841, 3283131.828230079263449 ], [ 8602549.707752021029592, 3283099.774898756295443 ], [ 8602509.897221788764, 3283098.604000809136778 ], [ 8602512.239017685875297, 3283357.079722804948688 ], [ 8602501.70093615539372, 3284038.542328477371484 ], [ 8602126.428143855184317, 3284727.030321838334203 ], [ 8602131.989909106865525, 3285021.803880224004388 ], [ 8602124.086347963660955, 3285082.983297999016941 ], [ 8602149.55337830632925, 3285083.12966024549678 ] ] ] ] } },
{ "type": "Feature", "properties": { "SECTOR_NO": "143", "LANDUSE_DE": "OPEN SPACE", "ZONE": "NON-CONFORMING", "TOTAL_INDU": 16, "RED": 0, "GREEN": 14, "ORANGE": 0, "WHITE": 2, "SEC(IN HAC": 168.538, "IND(IN HAC": 1.985254, "AREA(%AGE)": 1.18, "AREA(sqmtr": 1301852.0 }, "geometry": { "type": "MultiPolygon", "coordinates": [ [ [ [ 8604360.179905690252781, 3285359.103080546017736 ], [ 8604360.179905690252781, 3285359.103080546017736 ], [ 8604360.179905690252781, 3285359.103080546017736 ], [ 8604360.179905690252781, 3285359.103080546017736 ], [ 8604360.179905690252781, 3285359.103080546017736 ], [ 8604415.057905849069357, 3285521.022268265020102 ], [ 8604537.612309008836746, 3285892.951612029224634 ], [ 8604537.612309008836746, 3285892.951612029224634 ], [ 8604463.924534952268004, 3285667.234325197059661 ], [ 8604765.193031689152122, 3285654.381496564950794 ], [ 8604768.705725530162454, 3285932.469759187661111 ], [ 8604537.612309008836746, 3285892.951612029224634 ], [ 8604576.201432781293988, 3286014.536439212504774 ], [ 8604940.761999139562249, 3286017.639082332141697 ], [ 8605286.706706792116165, 3286182.466997970826924 ], [ 8605380.949491498991847, 3286221.637867336161435 ], [ 8605501.952573100104928, 3286386.077952588908374 ], [ 8605740.843746768310666, 3286677.453578534536064 ], [ 8605920.033733250573277, 3286920.896060042548925 ], [ 8606219.155558481812477, 3287242.411838392727077 ], [ 8606371.468306908383965, 3287377.372428772039711 ], [ 8606487.817423833534122, 3287451.835863602347672 ], [ 8606692.591869615018368, 3287472.003043872304261 ], [ 8606697.245834290981293, 3287378.923750331159681 ], [ 8606762.401339769363403, 3286711.079819190781564 ], [ 8606552.971502017229795, 3286591.266281972173601 ], [ 8606428.207475790753961, 3286446.876453874167055 ], [ 8606376.339285116642714, 3286363.817256642971188 ], [ 8606079.525978200137615, 3286421.905101404991001 ], [ 8605745.234614076092839, 3285997.454595294315368 ], [ 8605901.815432582050562, 3285828.66369474073872 ], [ 8605627.054206304252148, 3285621.190932035911828 ], [ 8604995.523938748985529, 3285343.626019774470478 ], [ 8604360.179905690252781, 3285359.103080546017736 ] ] ] ] } },
{ "type": "Feature", "properties": { "SECTOR_NO": "42", "LANDUSE_DE": "OPEN SPACE", "ZONE": "NON-CONFORMING", "TOTAL_INDU": 105, "RED": 0, "GREEN": 88, "ORANGE": 3, "WHITE": 14, "SEC(IN HAC": 26.507, "IND(IN HAC": 6.384812, "AREA(%AGE)": 24.09, "AREA(sqmtr": 221131.5 }, "geometry": { "type": "MultiPolygon", "coordinates": [ [ [ [ 8604979.738953333348036, 3308967.74478945415467 ], [ 8605152.561628561466932, 3309007.285520383622497 ], [ 8605319.82101459056139, 3307409.277977441437542 ], [ 8605136.81026117503643, 3307390.438594364561141 ], [ 8604979.738953333348036, 3308967.74478945415467 ] ] ] ] } },
{ "type": "Feature", "properties": { "SECTOR_NO": "147", "LANDUSE_DE": "OPEN SPACE", "ZONE": "NON-CONFORMING", "TOTAL_INDU": 38, "RED": 1, "GREEN": 32, "ORANGE": 4, "WHITE": 1, "SEC(IN HAC": 127.006, "IND(IN HAC": 59.052453, "AREA(%AGE)": 46.5, "AREA(sqmtr": 31603.26 }, "geometry": { "type": "MultiPolygon", "coordinates": [ [ [ [ 8600281.328041881322861, 3285085.94252910092473 ], [ 8600521.028964141383767, 3284212.960536955390126 ], [ 8600527.488661760464311, 3284204.655211449135095 ], [ 8600623.531058132648468, 3283988.268089231103659 ], [ 8600602.976047476753592, 3283940.952781682834029 ], [ 8600539.371863560751081, 3284069.712471079081297 ], [ 8600491.614269644021988, 3284208.577170698903501 ], [ 8600439.936688711866736, 3284374.683680832851678 ], [ 8600359.651875482872128, 3284683.364945499692112 ], [ 8600290.44082959368825, 3284918.22109454870224 ], [ 8600246.145760228857398, 3285081.097755874041468 ], [ 8600281.328041881322861, 3285085.94252910092473 ] ] ] ] } },
{ "type": "Feature", "properties": { "SECTOR_NO": "147", "LANDUSE_DE": "OPEN SPACE", "ZONE": "NON-CONFORMING", "TOTAL_INDU": 38, "RED": 1, "GREEN": 32, "ORANGE": 4, "WHITE": 1, "SEC(IN HAC": 127.006, "IND(IN HAC": 59.052453, "AREA(%AGE)": 46.5, "AREA(sqmtr": 42627.17 }, "geometry": { "type": "MultiPolygon", "coordinates": [ [ [ [ 8600639.044273719191551, 3283802.497332540806383 ], [ 8600538.331725616008043, 3283426.723055662121624 ], [ 8600817.713647522032261, 3283433.182753275614232 ], [ 8600887.847507355734706, 3283416.5721022663638 ], [ 8600972.74639031291008, 3283374.122660784516484 ], [ 8601127.779133103787899, 3283270.767498923931271 ], [ 8601220.060527618974447, 3283246.774336350616068 ], [ 8601426.770851342007518, 3283158.184197610709816 ], [ 8601507.978478517383337, 3283156.338569723069668 ], [ 8601650.165403557941318, 3283137.536357576958835 ], [ 8601650.165403557941318, 3283102.70214362628758 ], [ 8601503.018353575840592, 3283116.080811336170882 ], [ 8601401.508819608017802, 3283124.386136843357235 ], [ 8601211.409146895632148, 3283212.976275581866503 ], [ 8601108.05398503690958, 3283238.815066047944129 ], [ 8600984.627619864419103, 3283316.331437443848699 ], [ 8600896.037481125444174, 3283374.468715991359204 ], [ 8600857.279295427724719, 3283391.079367003403604 ], [ 8600808.370156332850456, 3283396.616250675171614 ], [ 8600507.763513687998056, 3283388.31092516798526 ], [ 8600561.090365387499332, 3283658.224427559878677 ], [ 8600639.044273719191551, 3283802.497332540806383 ] ] ] ] } },
{ "type": "Feature", "properties": { "SECTOR_NO": "140", "LANDUSE_DE": "OPEN SPACE", "ZONE": "NON-CONFORMING", "TOTAL_INDU": 9, "RED": 0, "GREEN": 8, "ORANGE": 0, "WHITE": 1, "SEC(IN HAC": 60.486, "IND(IN HAC": 0.474087, "AREA(%AGE)": 0.78, "AREA(sqmtr": 467158.5 }, "geometry": { "type": "MultiPolygon", "coordinates": [ [ [ [ 8608562.195533387362957, 3287453.393012364860624 ], [ 8610132.662405993789434, 3287451.051216470543295 ], [ 8610177.156528018414974, 3286840.427936644759029 ], [ 8609003.331335255876184, 3286841.598834593314677 ], [ 8609005.965855637565255, 3286932.928874528035522 ], [ 8609127.73924221470952, 3286928.24528273800388 ], [ 8609337.329974889755249, 3287315.22705451445654 ], [ 8609172.233364237472415, 3287417.095175980124623 ], [ 8608559.853737488389015, 3287418.266073927748948 ], [ 8608562.195533387362957, 3287453.393012364860624 ] ] ] ] } },
{ "type": "Feature", "properties": { "SECTOR_NO": "90", "LANDUSE_DE": "OPEN SPACE", "ZONE": "NON-CONFORMING", "TOTAL_INDU": 1, "RED": 0, "GREEN": 1, "ORANGE": 0, "WHITE": 0, "SEC(IN HAC": 6.693, "IND(IN HAC": 0.102931, "AREA(%AGE)": 1.54, "AREA(sqmtr": 51570.16 }, "geometry": { "type": "MultiPolygon", "coordinates": [ [ [ [ 8608271.081031044945121, 3303302.960359535645694 ], [ 8608277.228245275095105, 3303304.131257484201342 ], [ 8608383.779958529397845, 3303228.022890869993716 ], [ 8608459.888325147330761, 3303203.434033964760602 ], [ 8608503.211549215018749, 3303202.263136019930243 ], [ 8608630.839425539597869, 3303298.276767744682729 ], [ 8608680.017139347270131, 3303349.796277451328933 ], [ 8608717.485873682424426, 3303434.100929700769484 ], [ 8608780.714362869039178, 3303486.791337356902659 ], [ 8608806.474117716774344, 3303575.779581395443529 ], [ 8608791.252444393932819, 3303613.248315727338195 ], [ 8608596.883385047316551, 3303840.987966592889279 ], [ 8608567.903660835698247, 3303874.944007080979645 ], [ 8608370.021907646209002, 3304123.174372035544366 ], [ 8608181.507338032126427, 3304381.357369544915855 ], [ 8608121.528701214119792, 3304465.155160715337843 ], [ 8608159.536079408600926, 3304474.463090066798031 ], [ 8608159.536079408600926, 3304474.463090066798031 ], [ 8608413.637856293469667, 3304119.954402664676309 ], [ 8608638.450262285768986, 3303837.182548248209059 ], [ 8608819.939444214105606, 3303641.349866462871432 ], [ 8608838.673811377957463, 3303580.463173173833638 ], [ 8608830.477525746449828, 3303513.721990144345909 ], [ 8608790.666995519772172, 3303439.955419425386935 ], [ 8608756.710955027490854, 3303405.999378939624876 ], [ 8608700.507853528484702, 3303320.523828741163015 ], [ 8608692.311567891389132, 3303295.934971835464239 ], [ 8608659.52642535418272, 3303280.71329851122573 ], [ 8608549.462018249556422, 3303175.332483201753348 ], [ 8608486.23352906294167, 3303164.794401672668755 ], [ 8608435.884917305782437, 3303177.674279097933322 ], [ 8608353.922060947865248, 3303209.288523690309376 ], [ 8608275.471898443996906, 3303269.004319036379457 ], [ 8608271.081031044945121, 3303302.960359535645694 ] ] ] ] } },
{ "type": "Feature", "properties": { "SECTOR_NO": "90", "LANDUSE_DE": "OPEN SPACE", "ZONE": "NON-CONFORMING", "TOTAL_INDU": 1, "RED": 0, "GREEN": 1, "ORANGE": 0, "WHITE": 0, "SEC(IN HAC": 6.693, "IND(IN HAC": 0.102931, "AREA(%AGE)": 1.54, "AREA(sqmtr": 15471.94 }, "geometry": { "type": "MultiPolygon", "coordinates": [ [ [ [ 8608097.483217051252723, 3304490.945881630294025 ], [ 8607809.161790603771806, 3304925.532190828584135 ], [ 8607809.161790603771806, 3304925.532190828584135 ], [ 8607807.895112963393331, 3304983.757110830396414 ], [ 8608138.981068752706051, 3304502.968623712193221 ], [ 8608097.483217051252723, 3304490.945881630294025 ] ] ] ] } },
{ "type": "Feature", "properties": { "SECTOR_NO": "52-A", "LANDUSE_DE": "OPEN SPACE", "ZONE": "NON-CONFORMING", "TOTAL_INDU": 106, "RED": 2, "GREEN": 43, "ORANGE": 57, "WHITE": 4, "SEC(IN HAC": 67.263, "IND(IN HAC": 6.046948, "AREA(%AGE)": 8.99, "AREA(sqmtr": 237681.2 }, "geometry": { "type": "MultiPolygon", "coordinates": [ [ [ [ 8600982.716982798650861, 3291622.521518026478589 ], [ 8600871.481677751988173, 3291587.39457958843559 ], [ 8600464.594640854746103, 3292538.163713288027793 ], [ 8600304.181621992960572, 3292928.658178912475705 ], [ 8600272.567377399653196, 3293133.858044284861535 ], [ 8600258.809326509013772, 3293669.836579937953502 ], [ 8600258.809326509013772, 3294052.134759928565472 ], [ 8600252.625521712005138, 3294129.999473491683602 ], [ 8600372.386427460238338, 3294129.853111220058054 ], [ 8600392.291692573577166, 3293113.513692438136786 ], [ 8600403.415223082527518, 3292984.129469193983823 ], [ 8600457.276528686285019, 3292848.30530723836273 ], [ 8600982.716982798650861, 3291622.521518026478589 ] ] ] ] } },
{ "type": "Feature", "properties": { "SECTOR_NO": "52-A", "LANDUSE_DE": "OPEN SPACE", "ZONE": "NON-CONFORMING", "TOTAL_INDU": 106, "RED": 2, "GREEN": 43, "ORANGE": 57, "WHITE": 4, "SEC(IN HAC": 67.263, "IND(IN HAC": 6.046948, "AREA(%AGE)": 8.99, "AREA(sqmtr": 345264.3 }, "geometry": { "type": "MultiPolygon", "coordinates": [ [ [ [ 8600372.386427460238338, 3294317.196782886516303 ], [ 8600249.698276842013001, 3294246.503819304984063 ], [ 8600248.856693955138326, 3294551.083647978957742 ], [ 8600219.584245255216956, 3294652.951769445557147 ], [ 8600154.013960175216198, 3294751.30719707114622 ], [ 8600107.178042259067297, 3294808.68119651870802 ], [ 8600093.127266885712743, 3294853.175318538211286 ], [ 8600097.81085867062211, 3294911.720215934328735 ], [ 8600132.937797112390399, 3295019.735551628284156 ], [ 8600182.115510920062661, 3295159.365131915546954 ], [ 8600196.166286299005151, 3295207.371947780717164 ], [ 8600212.558857571333647, 3295348.17242601653561 ], [ 8600286.325428288429976, 3295265.038671715185046 ], [ 8600695.846985569223762, 3294883.911389669869095 ], [ 8600701.994199775159359, 3294858.883446027524769 ], [ 8600686.479801980778575, 3294817.170206640847027 ], [ 8600686.479801980778575, 3294758.478947001043707 ], [ 8600721.606740422546864, 3294685.883274231571704 ], [ 8600814.693127281963825, 3294604.213142365217209 ], [ 8600929.441126171499491, 3294537.471959335263819 ], [ 8600982.131533833220601, 3294524.592081908602268 ], [ 8601054.727206602692604, 3294462.534490669611841 ], [ 8601100.097219759598374, 3294524.749077839776874 ], [ 8601287.735898233950138, 3294380.571634316816926 ], [ 8601287.735898233950138, 3294380.571634316816926 ], [ 8601407.433668110519648, 3294287.384428002405912 ], [ 8601676.531559906899929, 3294062.713074947241694 ], [ 8601733.33406300470233, 3294018.286536206956953 ], [ 8601796.165882080793381, 3293974.494662306737155 ], [ 8602090.499507335945964, 3293531.804404846392572 ], [ 8602016.423902899026871, 3293433.101570654660463 ], [ 8601719.504516530781984, 3293914.846975535154343 ], [ 8601414.192876612767577, 3294168.053656769916415 ], [ 8601130.835573218762875, 3294346.030144853051752 ], [ 8601101.56312452442944, 3294298.023328986950219 ], [ 8600926.221156824380159, 3294418.040368648245931 ], [ 8600777.517117442563176, 3294487.123347573913634 ], [ 8600714.288628250360489, 3294538.64285728149116 ], [ 8600639.35115958750248, 3294584.307877249550074 ], [ 8600560.022823618724942, 3294734.475539069157094 ], [ 8600562.364619510248303, 3294778.969661090988666 ], [ 8600570.560905143618584, 3294870.299701028503478 ], [ 8600474.547273419797421, 3294975.973240823950619 ], [ 8600365.653764264658093, 3295045.056219750549644 ], [ 8600372.386427460238338, 3294317.196782886516303 ] ] ] ] } },
{ "type": "Feature", "properties": { "SECTOR_NO": "52-A", "LANDUSE_DE": "OPEN SPACE", "ZONE": "NON-CONFORMING", "TOTAL_INDU": 106, "RED": 2, "GREEN": 43, "ORANGE": 57, "WHITE": 4, "SEC(IN HAC": 67.263, "IND(IN HAC": 6.046948, "AREA(%AGE)": 8.99, "AREA(sqmtr": 69368.22 }, "geometry": { "type": "MultiPolygon", "coordinates": [ [ [ [ 8602098.643945520743728, 3293516.679019646719098 ], [ 8602144.796605495736003, 3293443.853276025969535 ], [ 8602367.267215594649315, 3293123.02723830146715 ], [ 8602608.472192857414484, 3292791.077670074999332 ], [ 8602477.075488824397326, 3292780.246864016167819 ], [ 8602035.039761604741216, 3293412.934390387032181 ], [ 8602098.643945520743728, 3293516.679019646719098 ] ] ] ] } },
{ "type": "Feature", "properties": { "SECTOR_NO": "52-A", "LANDUSE_DE": "OPEN SPACE", "ZONE": "NON-CONFORMING", "TOTAL_INDU": 106, "RED": 2, "GREEN": 43, "ORANGE": 57, "WHITE": 4, "SEC(IN HAC": 67.263, "IND(IN HAC": 6.046948, "AREA(%AGE)": 8.99, "AREA(sqmtr": 81223.98 }, "geometry": { "type": "MultiPolygon", "coordinates": [ [ [ [ 8602632.182876301929355, 3292755.950731638818979 ], [ 8602789.083201320841908, 3292488.693275033030659 ], [ 8602931.932750968262553, 3292180.161665762308985 ], [ 8603037.313566274940968, 3291822.745067170355469 ], [ 8602884.987061424180865, 3291926.954984476324171 ], [ 8602840.492939407005906, 3292090.880697183310986 ], [ 8602716.377756925299764, 3292390.630571851041168 ], [ 8602543.816671852022409, 3292690.673170998692513 ], [ 8602621.095936413854361, 3292753.901660188101232 ], [ 8602632.182876301929355, 3292755.950731638818979 ] ] ] ] } },
{ "type": "Feature", "properties": { "SECTOR_NO": "74", "LANDUSE_DE": "OPEN SPACE", "ZONE": "NON-CONFORMING", "TOTAL_INDU": 2, "RED": 0, "GREEN": 2, "ORANGE": 0, "WHITE": 0, "SEC(IN HAC": 2.22, "IND(IN HAC": 0.146769, "AREA(%AGE)": 6.61, "AREA(sqmtr": 17126.5 }, "geometry": { "type": "MultiPolygon", "coordinates": [ [ [ [ 8609993.833772974088788, 3293088.466012848541141 ], [ 8609929.012232504785061, 3293043.162352920975536 ], [ 8609929.012232504785061, 3293043.162352920975536 ], [ 8609881.51242720335722, 3293527.523361507803202 ], [ 8610823.013354774564505, 3293591.198479788843542 ], [ 8610742.604978734627366, 3293520.084624436683953 ], [ 8609963.496818043291569, 3293458.030830380506814 ], [ 8609993.833772974088788, 3293088.466012848541141 ], [ 8609929.012232504785061, 3293043.162352920975536 ], [ 8609929.012232504785061, 3293043.162352920975536 ], [ 8610876.481874605640769, 3293131.587681777775288 ], [ 8610823.013354774564505, 3293591.198479788843542 ], [ 8610742.604978734627366, 3293520.084624436683953 ], [ 8610781.215648643672466, 3293157.41467278636992 ], [ 8609993.833772974088788, 3293088.466012848541141 ] ] ] ] } },
{ "type": "Feature", "properties": { "SECTOR_NO": "74", "LANDUSE_DE": "OPEN SPACE", "ZONE": "NON-CONFORMING", "TOTAL_INDU": 2, "RED": 0, "GREEN": 2, "ORANGE": 0, "WHITE": 0, "SEC(IN HAC": 2.22, "IND(IN HAC": 0.146769, "AREA(%AGE)": 6.61, "AREA(sqmtr": 43081.29 }, "geometry": { "type": "MultiPolygon", "coordinates": [ [ [ [ 8609770.440552501007915, 3294620.481070109643042 ], [ 8609767.857932547107339, 3294681.175460293889046 ], [ 8610685.723188228905201, 3294669.454185309354216 ], [ 8610689.793945396319032, 3294608.484305864199996 ], [ 8609770.440552501007915, 3294620.481070109643042 ] ] ] ] } },
{ "type": "Feature", "properties": { "SECTOR_NO": "116", "LANDUSE_DE": "OPEN SPACE", "ZONE": "NON-CONFORMING", "TOTAL_INDU": 6, "RED": 0, "GREEN": 5, "ORANGE": 1, "WHITE": 0, "SEC(IN HAC": 31.238, "IND(IN HAC": 0.369668, "AREA(%AGE)": 1.18, "AREA(sqmtr": 76312.08 }, "geometry": { "type": "MultiPolygon", "coordinates": [ [ [ [ 8613146.463918792083859, 3288617.575910408981144 ], [ 8613028.132557651028037, 3288702.984780685976148 ], [ 8612772.681607624515891, 3288749.524427454452962 ], [ 8612713.731388380751014, 3288742.284926845226437 ], [ 8612602.294789738953114, 3288640.931918332818896 ], [ 8612608.241522381082177, 3288726.771711258217692 ], [ 8612638.75084637477994, 3288884.036934292409569 ], [ 8613203.000971162691712, 3288878.19793230574578 ], [ 8613146.463918792083859, 3288617.575910408981144 ] ] ] ] } },
{ "type": "Feature", "properties": { "SECTOR_NO": "116", "LANDUSE_DE": "OPEN SPACE", "ZONE": "NON-CONFORMING", "TOTAL_INDU": 6, "RED": 0, "GREEN": 5, "ORANGE": 1, "WHITE": 0, "SEC(IN HAC": 31.238, "IND(IN HAC": 0.369668, "AREA(%AGE)": 1.18, "AREA(sqmtr": 5506.95 }, "geometry": { "type": "MultiPolygon", "coordinates": [ [ [ [ 8613146.463918792083859, 3288617.575910408981144 ], [ 8613209.895733645185828, 3288566.554668028373271 ], [ 8613220.927353616803885, 3288332.822219820227474 ], [ 8613146.463918792083859, 3288617.575910408981144 ] ] ] ] } },
{ "type": "Feature", "properties": { "SECTOR_NO": "116", "LANDUSE_DE": "OPEN SPACE", "ZONE": "NON-CONFORMING", "TOTAL_INDU": 6, "RED": 0, "GREEN": 5, "ORANGE": 1, "WHITE": 0, "SEC(IN HAC": 31.238, "IND(IN HAC": 0.369668, "AREA(%AGE)": 1.18, "AREA(sqmtr": 241237.3 }, "geometry": { "type": "MultiPolygon", "coordinates": [ [ [ [ 8612511.283924948424101, 3288368.933538338169456 ], [ 8612627.115934677422047, 3288180.189415337052196 ], [ 8612664.347652090713382, 3288130.547125453595072 ], [ 8612740.87951566465199, 3288040.570475038141012 ], [ 8612877.395812848582864, 3288050.91261876327917 ], [ 8612879.464241590350866, 3288057.117904998827726 ], [ 8612919.798602122813463, 3288062.288976862560958 ], [ 8612948.756604559719563, 3288030.228331312071532 ], [ 8613043.042481530457735, 3288033.589528016280383 ], [ 8613038.905624039471149, 3287510.966531726997346 ], [ 8612571.009804969653487, 3287512.79795302124694 ], [ 8612515.420782439410686, 3287563.991564466618001 ], [ 8612511.283924948424101, 3288368.933538338169456 ] ] ] ] } },
{ "type": "Feature", "properties": { "SECTOR_NO": "145-A", "LANDUSE_DE": "PUBLIC AND SEMI-PUBLIC USES", "ZONE": "NON-CONFORMING", "TOTAL_INDU": 43, "RED": 2, "GREEN": 38, "ORANGE": 2, "WHITE": 1, "SEC(IN HAC": 137.534, "IND(IN HAC": 17.325885, "AREA(%AGE)": 12.6, "AREA(sqmtr": 1096258.0 }, "geometry": { "type": "MultiPolygon", "coordinates": [ [ [ [ 8604347.697246447205544, 3284530.995160793419927 ], [ 8604356.10830438695848, 3282134.89502802491188 ], [ 8604267.792195940390229, 3282133.493185036350042 ], [ 8604215.924005264416337, 3282176.950317762326449 ], [ 8603923.289280844852328, 3282262.813200975768268 ], [ 8603633.20325898565352, 3282396.780000531114638 ], [ 8603603.374011546373367, 3282565.918180161621422 ], [ 8603600.835352189838886, 3282851.517357774078846 ], [ 8603698.573737418279052, 3283459.843606088776141 ], [ 8603768.386869722977281, 3283886.338377989828587 ], [ 8603812.193223791196942, 3284012.313254038803279 ], [ 8603918.733291124925017, 3284266.046835452318192 ], [ 8604070.082774167880416, 3284506.457968695089221 ], [ 8604347.697246447205544, 3284530.995160793419927 ] ] ] ] } },
{ "type": "Feature", "properties": { "SECTOR_NO": "51-A", "LANDUSE_DE": "PUBLIC AND SEMI-PUBLIC USES", "ZONE": "NON-CONFORMING", "TOTAL_INDU": 182, "RED": 1, "GREEN": 175, "ORANGE": 1, "WHITE": 5, "SEC(IN HAC": 211.343, "IND(IN HAC": 15.779239, "AREA(%AGE)": 7.47, "AREA(sqmtr": 1629957.0 }, "geometry": { "type": "MultiPolygon", "coordinates": [ [ [ [ 8601193.807928334921598, 3295178.465404728893191 ], [ 8600435.066058102995157, 3295173.78181293932721 ], [ 8600207.911856211721897, 3295382.201647663954645 ], [ 8600247.722386438399553, 3296098.791191775351763 ], [ 8600278.165733084082603, 3296267.985945245716721 ], [ 8600355.444997644051909, 3296786.108287184033543 ], [ 8600374.179364807903767, 3296981.062795509118587 ], [ 8600325.001651000231504, 3297273.787282484117895 ], [ 8600285.191120767965913, 3297536.653871784452349 ], [ 8600198.544672625139356, 3297759.709930857643485 ], [ 8600189.177489042282104, 3297804.789501851424575 ], [ 8599913.431022316217422, 3298093.415846007410437 ], [ 8600252.991427201777697, 3298351.013394542969763 ], [ 8600416.91713990457356, 3298479.812168813776225 ], [ 8600618.311586948111653, 3298510.255515456665307 ], [ 8600803.31346271187067, 3298528.98988262237981 ], [ 8600847.807584730908275, 3298615.636330767069012 ], [ 8600901.668890334665775, 3298690.57379943318665 ], [ 8600871.22554369084537, 3298327.595435583498329 ], [ 8600854.832972420379519, 3297797.764114163350314 ], [ 8600847.807584730908275, 3296798.988164611626416 ], [ 8600854.832972420379519, 3295907.934826266951859 ], [ 8600889.959910860285163, 3295712.980317942798138 ], [ 8600992.41348129697144, 3295503.389585270080715 ], [ 8601193.807928334921598, 3295178.465404728893191 ] ] ] ] } },
{ "type": "Feature", "properties": { "SECTOR_NO": "20-A", "LANDUSE_DE": "PUBLIC AND SEMI-PUBLIC USES", "ZONE": "NON-CONFORMING", "TOTAL_INDU": 19, "RED": 0, "GREEN": 15, "ORANGE": 4, "WHITE": 0, "SEC(IN HAC": 48.387, "IND(IN HAC": 3.050503, "AREA(%AGE)": 6.3, "AREA(sqmtr": 380426.3 }, "geometry": { "type": "MultiPolygon", "coordinates": [ [ [ [ 8605825.018280932679772, 3301406.419928620103747 ], [ 8605975.671847123652697, 3301438.787835416384041 ], [ 8606132.273914044722915, 3298999.873480434995145 ], [ 8606140.127479439601302, 3298853.079746118746698 ], [ 8606152.731967097148299, 3298592.264041356276721 ], [ 8605962.404203332960606, 3298584.119370833039284 ], [ 8605825.018280932679772, 3301406.419928620103747 ] ] ] ] } },
{ "type": "Feature", "properties": { "SECTOR_NO": "20-B", "LANDUSE_DE": "PUBLIC AND SEMI-PUBLIC USES", "ZONE": "NON-CONFORMING", "TOTAL_INDU": 18, "RED": 0, "GREEN": 13, "ORANGE": 3, "WHITE": 2, "SEC(IN HAC": 37.462, "IND(IN HAC": 1.460728, "AREA(%AGE)": 3.9, "AREA(sqmtr": 306334.1 }, "geometry": { "type": "MultiPolygon", "coordinates": [ [ [ [ 8606184.101801205426455, 3298540.040231987368315 ], [ 8606318.755065208300948, 3296764.080769522115588 ], [ 8606079.875880436971784, 3296768.130617996212095 ], [ 8605974.511068530380726, 3298534.478466735221446 ], [ 8606184.101801205426455, 3298540.040231987368315 ] ] ] ] } },
{ "type": "Feature", "properties": { "SECTOR_NO": "158", "LANDUSE_DE": "PUBLIC AND SEMI-PUBLIC USES", "ZONE": "NON-CONFORMING", "TOTAL_INDU": 147, "RED": 0, "GREEN": 140, "ORANGE": 2, "WHITE": 5, "SEC(IN HAC": 159.898, "IND(IN HAC": 18.985485, "AREA(%AGE)": 11.87, "AREA(sqmtr": 1233197.0 }, "geometry": { "type": "MultiPolygon", "coordinates": [ [ [ [ 8599784.200479503720999, 3298009.913380799349397 ], [ 8600074.579267585650086, 3297699.847895217128098 ], [ 8600104.109313836321235, 3297597.723151951096952 ], [ 8600160.708569137379527, 3297403.932223461568356 ], [ 8600209.92531288228929, 3297017.273180430755019 ], [ 8600224.690336007624865, 3296937.911181144881994 ], [ 8600181.625685231760144, 3296678.29285790072754 ], [ 8600138.561034455895424, 3296383.915209386963397 ], [ 8600095.496383680030704, 3296393.758558134548366 ], [ 8600057.35340727865696, 3296446.666557661257684 ], [ 8600062.275081653147936, 3296519.261254680808634 ], [ 8599985.989128852263093, 3296734.58450855826959 ], [ 8599985.989128852263093, 3296734.58450855826959 ], [ 8599862.947269493713975, 3296821.944228700362146 ], [ 8599855.564757930114865, 3296850.243856353219599 ], [ 8599746.0575031042099, 3296849.013437760062516 ], [ 8599651.315271396189928, 3296753.040787460748106 ], [ 8599479.056668298318982, 3296645.994369820691645 ], [ 8599587.333504531532526, 3296527.874184835702181 ], [ 8599677.154061865061522, 3296508.187487339135259 ], [ 8599782.970060911029577, 3296524.182929055765271 ], [ 8599739.905410135164857, 3296483.579115466214716 ], [ 8599769.435456378385425, 3296381.454372200649232 ], [ 8599906.011920269578695, 3296253.183233821298927 ], [ 8600037.666709784418344, 3296374.994674584362656 ], [ 8600095.496383680030704, 3296393.758558134548366 ], [ 8600138.561034455895424, 3296383.915209386963397 ], [ 8600083.192197741940618, 3296035.706747406162322 ], [ 8600085.653034929186106, 3295646.586867188103497 ], [ 8600075.809686180204153, 3295518.623333455529064 ], [ 8599949.076571045443416, 3295620.748076723888516 ], [ 8599890.01647855527699, 3295694.573192336130887 ], [ 8599830.956386061385274, 3295735.177005924284458 ], [ 8599679.614899046719074, 3295836.07133060041815 ], [ 8599570.107644224539399, 3295896.36184168420732 ], [ 8599506.433482006192207, 3295944.655771479941905 ], [ 8599423.995436236262321, 3296036.937166002113372 ], [ 8599303.414414064958692, 3296172.283211291767657 ], [ 8599142.537182956933975, 3296406.677953368518502 ], [ 8599009.651974847540259, 3296557.096626434009522 ], [ 8598985.043602978810668, 3296607.543788770679384 ], [ 8598976.430672822520137, 3296692.442671727389097 ], [ 8599140.076345769688487, 3296858.856786507181823 ], [ 8599379.700366865843534, 3297111.400202839635313 ], [ 8599399.387064365670085, 3297251.052713212557137 ], [ 8599257.888926101848483, 3297398.702944437973201 ], [ 8599367.396180929616094, 3297504.826548134442419 ], [ 8599430.147529205307364, 3297626.637988900300115 ], [ 8599455.986319668591022, 3297683.852453501429409 ], [ 8599736.521759005263448, 3297975.461660179309547 ], [ 8599784.200479503720999, 3298009.913380799349397 ] ] ] ] } },
{ "type": "Feature", "properties": { "SECTOR_NO": "87", "LANDUSE_DE": "PUBLIC AND SEMI-PUBLIC USES", "ZONE": "NON-CONFORMING", "TOTAL_INDU": 380, "RED": 0, "GREEN": 338, "ORANGE": 8, "WHITE": 34, "SEC(IN HAC": 97.236, "IND(IN HAC": 17.201494, "AREA(%AGE)": 17.69, "AREA(sqmtr": 310923.1 }, "geometry": { "type": "MultiPolygon", "coordinates": [ [ [ [ 8608315.476215314120054, 3303126.569343617651612 ], [ 8608460.613658899441361, 3303096.574434336274862 ], [ 8608584.02721406519413, 3303088.303411829750985 ], [ 8608661.248553881421685, 3303143.461511703208089 ], [ 8608830.603850711137056, 3303203.615621902514249 ], [ 8610353.568005576729774, 3303202.411730940453708 ], [ 8610385.283913003280759, 3302801.13655437156558 ], [ 8609899.892634132876992, 3302951.442376522347331 ], [ 8609613.070514798164368, 3303003.842571398708969 ], [ 8609260.058675620704889, 3303024.526858851779252 ], [ 8608344.434217743575573, 3303042.453241312876344 ], [ 8608315.476215314120054, 3303126.569343617651612 ] ] ] ] } },
{ "type": "Feature", "properties": { "SECTOR_NO": "87", "LANDUSE_DE": "PUBLIC AND SEMI-PUBLIC USES", "ZONE": "NON-CONFORMING", "TOTAL_INDU": 380, "RED": 0, "GREEN": 338, "ORANGE": 8, "WHITE": 34, "SEC(IN HAC": 97.236, "IND(IN HAC": 17.201494, "AREA(%AGE)": 17.69, "AREA(sqmtr": 242460.8 }, "geometry": { "type": "MultiPolygon", "coordinates": [ [ [ [ 8608360.636909583583474, 3302998.671499540098011 ], [ 8609144.916142139583826, 3302990.397784556727856 ], [ 8609728.902524527162313, 3302947.650257155299187 ], [ 8609872.364077672362328, 3302900.750389228574932 ], [ 8610158.436400681734085, 3302825.079645721707493 ], [ 8610381.147055514156818, 3302754.252169480547309 ], [ 8610396.315532982349396, 3302538.446103733498603 ], [ 8610415.620867935940623, 3302461.224763910286129 ], [ 8610452.852585349231958, 3302423.993046496994793 ], [ 8610539.72659264691174, 3302353.66646916186437 ], [ 8610554.895070109516382, 3302321.950561734382063 ], [ 8610550.758212624117732, 3302006.170439967885613 ], [ 8610197.19458637945354, 3302047.147489929571748 ], [ 8610158.436400681734085, 3302825.079645721707493 ], [ 8609872.364077672362328, 3302900.750389228574932 ], [ 8608375.55985857732594, 3302933.971691254992038 ], [ 8608360.636909583583474, 3302998.671499540098011 ] ] ] ] } },
{ "type": "Feature", "properties": { "SECTOR_NO": "87", "LANDUSE_DE": "PUBLIC AND SEMI-PUBLIC USES", "ZONE": "NON-CONFORMING", "TOTAL_INDU": 380, "RED": 0, "GREEN": 338, "ORANGE": 8, "WHITE": 34, "SEC(IN HAC": 97.236, "IND(IN HAC": 17.201494, "AREA(%AGE)": 17.69, "AREA(sqmtr": 222038.1 }, "geometry": { "type": "MultiPolygon", "coordinates": [ [ [ [ 8610191.671040432527661, 3302022.996819845866412 ], [ 8610551.526004223152995, 3301981.743605301715434 ], [ 8610553.171379489824176, 3301743.824727451428771 ], [ 8610543.518712013959885, 3301714.866725019179285 ], [ 8610475.95003966987133, 3301654.192815159447491 ], [ 8610462.160514701157808, 3301597.655762790236622 ], [ 8610483.221859445795417, 3300911.465299665927887 ], [ 8610269.139484316110611, 3300913.016621225047857 ], [ 8610191.671040432527661, 3302022.996819845866412 ] ] ] ] } },
{ "type": "Feature", "properties": { "SECTOR_NO": "88", "LANDUSE_DE": "PUBLIC AND SEMI-PUBLIC USES", "ZONE": "NON-CONFORMING", "TOTAL_INDU": 21, "RED": 0, "GREEN": 16, "ORANGE": 0, "WHITE": 5, "SEC(IN HAC": 48.25, "IND(IN HAC": 0.648623, "AREA(%AGE)": 1.34, "AREA(sqmtr": 371784.9 }, "geometry": { "type": "MultiPolygon", "coordinates": [ [ [ [ 8610652.283590205013752, 3302723.915214548353106 ], [ 8610413.035332001745701, 3302788.725981896743178 ], [ 8610384.077329570427537, 3303206.203850302379578 ], [ 8611857.488072400912642, 3303202.066992811392993 ], [ 8611867.830216130241752, 3302899.042181643191725 ], [ 8610644.009875223040581, 3302897.663229145109653 ], [ 8610652.283590205013752, 3302723.915214548353106 ] ] ] ] } },
{ "type": "Feature", "properties": { "SECTOR_NO": "88", "LANDUSE_DE": "PUBLIC AND SEMI-PUBLIC USES", "ZONE": "NON-CONFORMING", "TOTAL_INDU": 21, "RED": 0, "GREEN": 16, "ORANGE": 0, "WHITE": 5, "SEC(IN HAC": 48.25, "IND(IN HAC": 0.648623, "AREA(%AGE)": 1.34, "AREA(sqmtr": 85517.24 }, "geometry": { "type": "MultiPolygon", "coordinates": [ [ [ [ 8610651.594113957136869, 3302679.44399652723223 ], [ 8610698.478498846292496, 3301980.315080648753792 ], [ 8610577.130679121240973, 3301991.001962497830391 ], [ 8610581.267536612227559, 3302301.955750527326018 ], [ 8610571.614869134500623, 3302347.461182923056185 ], [ 8610539.898961707949638, 3302413.650902768131346 ], [ 8610491.635624323040247, 3302441.22995270229876 ], [ 8610446.13019192405045, 3302475.703765123616904 ], [ 8610432.340666955336928, 3302514.314435034058988 ], [ 8610419.930094487965107, 3302740.462644509505481 ], [ 8610651.594113957136869, 3302679.44399652723223 ] ] ] ] } },
{ "type": "Feature", "properties": { "SECTOR_NO": "88", "LANDUSE_DE": "PUBLIC AND SEMI-PUBLIC USES", "ZONE": "NON-CONFORMING", "TOTAL_INDU": 21, "RED": 0, "GREEN": 16, "ORANGE": 0, "WHITE": 5, "SEC(IN HAC": 48.25, "IND(IN HAC": 0.648623, "AREA(%AGE)": 1.34, "AREA(sqmtr": 149460.0 }, "geometry": { "type": "MultiPolygon", "coordinates": [ [ [ [ 8610706.407475706189871, 3301864.48307091742754 ], [ 8610749.273506792262197, 3300914.567942784167826 ], [ 8610525.107541529461741, 3300916.894925121217966 ], [ 8610491.980362441390753, 3301598.000500911846757 ], [ 8610523.696269867941737, 3301650.400695791002363 ], [ 8610589.541251588612795, 3301704.524581290315837 ], [ 8610586.783346597105265, 3301885.167358370963484 ], [ 8610706.407475706189871, 3301864.48307091742754 ] ] ] ] } },
{ "type": "Feature", "properties": { "SECTOR_NO": "68", "LANDUSE_DE": "PUBLIC UTILITIES", "ZONE": "NON-CONFORMING", "TOTAL_INDU": 2, "RED": 1, "GREEN": 1, "ORANGE": 0, "WHITE": 0, "SEC(IN HAC": 19.564, "IND(IN HAC": 0.164638, "AREA(%AGE)": 0.84, "AREA(sqmtr": 151027.6 }, "geometry": { "type": "MultiPolygon", "coordinates": [ [ [ [ 8612702.628969041630626, 3290503.365906938910484 ], [ 8612639.877620765939355, 3290178.533448653295636 ], [ 8612449.777948059141636, 3290185.916004524100572 ], [ 8612449.777948059141636, 3290071.486388584133238 ], [ 8612004.981626484543085, 3290073.332027549855411 ], [ 8612008.672882260754704, 3290294.808703585062176 ], [ 8612322.429623622447252, 3290292.963064617477357 ], [ 8612326.120879404246807, 3290503.365906938910484 ], [ 8612702.628969041630626, 3290503.365906938910484 ] ] ] ] } },
{ "type": "Feature", "properties": { "SECTOR_NO": "91", "LANDUSE_DE": "RESIDENTIAL", "ZONE": "NON-CONFORMING", "TOTAL_INDU": 325, "RED": 0, "GREEN": 289, "ORANGE": 0, "WHITE": 36, "SEC(IN HAC": 587.523, "IND(IN HAC": 31.339391, "AREA(%AGE)": 5.33, "AREA(sqmtr": 4522121.0 }, "geometry": { "type": "MultiPolygon", "coordinates": [ [ [ [ 8607080.41492754034698, 3310562.956662496551871 ], [ 8607853.531337210908532, 3310788.653384084347636 ], [ 8608206.795771000906825, 3311366.212696474045515 ], [ 8608332.96164021268487, 3311489.574879704043269 ], [ 8608453.520137457177043, 3311526.022797476965934 ], [ 8608548.845460860058665, 3311781.15822188090533 ], [ 8608677.11409455537796, 3312001.247571503743529 ], [ 8608761.224674033001065, 3312222.738764121662825 ], [ 8608817.298393683508039, 3312368.530435208696872 ], [ 8608862.157369401305914, 3312522.733164245728403 ], [ 8608943.464262893423438, 3312651.702719437889755 ], [ 8609143.927810641005635, 3312741.420670878142118 ], [ 8609244.860506009310484, 3312932.071317683905363 ], [ 8609413.081664958968759, 3313038.611385016702116 ], [ 8609822.41981839761138, 3312533.947908171918243 ], [ 8609621.956270651891828, 3311936.7627939064987 ], [ 8608796.270748816430569, 3309292.886912434361875 ], [ 8608538.331638423725963, 3309486.341245227959007 ], [ 8608061.705021403729916, 3308620.002276642713696 ], [ 8607346.765095872804523, 3307634.506653803400695 ], [ 8607349.568781858310103, 3308291.270095196552575 ], [ 8607257.047144435346127, 3309306.90534234745428 ], [ 8607200.973424790427089, 3309646.852267722599208 ], [ 8607080.41492754034698, 3310562.956662496551871 ] ] ] ] } },
{ "type": "Feature", "properties": { "SECTOR_NO": "37", "LANDUSE_DE": "RESIDENTIAL", "ZONE": "NON-CONFORMING", "TOTAL_INDU": 26, "RED": 1, "GREEN": 20, "ORANGE": 0, "WHITE": 5, "SEC(IN HAC": 111.962, "IND(IN HAC": 1.731716, "AREA(%AGE)": 1.55, "AREA(sqmtr": 885070.3 }, "geometry": { "type": "MultiPolygon", "coordinates": [ [ [ [ 8605604.994259849190712, 3310484.185851647984236 ], [ 8605591.808026595041156, 3310546.238714003469795 ], [ 8605685.653964871540666, 3310541.508934735320508 ], [ 8605814.623520061373711, 3310533.097847512923181 ], [ 8606032.577264515683055, 3310466.927399306092411 ], [ 8606634.490029368549585, 3309849.501418864354491 ], [ 8606779.544375544413924, 3308870.932172071188688 ], [ 8606777.927870346233249, 3308594.713229807559401 ], [ 8606166.110965417698026, 3308864.763118861243129 ], [ 8606148.816348550841212, 3308988.364096282515675 ], [ 8605964.446212781593204, 3309555.754462473094463 ], [ 8605604.994259849190712, 3310484.185851647984236 ] ] ] ] } },
{ "type": "Feature", "properties": { "SECTOR_NO": "146", "LANDUSE_DE": "RESIDENTIAL", "ZONE": "NON-CONFORMING", "TOTAL_INDU": 75, "RED": 1, "GREEN": 63, "ORANGE": 5, "WHITE": 6, "SEC(IN HAC": 168.54, "IND(IN HAC": 10.297605, "AREA(%AGE)": 6.11, "AREA(sqmtr": 1357324.0 }, "geometry": { "type": "MultiPolygon", "coordinates": [ [ [ [ 8603492.866049023345113, 3282825.052967731840909 ], [ 8603158.721047140657902, 3283000.687659917399287 ], [ 8602743.345000125467777, 3283142.366311611607671 ], [ 8602552.488634619861841, 3283131.828230079263449 ], [ 8602544.292348988354206, 3283531.982603771612048 ], [ 8602544.292348988354206, 3284039.566864182706922 ], [ 8602515.605349265038967, 3284094.891792221926153 ], [ 8602298.550142168998718, 3284488.898951687384397 ], [ 8602314.064539980143309, 3284505.876971933990717 ], [ 8602520.7280277851969, 3284324.973238984588534 ], [ 8602754.907617365941405, 3284262.915647744666785 ], [ 8602861.459330620244145, 3284430.354054292198271 ], [ 8602841.554065506905317, 3284776.061673410236835 ], [ 8602573.418435441330075, 3284964.576243021991104 ], [ 8602313.479091009125113, 3284504.413349498994648 ], [ 8602298.257417686283588, 3284489.191676176153123 ], [ 8602154.236970091238618, 3284742.105632921680808 ], [ 8602149.55337830632925, 3285083.12966024549678 ], [ 8602435.252477586269379, 3285081.958762296009809 ], [ 8602589.811006708070636, 3285030.439252589363605 ], [ 8602795.889045540243387, 3284882.906111155636609 ], [ 8603008.992472058162093, 3284763.181795982178301 ], [ 8604073.660657348111272, 3284760.271861482877284 ], [ 8603862.317265914753079, 3284298.870523429010063 ], [ 8603760.136226814240217, 3284068.487186822108924 ], [ 8603509.258620288223028, 3284060.350302757229656 ], [ 8603076.026379570364952, 3284184.465485237073153 ], [ 8603083.051767254248261, 3283632.972551778890193 ], [ 8603380.459846021607518, 3283354.298840179573745 ], [ 8603539.701966937631369, 3283274.677779724821448 ], [ 8603492.866049023345113, 3282825.052967731840909 ] ] ] ] } },
{ "type": "Feature", "properties": { "SECTOR_NO": "39", "LANDUSE_DE": "RESIDENTIAL", "ZONE": "NON-CONFORMING", "TOTAL_INDU": 136, "RED": 0, "GREEN": 115, "ORANGE": 3, "WHITE": 18, "SEC(IN HAC": 267.442, "IND(IN HAC": 5.26498, "AREA(%AGE)": 1.97, "AREA(sqmtr": 2062026.0 }, "geometry": { "type": "MultiPolygon", "coordinates": [ [ [ [ 8604984.523701153695583, 3310955.587098296266049 ], [ 8604900.578106893226504, 3311037.107210980262607 ], [ 8604860.767576666548848, 3311037.107210980262607 ], [ 8604806.906271066516638, 3310987.929497171659023 ], [ 8604776.462924417108297, 3310983.245905380696058 ], [ 8604740.165088031440973, 3310999.638476649764925 ], [ 8604712.06353728659451, 3310987.929497171659023 ], [ 8604696.841863963752985, 3310949.289864890743047 ], [ 8604631.271578878164291, 3310606.802215130534023 ], [ 8604575.36120186932385, 3310325.493983152322471 ], [ 8604537.892467534169555, 3309894.896262811962515 ], [ 8604514.474508579820395, 3309490.351021815091372 ], [ 8604506.278222940862179, 3309175.964922808576375 ], [ 8604557.797732647508383, 3308981.595863458234817 ], [ 8603984.204100430011749, 3308937.687190409749746 ], [ 8603822.766545865684748, 3308928.905455800704658 ], [ 8603663.524424949660897, 3308917.196476321201771 ], [ 8603598.674935450777411, 3308813.776124726515263 ], [ 8603598.674935450777411, 3308813.776124726515263 ], [ 8603547.02007913403213, 3309058.58240353083238 ], [ 8603552.91094946116209, 3309207.423970313742757 ], [ 8603554.462271017953753, 3309292.74665605975315 ], [ 8603557.564914137125015, 3309362.556126213632524 ], [ 8603599.450596231967211, 3309465.719009884633124 ], [ 8603695.632532889023423, 3309654.980240079574287 ], [ 8603737.518214978277683, 3309790.333046100102365 ], [ 8603768.544646162539721, 3309924.134530563373119 ], [ 8603784.057861749082804, 3310112.232269588857889 ], [ 8603810.430328251793981, 3310248.748566777445376 ], [ 8603824.392222281545401, 3310421.333090215921402 ], [ 8603830.597508521750569, 3310509.758419077843428 ], [ 8603836.802794760093093, 3310556.298065844457597 ], [ 8603829.046186959370971, 3310630.761500678025186 ], [ 8603759.236716810613871, 3310717.635507978498936 ], [ 8603670.811387943103909, 3310775.034405659884214 ], [ 8603571.526808172464371, 3310833.984624901320785 ], [ 8603540.500376988202333, 3310860.357091405894607 ], [ 8603530.334783373400569, 3310937.288160923402756 ], [ 8603532.676579272374511, 3311034.765415085479617 ], [ 8603515.113110050559044, 3311217.42549495678395 ], [ 8603549.069150542840362, 3311327.489902058616281 ], [ 8603608.784945882856846, 3311451.019635560922325 ], [ 8603697.773189924657345, 3311671.148449765983969 ], [ 8603857.01531083509326, 3311703.933592305518687 ], [ 8604345.865204086527228, 3311671.733898738399148 ], [ 8604784.659210056066513, 3311508.979083981364965 ], [ 8604940.388637125492096, 3311446.92149274609983 ], [ 8604984.523701153695583, 3310955.587098296266049 ] ] ] ] } },
{ "type": "Feature", "properties": { "SECTOR_NO": "21-D", "LANDUSE_DE": "RESIDENTIAL", "ZONE": "NON-CONFORMING", "TOTAL_INDU": 88, "RED": 0, "GREEN": 86, "ORANGE": 0, "WHITE": 2, "SEC(IN HAC": 87.548, "IND(IN HAC": 8.50019, "AREA(%AGE)": 9.71, "AREA(sqmtr": 676817.8 }, "geometry": { "type": "MultiPolygon", "coordinates": [ [ [ [ 8604391.94507415778935, 3302837.271808457560837 ], [ 8604326.911293564364314, 3301997.701872122939676 ], [ 8604287.100763337686658, 3301673.948589529842138 ], [ 8604212.125654419884086, 3300946.830583957023919 ], [ 8603930.562338203191757, 3301029.954718188382685 ], [ 8603641.350545074790716, 3301204.418512426316738 ], [ 8603354.773272328078747, 3301318.288337857928127 ], [ 8603373.507639491930604, 3301385.029520886484534 ], [ 8603525.724372720345855, 3301668.972273250576109 ], [ 8603802.056288424879313, 3301991.261933408677578 ], [ 8604011.354296611621976, 3302237.443226953037083 ], [ 8604184.354468412697315, 3302419.517857851926237 ], [ 8604274.51361039839685, 3302618.86323347967118 ], [ 8604265.012106329202652, 3302827.751835870090872 ], [ 8604391.94507415778935, 3302837.271808457560837 ] ] ] ] } },
{ "type": "Feature", "properties": { "SECTOR_NO": "21-C", "LANDUSE_DE": "RESIDENTIAL", "ZONE": "NON-CONFORMING", "TOTAL_INDU": 17, "RED": 0, "GREEN": 15, "ORANGE": 1, "WHITE": 1, "SEC(IN HAC": 132.401, "IND(IN HAC": 0.624456, "AREA(%AGE)": 0.47, "AREA(sqmtr": 1020131.0 }, "geometry": { "type": "MultiPolygon", "coordinates": [ [ [ [ 8605374.647247683256865, 3303837.136563529260457 ], [ 8605365.727148722857237, 3303387.641141812782735 ], [ 8605387.445650544017553, 3302976.153098295908421 ], [ 8604184.007951168343425, 3302903.240985023323447 ], [ 8604089.511734632775187, 3303162.745330275967717 ], [ 8603953.687572680413723, 3303390.484981141518801 ], [ 8603745.267737954854965, 3303591.87942817946896 ], [ 8603450.786904057487845, 3303786.248487527482212 ], [ 8603462.495883539319038, 3303835.426201338414103 ], [ 8604470.2267788015306, 3303827.828634172677994 ], [ 8604951.912122862413526, 3303829.379955729935318 ], [ 8605374.647247683256865, 3303837.136563529260457 ] ] ] ] } },
{ "type": "Feature", "properties": { "SECTOR_NO": "49", "LANDUSE_DE": "RESIDENTIAL", "ZONE": "NON-CONFORMING", "TOTAL_INDU": 1027, "RED": 1, "GREEN": 976, "ORANGE": 4, "WHITE": 46, "SEC(IN HAC": 568.626, "IND(IN HAC": 64.171305, "AREA(%AGE)": 11.29, "AREA(sqmtr": 4384400.0 }, "geometry": { "type": "MultiPolygon", "coordinates": [ [ [ [ 8600850.222561795264482, 3297163.942418733146042 ], [ 8600854.832972420379519, 3297797.764114163350314 ], [ 8600871.22554369084537, 3298327.595435583498329 ], [ 8600901.668890334665775, 3298690.57379943318665 ], [ 8601152.899681324139237, 3299123.147410046774894 ], [ 8601215.835446022450924, 3299176.423266675323248 ], [ 8601637.065982777625322, 3299527.985375530552119 ], [ 8601885.296347729861736, 3299667.322231330908835 ], [ 8601943.54852063767612, 3299684.007527088746428 ], [ 8602282.816201040521264, 3299803.731842259410769 ], [ 8602495.919627552852035, 3299883.352902713697404 ], [ 8602632.91468745842576, 3299825.978903269395232 ], [ 8602778.106032997369766, 3299797.877352519892156 ], [ 8602882.315950360149145, 3299776.80118945799768 ], [ 8602974.816888242959976, 3299722.939883856102824 ], [ 8603608.272678054869175, 3299417.335519450716674 ], [ 8603760.489411283284426, 3299344.739846684969962 ], [ 8603778.052880497649312, 3299363.474213849753141 ], [ 8603820.223045580089092, 3299340.534067236818373 ], [ 8603698.444303208962083, 3299212.550038621760905 ], [ 8603546.414790427312255, 3298988.384073351044208 ], [ 8603465.746069362387061, 3298799.122843153774738 ], [ 8603391.28263452462852, 3298696.735620262566954 ], [ 8603307.511270340532064, 3298500.493443049490452 ], [ 8603257.868980456143618, 3298320.540142209269106 ], [ 8603279.587482281029224, 3298081.636622127145529 ], [ 8603323.024485927075148, 3297817.911957102362067 ], [ 8603190.262110657989979, 3297814.668953278101981 ], [ 8602564.417157508432865, 3297235.659918043762445 ], [ 8601703.221716836094856, 3297202.87477550143376 ], [ 8601377.419362833723426, 3297185.311306285206228 ], [ 8600850.222561795264482, 3297163.942418733146042 ] ] ] ] } },
{ "type": "Feature", "properties": { "SECTOR_NO": "48", "LANDUSE_DE": "RESIDENTIAL", "ZONE": "NON-CONFORMING", "TOTAL_INDU": 1003, "RED": 0, "GREEN": 931, "ORANGE": 1, "WHITE": 71, "SEC(IN HAC": 206.515, "IND(IN HAC": 52.028152, "AREA(%AGE)": 25.19, "AREA(sqmtr": 1591919.0 }, "geometry": { "type": "MultiPolygon", "coordinates": [ [ [ [ 8602537.486504711210728, 3299912.91807589866221 ], [ 8603014.627418475225568, 3300508.319682400673628 ], [ 8603152.793376324698329, 3300749.817384152673185 ], [ 8603259.34508958645165, 3301009.171279611997306 ], [ 8603341.307945936918259, 3301289.015889157541096 ], [ 8603624.37252483703196, 3301171.633369882591069 ], [ 8603706.33538119494915, 3301125.968349915463477 ], [ 8603901.582614002749324, 3301014.44032037537545 ], [ 8604069.597986193373799, 3300955.362852533813566 ], [ 8604203.593385841697454, 3300925.887742912396789 ], [ 8604311.41023419611156, 3300899.515276410616934 ], [ 8604217.361364681273699, 3300671.955795228015631 ], [ 8604257.695725213736296, 3300609.902932866942137 ], [ 8604285.619513278827071, 3300440.711925342679024 ], [ 8604346.121054073795676, 3300084.780585154891014 ], [ 8604293.376121068373322, 3299840.059609226882458 ], [ 8604173.92436102963984, 3299641.490449676755816 ], [ 8604032.754099164158106, 3299508.076795604545623 ], [ 8603820.223045580089092, 3299340.534067236818373 ], [ 8603778.052880497649312, 3299363.474213849753141 ], [ 8603791.225482415407896, 3299378.988611659035087 ], [ 8603664.475779557600617, 3299432.264468289911747 ], [ 8603436.150679718703032, 3299521.252712330780923 ], [ 8603017.261938856914639, 3299744.016046915203333 ], [ 8602870.021521914750338, 3299816.90444417251274 ], [ 8602777.520584026351571, 3299828.613423649221659 ], [ 8602604.227687740698457, 3299862.569464137777686 ], [ 8602537.486504711210728, 3299912.91807589866221 ] ] ] ] } },
{ "type": "Feature", "properties": { "SECTOR_NO": "50", "LANDUSE_DE": "RESIDENTIAL", "ZONE": "NON-CONFORMING", "TOTAL_INDU": 513, "RED": 0, "GREEN": 489, "ORANGE": 3, "WHITE": 21, "SEC(IN HAC": 241.343, "IND(IN HAC": 45.762655, "AREA(%AGE)": 18.96, "AREA(sqmtr": 1861461.0 }, "geometry": { "type": "MultiPolygon", "coordinates": [ [ [ [ 8603323.024485927075148, 3297817.911957102362067 ], [ 8603369.564132699742913, 3297372.682669674511999 ], [ 8603369.564132699742913, 3297372.682669674511999 ], [ 8603409.89849323220551, 3297205.139941305853426 ], [ 8603440.924924410879612, 3297087.239502821583301 ], [ 8603475.053998708724976, 3297000.36549552064389 ], [ 8603565.0306491330266, 3296885.567700153682381 ], [ 8603645.699370197951794, 3296780.077834146562964 ], [ 8603731.022055944427848, 3296652.869466308504343 ], [ 8603814.793420128524303, 3296572.200745244044811 ], [ 8603866.016588842496276, 3296450.572843979578465 ], [ 8603894.55722632445395, 3296141.45578573551029 ], [ 8603848.014032896608114, 3296141.602147977799177 ], [ 8603750.829503217712045, 3296209.367866713088006 ], [ 8603684.088320188224316, 3296209.367866713088006 ], [ 8603638.423300221562386, 3296204.68427492165938 ], [ 8603463.95950598269701, 3296143.797581631690264 ], [ 8603451.079628558829427, 3296086.423582183662802 ], [ 8603392.534731160849333, 3295807.749870585743338 ], [ 8603705.164483251050115, 3295737.495993711519986 ], [ 8603771.905666280537844, 3295744.521381399128586 ], [ 8603833.963257517665625, 3295789.01550341816619 ], [ 8603860.893910320475698, 3295907.27619615662843 ], [ 8603848.014032896608114, 3296141.45578573551029 ], [ 8603894.84995080716908, 3296141.45578573551029 ], [ 8603926.464195400476456, 3295760.621228182688355 ], [ 8603945.198562569916248, 3295764.133922026492655 ], [ 8603989.692684588953853, 3295156.730611555278301 ], [ 8602877.925083069130778, 3295160.243305401410908 ], [ 8602886.121368696913123, 3295747.448626270983368 ], [ 8602614.473044788464904, 3296133.844949072226882 ], [ 8602575.833412505686283, 3296692.655994706787169 ], [ 8602537.193780228495598, 3297219.267346770036966 ], [ 8602564.417157508432865, 3297235.659918043762445 ], [ 8603190.262110657989979, 3297814.668953278101981 ], [ 8603323.024485927075148, 3297817.911957102362067 ] ] ] ] } },
{ "type": "Feature", "properties": { "SECTOR_NO": "42", "LANDUSE_DE": "RESIDENTIAL", "ZONE": "NON-CONFORMING", "TOTAL_INDU": 108, "RED": 0, "GREEN": 87, "ORANGE": 1, "WHITE": 20, "SEC(IN HAC": 122.056, "IND(IN HAC": 13.88177, "AREA(%AGE)": 11.37, "AREA(sqmtr": 939789.4 }, "geometry": { "type": "MultiPolygon", "coordinates": [ [ [ [ 8604662.881524911150336, 3308981.318853093311191 ], [ 8604703.86725165322423, 3308980.71768999658525 ], [ 8604979.738953333348036, 3308967.74478945415467 ], [ 8604984.809578072279692, 3308958.397447847761214 ], [ 8605136.81026117503643, 3307390.438594364561141 ], [ 8603920.961989326402545, 3307372.598396437708288 ], [ 8603862.011770088225603, 3307367.944431757554412 ], [ 8603984.277281600981951, 3307625.330134173855186 ], [ 8604274.659972678869963, 3308096.031109227333218 ], [ 8604475.171616273000836, 3308549.275798919145018 ], [ 8604596.174697870388627, 3308665.237085453700274 ], [ 8604662.881524911150336, 3308981.318853093311191 ] ] ] ] } },
{ "type": "Feature", "properties": { "SECTOR_NO": "41", "LANDUSE_DE": "RESIDENTIAL", "ZONE": "NON-CONFORMING", "TOTAL_INDU": 55, "RED": 0, "GREEN": 51, "ORANGE": 1, "WHITE": 3, "SEC(IN HAC": 113.559, "IND(IN HAC": 6.621803, "AREA(%AGE)": 5.83, "AREA(sqmtr": 874334.5 }, "geometry": { "type": "MultiPolygon", "coordinates": [ [ [ [ 8603598.674935450777411, 3308813.776124726515263 ], [ 8603663.524424949660897, 3308917.196476321201771 ], [ 8604557.797732647508383, 3308981.595863458234817 ], [ 8604634.125642683357, 3308981.815406804904342 ], [ 8604581.437143059447408, 3308712.940223393496126 ], [ 8604451.901792891323566, 3308567.309912043157965 ], [ 8604037.698936641216278, 3307791.067386968061328 ], [ 8603929.83052702434361, 3307575.85969587508589 ], [ 8603771.466579573228955, 3307324.409361565951258 ], [ 8603692.142059382051229, 3307238.409081582445651 ], [ 8603568.036334659904242, 3307199.626042608637363 ], [ 8603429.968715913593769, 3307227.549830669537187 ], [ 8603355.505281083285809, 3307272.538155881222337 ], [ 8603440.440136436372995, 3307438.917393079493195 ], [ 8603482.254786444827914, 3307585.519603945780545 ], [ 8603502.492998793721199, 3307825.196461266838014 ], [ 8603561.875846903771162, 3308071.734976810403168 ], [ 8603555.237931799143553, 3308202.555430486798286 ], [ 8603642.6678053047508, 3308356.848627120256424 ], [ 8603612.636829486116767, 3308483.732463050633669 ], [ 8603598.674935450777411, 3308813.776124726515263 ] ] ] ] } },
{ "type": "Feature", "properties": { "SECTOR_NO": "35", "LANDUSE_DE": "RESIDENTIAL", "ZONE": "NON-CONFORMING", "TOTAL_INDU": 2, "RED": 0, "GREEN": 2, "ORANGE": 0, "WHITE": 0, "SEC(IN HAC": 34.932, "IND(IN HAC": 0.265608, "AREA(%AGE)": 0.76, "AREA(sqmtr": 269257.0 }, "geometry": { "type": "MultiPolygon", "coordinates": [ [ [ [ 8606157.756597381085157, 3308796.813531041145325 ], [ 8606246.006846752017736, 3308413.242251595016569 ], [ 8606294.233929818496108, 3308247.23423037910834 ], [ 8606382.45234245993197, 3307881.667283035349101 ], [ 8606061.742965651676059, 3307881.464060275349766 ], [ 8606083.990026662126184, 3308044.218875032383949 ], [ 8606025.445129266008735, 3308045.389772979542613 ], [ 8605988.635024957358837, 3308055.708311160560697 ], [ 8605723.630572879686952, 3308065.323420863132924 ], [ 8605718.394587956368923, 3308165.838464761618525 ], [ 8605899.646780915558338, 3308165.187269291374832 ], [ 8605899.646780915558338, 3308400.830481302458793 ], [ 8605965.217066001147032, 3308399.659583356697112 ], [ 8605954.678984465077519, 3308462.009899079333991 ], [ 8605897.304985024034977, 3308471.377082660794258 ], [ 8605887.93780143558979, 3308583.78328566160053 ], [ 8605801.291353292763233, 3308583.78328566160053 ], [ 8605788.411475863307714, 3308813.572007933165878 ], [ 8605919.552046028897166, 3308812.401109985075891 ], [ 8606157.756597381085157, 3308796.813531041145325 ] ] ] ] } },
{ "type": "Feature", "properties": { "SECTOR_NO": "43", "LANDUSE_DE": "RESIDENTIAL", "ZONE": "NON-CONFORMING", "TOTAL_INDU": 11, "RED": 0, "GREEN": 9, "ORANGE": 0, "WHITE": 2, "SEC(IN HAC": 232.272, "IND(IN HAC": 0.541659, "AREA(%AGE)": 0.23, "AREA(sqmtr": 1800395.0 }, "geometry": { "type": "MultiPolygon", "coordinates": [ [ [ [ 8603336.814779087901115, 3307216.141866094898432 ], [ 8603409.801235588267446, 3307188.851278012152761 ], [ 8603529.1182253472507, 3307159.022030572406948 ], [ 8603699.208402236923575, 3307186.31261865561828 ], [ 8603822.986089285463095, 3307293.087841456755996 ], [ 8603902.314425256103277, 3307353.974534749053419 ], [ 8604737.829747727140784, 3307353.594707338605076 ], [ 8605157.656144620850682, 3307365.229619029443711 ], [ 8605202.64446983486414, 3306912.63155419845134 ], [ 8605058.953310433775187, 3306874.236345613840967 ], [ 8604951.912122868001461, 3306647.355567613616586 ], [ 8604759.936079941689968, 3306477.485856906045228 ], [ 8604623.419782752171159, 3306362.688061540946364 ], [ 8604508.546837775036693, 3306315.095330478623509 ], [ 8604274.367248196154833, 3306205.03092337725684 ], [ 8603993.644465189427137, 3306057.205057456623763 ], [ 8603952.66303701326251, 3306009.198241594713181 ], [ 8603839.08593606762588, 3305972.900405209045857 ], [ 8603629.787927880883217, 3305855.517885932233185 ], [ 8603540.799683840945363, 3305834.441722869407386 ], [ 8603504.501847460865974, 3305755.698835877235979 ], [ 8603468.20401107147336, 3305587.089531378354877 ], [ 8603460.300449926406145, 3305563.37884793523699 ], [ 8603380.679389467462897, 3305504.833950540516526 ], [ 8603310.425512591376901, 3305504.833950540516526 ], [ 8603271.785880314186215, 3305453.314440831076354 ], [ 8603235.488043928518891, 3305375.742451782803982 ], [ 8603241.34253367036581, 3305217.671228818129748 ], [ 8603142.987106047570705, 3305157.662708987481892 ], [ 8602962.961546560749412, 3305035.596597922034562 ], [ 8602946.568975290283561, 3305184.300637303385884 ], [ 8602932.518199911341071, 3305286.168758769053966 ], [ 8602880.998690204694867, 3305392.720472029410303 ], [ 8602945.39807734079659, 3305590.894949710927904 ], [ 8603012.139260370284319, 3305683.688612079713494 ], [ 8603049.607994697988033, 3305761.260601129382849 ], [ 8603064.829668026417494, 3305859.616028750315309 ], [ 8603130.399953106418252, 3305999.245609037112445 ], [ 8603243.684329561889172, 3306217.618076318409294 ], [ 8603353.748736664652824, 3306406.132645929697901 ], [ 8603361.945022298023105, 3306480.191941133700311 ], [ 8603411.122736113145947, 3306620.699694879353046 ], [ 8603401.755552530288696, 3306720.811469424981624 ], [ 8603329.159879760816693, 3306942.111181575804949 ], [ 8603322.134492071345448, 3307082.033486351370811 ], [ 8603336.814779087901115, 3307216.141866094898432 ] ] ] ] } },
{ "type": "Feature", "properties": { "SECTOR_NO": "21-B", "LANDUSE_DE": "RESIDENTIAL", "ZONE": "NON-CONFORMING", "TOTAL_INDU": 23, "RED": 0, "GREEN": 22, "ORANGE": 0, "WHITE": 1, "SEC(IN HAC": 88.358, "IND(IN HAC": 1.649626, "AREA(%AGE)": 1.87, "AREA(sqmtr": 680979.9 }, "geometry": { "type": "MultiPolygon", "coordinates": [ [ [ [ 8604324.596467444673181, 3300922.785099792294204 ], [ 8604249.357371838763356, 3300938.298315383028239 ], [ 8604296.760671442374587, 3301455.85445442982018 ], [ 8604339.825322223827243, 3301805.908544305711985 ], [ 8604343.516578, 3301888.346590072847903 ], [ 8605594.544683018699288, 3302019.078565642703325 ], [ 8605608.079287549480796, 3301701.32296385243535 ], [ 8605547.788776461035013, 3301713.627149785868824 ], [ 8605400.138545239344239, 3301786.221846806816757 ], [ 8605328.774266805499792, 3301787.452265399042517 ], [ 8604984.25706060603261, 3301501.995151690207422 ], [ 8605012.556688256561756, 3301393.718315455131233 ], [ 8605086.381803875789046, 3301321.1236184341833 ], [ 8605172.511105421930552, 3301334.658222966361791 ], [ 8605359.534731645137072, 3301431.861291857436299 ], [ 8605473.963660847395658, 3301552.442314027808607 ], [ 8605528.102078966796398, 3301645.954127141274512 ], [ 8605548.403985762968659, 3301713.627149785868824 ], [ 8605609.002101497724652, 3301701.938173147849739 ], [ 8605624.022188307717443, 3301432.782062330748886 ], [ 8605601.915856095030904, 3301428.128097655251622 ], [ 8605297.398592671379447, 3301039.511562831234187 ], [ 8605186.93733904697001, 3301144.042337142396718 ], [ 8604975.957607025280595, 3301199.88991326559335 ], [ 8604774.28580435924232, 3301227.813701325561851 ], [ 8604560.203429225832224, 3301156.452909613028169 ], [ 8604429.892418269068003, 3301078.886831664480269 ], [ 8604377.147485263645649, 3301010.628683069255203 ], [ 8604324.596467444673181, 3300922.785099792294204 ] ] ] ] } },
{ "type": "Feature", "properties": { "SECTOR_NO": "70", "LANDUSE_DE": "RESIDENTIAL", "ZONE": "NON-CONFORMING", "TOTAL_INDU": 97, "RED": 0, "GREEN": 93, "ORANGE": 0, "WHITE": 4, "SEC(IN HAC": 142.863, "IND(IN HAC": 7.463784, "AREA(%AGE)": 5.22, "AREA(sqmtr": 1024820.0 }, "geometry": { "type": "MultiPolygon", "coordinates": [ [ [ [ 8610633.754767458885908, 3292760.856823669746518 ], [ 8610645.809369409456849, 3292492.689280806109309 ], [ 8610684.336851624771953, 3292414.018701568711549 ], [ 8610976.868872247636318, 3292169.470860064495355 ], [ 8611027.623639231547713, 3291858.941242702305317 ], [ 8611056.144302628934383, 3291818.297024575527757 ], [ 8611099.221509888768196, 3291759.590524943545461 ], [ 8611148.130648981779814, 3291278.336274418979883 ], [ 8610075.709077410399914, 3291292.01118571870029 ], [ 8610011.144078616052866, 3292129.789512209128588 ], [ 8609977.922776583582163, 3292525.218757856637239 ], [ 8609964.183362167328596, 3292696.75567491678521 ], [ 8610633.754767458885908, 3292760.856823669746518 ] ] ] ] } },
{ "type": "Feature", "properties": { "SECTOR_NO": "70", "LANDUSE_DE": "RESIDENTIAL", "ZONE": "NON-CONFORMING", "TOTAL_INDU": 97, "RED": 0, "GREEN": 93, "ORANGE": 0, "WHITE": 4, "SEC(IN HAC": 142.863, "IND(IN HAC": 7.463784, "AREA(%AGE)": 5.22, "AREA(sqmtr": 111566.8 }, "geometry": { "type": "MultiPolygon", "coordinates": [ [ [ [ 8610681.830629022791982, 3292764.030147865414619 ], [ 8610959.179163726046681, 3292800.840708535630256 ], [ 8611030.427642900496721, 3292246.638831258285791 ], [ 8611032.619326030835509, 3292167.322142055258155 ], [ 8610961.562652256339788, 3292228.22848128946498 ], [ 8610686.564096584916115, 3292449.706078608520329 ], [ 8610682.872840810567141, 3292723.323193856980652 ], [ 8610681.830629022791982, 3292764.030147865414619 ] ] ] ] } },
{ "type": "Feature", "properties": { "SECTOR_NO": "45", "LANDUSE_DE": "RESIDENTIAL", "ZONE": "NON-CONFORMING", "TOTAL_INDU": 0, "RED": 0, "GREEN": 0, "ORANGE": 0, "WHITE": 0, "SEC(IN HAC": 51.026, "IND(IN HAC": 0.0, "AREA(%AGE)": 0.0, "AREA(sqmtr": 394071.6 }, "geometry": { "type": "MultiPolygon", "coordinates": [ [ [ [ 8605306.396028636023402, 3306712.894796816632152 ], [ 8605310.54869139380753, 3306436.281316747423261 ], [ 8605206.270715592429042, 3306434.4356888551265 ], [ 8605261.400773882865906, 3305268.230701683554798 ], [ 8605057.708490412682295, 3305267.403477519750595 ], [ 8605060.466112250462174, 3305690.186242057941854 ], [ 8604709.796813080087304, 3305675.421218935865909 ], [ 8604722.716208308935165, 3306042.701169123873115 ], [ 8604692.724755082279444, 3306235.107876692898571 ], [ 8605208.347046960145235, 3306698.591180667746812 ], [ 8605306.396028636023402, 3306712.894796816632152 ] ] ] ] } },
{ "type": "Feature", "properties": { "SECTOR_NO": "46", "LANDUSE_DE": "RESIDENTIAL", "ZONE": "NON-CONFORMING", "TOTAL_INDU": 11, "RED": 0, "GREEN": 10, "ORANGE": 0, "WHITE": 1, "SEC(IN HAC": 90.462, "IND(IN HAC": 0.380451, "AREA(%AGE)": 0.42, "AREA(sqmtr": 696893.6 }, "geometry": { "type": "MultiPolygon", "coordinates": [ [ [ [ 8605250.541522966697812, 3305236.428609726019204 ], [ 8605256.564075594767928, 3305160.029630547855049 ], [ 8605172.588006583973765, 3305221.85816487390548 ], [ 8605028.859734620898962, 3304887.568813228979707 ], [ 8605026.375557692721486, 3304525.535505321342498 ], [ 8605375.422908464446664, 3304601.550261711701751 ], [ 8605370.768943788483739, 3303872.816959384363145 ], [ 8604375.59616370126605, 3303869.714316266123205 ], [ 8604605.191754434257746, 3304604.265074441675097 ], [ 8604659.488008996471763, 3304879.236820769030601 ], [ 8604653.282722761854529, 3305237.979931284207851 ], [ 8605250.541522966697812, 3305236.428609726019204 ] ] ] ] } },
{ "type": "Feature", "properties": { "SECTOR_NO": "30", "LANDUSE_DE": "RESIDENTIAL", "ZONE": "NON-CONFORMING", "TOTAL_INDU": 30, "RED": 0, "GREEN": 24, "ORANGE": 1, "WHITE": 5, "SEC(IN HAC": 69.861, "IND(IN HAC": 1.257145, "AREA(%AGE)": 1.8, "AREA(sqmtr": 538121.4 }, "geometry": { "type": "MultiPolygon", "coordinates": [ [ [ [ 8606717.679647924378514, 3306389.860427316278219 ], [ 8606965.038743359968066, 3306401.445090311579406 ], [ 8606965.038743359968066, 3306401.445090311579406 ], [ 8606965.038743359968066, 3306401.445090311579406 ], [ 8607102.407394528388977, 3306392.963070434052497 ], [ 8607075.647097637876868, 3306184.310320761054754 ], [ 8607057.031238932162523, 3306036.546942277811468 ], [ 8607046.17198801599443, 3305938.813684067223221 ], [ 8607047.723309578374028, 3305825.567210266832262 ], [ 8607085.342857379466295, 3305697.195351267233491 ], [ 8607198.589331179857254, 3305521.508184723556042 ], [ 8607373.888667337596416, 3305345.821018176153302 ], [ 8607593.400667924433947, 3304472.039150126744062 ], [ 8607083.791535822674632, 3304461.179899212438613 ], [ 8607015.533387230709195, 3304895.549935707822442 ], [ 8606968.993740463629365, 3305249.251251135021448 ], [ 8606912.758333951234818, 3305668.495902428403497 ], [ 8606799.899690544232726, 3306027.626843314617872 ], [ 8606758.32841963134706, 3306176.739894657861441 ], [ 8606713.025683257728815, 3306346.423423672560602 ], [ 8606717.679647924378514, 3306389.860427316278219 ] ] ] ] } },
{ "type": "Feature", "properties": { "SECTOR_NO": "56-A", "LANDUSE_DE": "RESIDENTIAL", "ZONE": "NON-CONFORMING", "TOTAL_INDU": 207, "RED": 0, "GREEN": 202, "ORANGE": 0, "WHITE": 5, "SEC(IN HAC": 204.651, "IND(IN HAC": 41.90376, "AREA(%AGE)": 20.48, "AREA(sqmtr": 1630559.0 }, "geometry": { "type": "MultiPolygon", "coordinates": [ [ [ [ 8605027.720576781779528, 3290454.960796863306314 ], [ 8604935.376842688769102, 3290354.68375227926299 ], [ 8604477.207725817337632, 3290148.372084725182503 ], [ 8603954.185001378878951, 3289921.207667147740722 ], [ 8603800.596110306680202, 3289877.415793247055262 ], [ 8603797.105453690513968, 3290037.192666503135115 ], [ 8603830.108025327324867, 3290127.315073660574853 ], [ 8604115.70720293931663, 3290409.423594657797366 ], [ 8604122.342919198796153, 3291130.746461949776858 ], [ 8604129.711696607992053, 3291929.289234432391822 ], [ 8604759.974821306765079, 3292164.271543915383518 ], [ 8605110.64412048086524, 3292277.316252201329917 ], [ 8605279.98047942109406, 3292347.450112037826329 ], [ 8605303.323783177882433, 3291201.485313901212066 ], [ 8605036.357597891241312, 3291215.618808260187507 ], [ 8605027.720576781779528, 3290454.960796863306314 ] ] ] ] } },
{ "type": "Feature", "properties": { "SECTOR_NO": "23", "LANDUSE_DE": "RESIDENTIAL", "ZONE": "NON-CONFORMING", "TOTAL_INDU": 1759, "RED": 1, "GREEN": 1645, "ORANGE": 5, "WHITE": 108, "SEC(IN HAC": 145.86, "IND(IN HAC": 71.69962, "AREA(%AGE)": 49.16, "AREA(sqmtr": 1167901.0 }, "geometry": { "type": "MultiPolygon", "coordinates": [ [ [ [ 8604051.253711404278874, 3294649.409498312976211 ], [ 8604928.642299484461546, 3294682.303256020415574 ], [ 8605031.029522374272346, 3293111.590177554171532 ], [ 8604998.841431839391589, 3292934.378321427851915 ], [ 8604857.828732669353485, 3292944.592294606380165 ], [ 8604497.458103658631444, 3293051.374653779901564 ], [ 8604209.637599108740687, 3293024.084065697155893 ], [ 8604092.859268710017204, 3293021.862738760188222 ], [ 8604051.253711404278874, 3294649.409498312976211 ] ] ] ] } },
{ "type": "Feature", "properties": { "SECTOR_NO": "22", "LANDUSE_DE": "RESIDENTIAL", "ZONE": "NON-CONFORMING", "TOTAL_INDU": 266, "RED": 0, "GREEN": 257, "ORANGE": 0, "WHITE": 9, "SEC(IN HAC": 81.258, "IND(IN HAC": 15.849486, "AREA(%AGE)": 19.51, "AREA(sqmtr": 635174.8 }, "geometry": { "type": "MultiPolygon", "coordinates": [ [ [ [ 8603994.248219328001142, 3295602.092642277944833 ], [ 8604802.985253205522895, 3295642.571301025338471 ], [ 8604888.332311464473605, 3295207.648444754537195 ], [ 8604928.642299484461546, 3294682.303256020415574 ], [ 8604051.253711404278874, 3294649.409498312976211 ], [ 8603994.248219328001142, 3295602.092642277944833 ] ] ] ] } },
{ "type": "Feature", "properties": { "SECTOR_NO": "24", "LANDUSE_DE": "RESIDENTIAL", "ZONE": "NON-CONFORMING", "TOTAL_INDU": 497, "RED": 1, "GREEN": 453, "ORANGE": 3, "WHITE": 40, "SEC(IN HAC": 41.741, "IND(IN HAC": 19.240978665989999, "AREA(%AGE)": 46.1, "AREA(sqmtr": 329229.7 }, "geometry": { "type": "MultiPolygon", "coordinates": [ [ [ [ 8606071.942569946870208, 3295728.549611487425864 ], [ 8606097.563094172626734, 3295319.89641676004976 ], [ 8606003.697315940633416, 3295310.605690042953938 ], [ 8605984.318223092705011, 3295348.441061795223504 ], [ 8605902.187781972810626, 3295341.981364177539945 ], [ 8605910.493107479065657, 3295246.70082433661446 ], [ 8605701.937155865132809, 3295259.620219568256289 ], [ 8605714.625847611576319, 3295074.826727046165615 ], [ 8605968.399682542309165, 3295062.830145759042352 ], [ 8605970.245310427621007, 3295127.427121920976788 ], [ 8606131.692168472334743, 3295130.247356174979359 ], [ 8606160.779447700828314, 3294565.178481723181903 ], [ 8605714.774499490857124, 3294540.357333374675363 ], [ 8605654.690104721114039, 3295709.033667673822492 ], [ 8606071.942569946870208, 3295728.549611487425864 ] ] ] ] } },
{ "type": "Feature", "properties": { "SECTOR_NO": "87", "LANDUSE_DE": "RESIDENTIAL", "ZONE": "NON-CONFORMING", "TOTAL_INDU": 380, "RED": 0, "GREEN": 346, "ORANGE": 0, "WHITE": 34, "SEC(IN HAC": 282.275, "IND(IN HAC": 36.616518, "AREA(%AGE)": 12.97, "AREA(sqmtr": 905220.9 }, "geometry": { "type": "MultiPolygon", "coordinates": [ [ [ [ 8608375.55985857732594, 3302933.971691254992038 ], [ 8609872.364077672362328, 3302900.750389228574932 ], [ 8610158.436400681734085, 3302825.079645721707493 ], [ 8610197.19458637945354, 3302047.147489929571748 ], [ 8609937.883867781609297, 3302095.133815076667815 ], [ 8609618.590242747217417, 3302204.02586060995236 ], [ 8609382.349872780963778, 3302237.247162634972483 ], [ 8609319.598524505272508, 3302237.247162634972483 ], [ 8609098.123177662491798, 3302329.528557155746967 ], [ 8609024.298062043264508, 3302342.447952389251441 ], [ 8608950.472946427762508, 3302329.528557155746967 ], [ 8608896.949737606570125, 3302263.085953103378415 ], [ 8608585.038624133914709, 3302237.247162634972483 ], [ 8608375.55985857732594, 3302933.971691254992038 ] ] ] ] } },
{ "type": "Feature", "properties": { "SECTOR_NO": "87", "LANDUSE_DE": "RESIDENTIAL", "ZONE": "NON-CONFORMING", "TOTAL_INDU": 380, "RED": 0, "GREEN": 346, "ORANGE": 0, "WHITE": 34, "SEC(IN HAC": 282.275, "IND(IN HAC": 36.616518, "AREA(%AGE)": 12.97, "AREA(sqmtr": 1340591.0 }, "geometry": { "type": "MultiPolygon", "coordinates": [ [ [ [ 8608698.54473938792944, 3301909.648212094325572 ], [ 8608954.164202203974128, 3301784.145515548065305 ], [ 8608980.925806621089578, 3301874.581282177940011 ], [ 8608894.181295773014426, 3301913.339467875659466 ], [ 8608890.490039991214871, 3301965.939862752798945 ], [ 8608795.249728117138147, 3302187.533679390791804 ], [ 8608891.40145124681294, 3302198.005649236496538 ], [ 8608934.241327891126275, 3302220.536251025740057 ], [ 8608992.947825510054827, 3302282.733405261300504 ], [ 8609034.201040055602789, 3302290.666715750470757 ], [ 8609090.36887831799686, 3302289.714718491770327 ], [ 8609264.267044240608811, 3302221.488248284440488 ], [ 8609346.773473329842091, 3302203.71763278869912 ], [ 8609539.870250636711717, 3302183.725690355990082 ], [ 8610191.671040432527661, 3302022.996819845866412 ], [ 8610269.139484316110611, 3300913.016621225047857 ], [ 8609971.28574500977993, 3300917.670585899613798 ], [ 8609882.86041614972055, 3300885.092833163682371 ], [ 8609823.910196911543608, 3300837.001864836551249 ], [ 8609780.473193265497684, 3300813.732041455805302 ], [ 8609727.728260260075331, 3300819.937327691353858 ], [ 8609628.74119614250958, 3300888.093174768146127 ], [ 8608983.232841482385993, 3300926.851360465865582 ], [ 8608698.54473938792944, 3301909.648212094325572 ] ] ] ] } },
{ "type": "Feature", "properties": { "SECTOR_NO": "28", "LANDUSE_DE": "RESIDENTIAL", "ZONE": "NON-CONFORMING", "TOTAL_INDU": 10, "RED": 0, "GREEN": 6, "ORANGE": 2, "WHITE": 2, "SEC(IN HAC": 144.982, "IND(IN HAC": 2.685817, "AREA(%AGE)": 1.85, "AREA(sqmtr": 1117015.0 }, "geometry": { "type": "MultiPolygon", "coordinates": [ [ [ [ 8606010.664847454056144, 3304410.761948549654335 ], [ 8607057.806899713352323, 3304423.172521021682769 ], [ 8607129.167691424489021, 3303951.570767116267234 ], [ 8607132.270334543660283, 3303521.854695299174637 ], [ 8607178.809981310740113, 3303279.848532112780958 ], [ 8607202.079804692417383, 3303146.434878044761717 ], [ 8607160.581952990964055, 3303102.222213618457317 ], [ 8606114.991222294047475, 3303021.553492554929107 ], [ 8606010.664847454056144, 3304410.761948549654335 ] ] ] ] } },
{ "type": "Feature", "properties": { "SECTOR_NO": "29", "LANDUSE_DE": "RESIDENTIAL", "ZONE": "NON-CONFORMING", "TOTAL_INDU": 17, "RED": 0, "GREEN": 13, "ORANGE": 0, "WHITE": 4, "SEC(IN HAC": 82.843, "IND(IN HAC": 0.527087, "AREA(%AGE)": 0.64, "AREA(sqmtr": 638265.3 }, "geometry": { "type": "MultiPolygon", "coordinates": [ [ [ [ 8607084.955026991665363, 3304427.826485699974 ], [ 8607645.369940148666501, 3304427.826485699974 ], [ 8607961.473099308088422, 3303141.417747255414724 ], [ 8607250.946433797478676, 3303106.100517514627427 ], [ 8607172.216864682734013, 3303687.070441325195134 ], [ 8607159.806292209774256, 3303983.37285907426849 ], [ 8607084.955026991665363, 3304427.826485699974 ] ] ] ] } },
{ "type": "Feature", "properties": { "SECTOR_NO": "31", "LANDUSE_DE": "RESIDENTIAL", "ZONE": "NON-CONFORMING", "TOTAL_INDU": 405, "RED": 10, "GREEN": 370, "ORANGE": 5, "WHITE": 20, "SEC(IN HAC": 118.919, "IND(IN HAC": 34.320762, "AREA(%AGE)": 28.86, "AREA(sqmtr": 915990.1 }, "geometry": { "type": "MultiPolygon", "coordinates": [ [ [ [ 8606157.652565164491534, 3306396.841361750848591 ], [ 8606213.500141277909279, 3306408.476286024786532 ], [ 8606286.412254547700286, 3306411.578929140232503 ], [ 8606672.691322714090347, 3306402.270999786444008 ], [ 8606733.412443093955517, 3306152.400676843710244 ], [ 8606849.541980430483818, 3305712.708566858433187 ], [ 8606917.80012901686132, 3305310.140622321981937 ], [ 8607034.149245942011476, 3304465.833863890264183 ], [ 8606354.670403139665723, 3304454.974612979684025 ], [ 8606321.376016568392515, 3304848.925979262683541 ], [ 8606266.007179854437709, 3304891.375420739408582 ], [ 8606266.007179854437709, 3305029.797512518707663 ], [ 8606251.24215673469007, 3305029.797512518707663 ], [ 8606223.557738374918699, 3305350.936765445396304 ], [ 8606256.779040401801467, 3305387.849323255941272 ], [ 8606205.101459475234151, 3305942.460504312999547 ], [ 8606409.936071950942278, 3305398.978885815478861 ], [ 8606542.821280060335994, 3305424.355157874990255 ], [ 8606544.666907943785191, 3305461.266099036671221 ], [ 8606603.727000439539552, 3305501.868134295102209 ], [ 8606601.881372548639774, 3305664.737661845516413 ], [ 8606380.40602570027113, 3305629.672267844434828 ], [ 8606409.936071950942278, 3305398.978885815478861 ], [ 8606205.101459475234151, 3305942.460504312999547 ], [ 8606157.652565164491534, 3306396.841361750848591 ] ] ] ] } },
{ "type": "Feature", "properties": { "SECTOR_NO": "15", "LANDUSE_DE": "RESIDENTIAL", "ZONE": "NON-CONFORMING", "TOTAL_INDU": 45, "RED": 0, "GREEN": 35, "ORANGE": 0, "WHITE": 10, "SEC(IN HAC": 130.047, "IND(IN HAC": 7.096199, "AREA(%AGE)": 5.46, "AREA(sqmtr": 1002662.0 }, "geometry": { "type": "MultiPolygon", "coordinates": [ [ [ [ 8607141.190433504059911, 3299693.580918322782964 ], [ 8607937.794053997844458, 3299755.633780676871538 ], [ 8608062.675439490005374, 3298161.650878908578306 ], [ 8607243.577656388282776, 3298087.187444082461298 ], [ 8607141.190433504059911, 3299693.580918322782964 ] ] ] ] } },
{ "type": "Feature", "properties": { "SECTOR_NO": "16-A", "LANDUSE_DE": "RESIDENTIAL", "ZONE": "NON-CONFORMING", "TOTAL_INDU": 8, "RED": 0, "GREEN": 4, "ORANGE": 1, "WHITE": 3, "SEC(IN HAC": 119.506, "IND(IN HAC": 3.016268, "AREA(%AGE)": 2.52, "AREA(sqmtr": 921162.2 }, "geometry": { "type": "MultiPolygon", "coordinates": [ [ [ [ 8606241.036098955199122, 3301460.536173913627863 ], [ 8606368.244466787204146, 3301479.15203262027353 ], [ 8606545.095124496147037, 3301516.383750034030527 ], [ 8606929.822871102020144, 3301488.459961973130703 ], [ 8607063.236525170505047, 3299761.063406138215214 ], [ 8606354.670403145253658, 3299748.652833665255457 ], [ 8606325.195003937929869, 3300541.982998390682042 ], [ 8606270.899038961157203, 3301213.488215656019747 ], [ 8606241.036098955199122, 3301460.536173913627863 ] ] ] ] } },
{ "type": "Feature", "properties": { "SECTOR_NO": "19", "LANDUSE_DE": "RESIDENTIAL", "ZONE": "NON-CONFORMING", "TOTAL_INDU": 120, "RED": 1, "GREEN": 114, "ORANGE": 0, "WHITE": 5, "SEC(IN HAC": 119.938, "IND(IN HAC": 5.826893, "AREA(%AGE)": 4.86, "AREA(sqmtr": 941514.8 }, "geometry": { "type": "MultiPolygon", "coordinates": [ [ [ [ 8606118.481695802882314, 3302974.238185007125139 ], [ 8606417.886756666004658, 3302999.059329948853701 ], [ 8607116.181719889864326, 3303057.992670862935483 ], [ 8607131.340140044689178, 3302820.797846390400082 ], [ 8607115.14819124341011, 3302649.921110096853226 ], [ 8607155.540157927200198, 3302651.563300758600235 ], [ 8607032.417364466935396, 3302398.441694773733616 ], [ 8606912.985773775726557, 3302145.527738030999899 ], [ 8606932.925514221191406, 3301786.701531669590622 ], [ 8606911.207012394443154, 3301777.393602318130434 ], [ 8606914.309655515477061, 3301556.718110563233495 ], [ 8606918.585465360432863, 3301531.607568151317537 ], [ 8606587.290419330820441, 3301570.956788177601993 ], [ 8606230.564678428694606, 3301552.064145888667554 ], [ 8606118.481695802882314, 3302974.238185007125139 ] ] ] ] } },
{ "type": "Feature", "properties": { "SECTOR_NO": "18", "LANDUSE_DE": "RESIDENTIAL", "ZONE": "NON-CONFORMING", "TOTAL_INDU": 105, "RED": 0, "GREEN": 95, "ORANGE": 1, "WHITE": 9, "SEC(IN HAC": 114.288, "IND(IN HAC": 3.501069, "AREA(%AGE)": 3.06, "AREA(sqmtr": 884938.0 }, "geometry": { "type": "MultiPolygon", "coordinates": [ [ [ [ 8607150.886193251237273, 3303054.906906070187688 ], [ 8607988.599835051223636, 3303107.651839073747396 ], [ 8608230.245965156704187, 3301929.497066644951701 ], [ 8608265.372903592884541, 3301931.83886253926903 ], [ 8608358.59002685174346, 3301637.386831627227366 ], [ 8606990.32441189698875, 3301555.166789006441832 ], [ 8606967.054588513448834, 3301785.150210113730282 ], [ 8606959.821691697463393, 3301995.067351727746427 ], [ 8606982.068752704188228, 3302039.561473745387048 ], [ 8607197.51397511921823, 3302002.092739414423704 ], [ 8607370.660509161651134, 3301931.253413565922529 ], [ 8607596.058364132419229, 3301804.503710704855621 ], [ 8607833.750647554174066, 3301735.420731779187918 ], [ 8607854.826810615137219, 3301881.782975265756249 ], [ 8607884.099259311333299, 3301948.524158297106624 ], [ 8607996.505462313070893, 3302018.778035169001669 ], [ 8608030.461502799764276, 3302078.493830512743443 ], [ 8608022.26521716080606, 3302308.57527727400884 ], [ 8607943.815054651349783, 3302341.360419816337526 ], [ 8607727.19893429800868, 3302513.482418152038008 ], [ 8607626.501710776239634, 3302540.705795444082469 ], [ 8607362.171499041840434, 3302575.832733879797161 ], [ 8607348.120723662897944, 3302540.705795444082469 ], [ 8607351.633417509496212, 3302400.198041696101427 ], [ 8607359.829703142866492, 3302379.121878633741289 ], [ 8607338.753540080040693, 3302281.937348958104849 ], [ 8607248.594398096203804, 3302272.570165375247598 ], [ 8607122.137419721111655, 3302297.159022280015051 ], [ 8607076.472399754449725, 3302315.893389448523521 ], [ 8607053.05444079451263, 3302307.697103812359273 ], [ 8607026.123787997290492, 3302272.570165375247598 ], [ 8606982.068752704188228, 3302039.561473745387048 ], [ 8606959.821691697463393, 3301995.067351727746427 ], [ 8606967.054588513448834, 3301785.150210113730282 ], [ 8606932.925514221191406, 3301786.701531669590622 ], [ 8606912.985773775726557, 3302145.527738030999899 ], [ 8607032.417364466935396, 3302398.441694773733616 ], [ 8607155.540157927200198, 3302651.563300758600235 ], [ 8607164.068547198548913, 3302654.744243782479316 ], [ 8607150.886193251237273, 3303054.906906070187688 ] ] ] ] } },
{ "type": "Feature", "properties": { "SECTOR_NO": "157", "LANDUSE_DE": "RESIDENTIAL", "ZONE": "NON-CONFORMING", "TOTAL_INDU": 1, "RED": 0, "GREEN": 1, "ORANGE": 0, "WHITE": 0, "SEC(IN HAC": 326.794, "IND(IN HAC": 0.14331, "AREA(%AGE)": 0.04, "AREA(sqmtr": 2521276.0 }, "geometry": { "type": "MultiPolygon", "coordinates": [ [ [ [ 8600048.960335720330477, 3295431.009823433123529 ], [ 8600028.691289151087403, 3295192.882085684221238 ], [ 8599937.361249217763543, 3294946.408067653421313 ], [ 8599939.703045111149549, 3294862.103415407240391 ], [ 8599967.804595863446593, 3294726.279253449756652 ], [ 8600063.818227592855692, 3294597.48047918220982 ], [ 8600096.603370130062103, 3294531.910194100812078 ], [ 8600127.046716773882508, 3293146.152472772169858 ], [ 8598663.424281911924481, 3293149.66516661318019 ], [ 8598672.791465492919087, 3293193.281115172430873 ], [ 8598691.52583265863359, 3293245.971522828098387 ], [ 8598743.045342370867729, 3293330.276175077073276 ], [ 8598794.564852071925998, 3293508.838112129829824 ], [ 8598785.197668489068747, 3293642.320478189736605 ], [ 8598672.791465492919087, 3294167.468207819387317 ], [ 8598661.08248601295054, 3294353.055532559286803 ], [ 8598679.816853182390332, 3294615.922121862415224 ], [ 8599007.668278595432639, 3295150.43703507585451 ], [ 8599014.693666277453303, 3295197.27295299153775 ], [ 8599096.656522629782557, 3295504.633664312306792 ], [ 8599213.746317422017455, 3295945.476741692982614 ], [ 8599216.673562286421657, 3296115.256944139953703 ], [ 8599190.328358462080359, 3296218.881412523798645 ], [ 8599129.441665172576904, 3296350.607431664131582 ], [ 8599159.738649575039744, 3296317.675926880445331 ], [ 8599293.221015634015203, 3296120.379622659645975 ], [ 8599462.560786426067352, 3295905.714220480527729 ], [ 8599546.332150610163808, 3295818.840213178191334 ], [ 8599637.860122591257095, 3295762.992637053597718 ], [ 8599865.904391760006547, 3295614.06576739391312 ], [ 8600048.960335720330477, 3295431.009823433123529 ] ] ] ] } },
{ "type": "Feature", "properties": { "SECTOR_NO": "55", "LANDUSE_DE": "RESIDENTIAL", "ZONE": "NON-CONFORMING", "TOTAL_INDU": 113, "RED": 0, "GREEN": 105, "ORANGE": 1, "WHITE": 0, "SEC(IN HAC": 80.895, "IND(IN HAC": 5.105788, "AREA(%AGE)": 6.31, "AREA(sqmtr": 657843.8 }, "geometry": { "type": "MultiPolygon", "coordinates": [ [ [ [ 8605301.737121054902673, 3292829.241960081737489 ], [ 8605297.929132020100951, 3292431.941770780831575 ], [ 8605012.618404358625412, 3292325.938460272271186 ], [ 8604127.924501087516546, 3292003.543004360049963 ], [ 8604134.365661283954978, 3292988.454028823878616 ], [ 8604220.464007806032896, 3292987.678368040826172 ], [ 8604453.094490297138691, 3293024.134790892712772 ], [ 8605301.737121054902673, 3292829.241960081737489 ] ] ] ] } },
{ "type": "Feature", "properties": { "SECTOR_NO": "52", "LANDUSE_DE": "RESIDENTIAL", "ZONE": "NON-CONFORMING", "TOTAL_INDU": 586, "RED": 0, "GREEN": 553, "ORANGE": 2, "WHITE": 0, "SEC(IN HAC": 404.717, "IND(IN HAC": 33.939525, "AREA(%AGE)": 8.39, "AREA(sqmtr": 3213561.0 }, "geometry": { "type": "MultiPolygon", "coordinates": [ [ [ [ 8600437.705460492521524, 3295144.975291898939759 ], [ 8601221.250849090516567, 3295139.898953545372933 ], [ 8601201.345583977177739, 3295160.975116609130055 ], [ 8602877.925083069130778, 3295160.243305401410908 ], [ 8603439.517011370509863, 3295157.46242276346311 ], [ 8603438.931562403216958, 3294606.554938281420618 ], [ 8604026.136883266270161, 3294600.700448541902006 ], [ 8604042.837689308449626, 3293719.320398283656687 ], [ 8604056.048708040267229, 3293028.526719570159912 ], [ 8603931.019734730944037, 3293037.412027318030596 ], [ 8603904.522477697581053, 3293040.902683933265507 ], [ 8603710.949701759964228, 3293179.894283704925328 ], [ 8603401.709258891642094, 3293289.373968455940485 ], [ 8603189.096537780016661, 3293295.085952008608729 ], [ 8603086.280833840370178, 3293302.701930078212172 ], [ 8602701.991273742169142, 3293422.018919836264104 ], [ 8602324.361232351511717, 3293619.066242549568415 ], [ 8602193.942070011049509, 3293665.412885646335781 ], [ 8601815.840492093935609, 3294010.670558137819171 ], [ 8601448.528216443955898, 3294281.672444449737668 ], [ 8601285.979551294818521, 3294431.212970555294305 ], [ 8601287.406583147123456, 3294953.140730856917799 ], [ 8601151.582421191036701, 3294955.482526754494756 ], [ 8601153.924217088147998, 3295017.54011799255386 ], [ 8600799.434863362461329, 3295017.54011799255386 ], [ 8600731.522782385349274, 3294902.792119099758565 ], [ 8600683.320753240957856, 3294936.805224661249667 ], [ 8600437.705460492521524, 3295144.975291898939759 ] ] ] ] } },
{ "type": "Feature", "properties": { "SECTOR_NO": "53", "LANDUSE_DE": "RESIDENTIAL", "ZONE": "NON-CONFORMING", "TOTAL_INDU": 148, "RED": 5, "GREEN": 87, "ORANGE": 50, "WHITE": 0, "SEC(IN HAC": 34.995, "IND(IN HAC": 11.009504, "AREA(%AGE)": 31.46, "AREA(sqmtr": 306119.2 }, "geometry": { "type": "MultiPolygon", "coordinates": [ [ [ [ 8601796.165882080793381, 3293974.494662306737155 ], [ 8602184.739429844543338, 3293638.756962401792407 ], [ 8602367.364237306639552, 3293567.039835579227656 ], [ 8602723.252545852214098, 3293378.227045935578644 ], [ 8603089.930156664922833, 3293256.688729240559042 ], [ 8602608.472192857414484, 3292791.077670074999332 ], [ 8602367.267215594649315, 3293123.02723830146715 ], [ 8602144.796605495736003, 3293443.853276025969535 ], [ 8601796.165882080793381, 3293974.494662306737155 ] ] ] ] } },
{ "type": "Feature", "properties": { "SECTOR_NO": "53", "LANDUSE_DE": "RESIDENTIAL", "ZONE": "NON-CONFORMING", "TOTAL_INDU": 148, "RED": 5, "GREEN": 87, "ORANGE": 50, "WHITE": 0, "SEC(IN HAC": 34.995, "IND(IN HAC": 11.009504, "AREA(%AGE)": 31.46, "AREA(sqmtr": 338711.9 }, "geometry": { "type": "MultiPolygon", "coordinates": [ [ [ [ 8603131.659369837492704, 3293249.072751170955598 ], [ 8603333.482788683846593, 3293272.555350218899548 ], [ 8603571.323437148705125, 3293200.203558557201177 ], [ 8603684.928443355485797, 3293153.238360460847616 ], [ 8603915.311779962852597, 3293006.630782620050013 ], [ 8604090.637941773980856, 3292999.332136970479041 ], [ 8604100.79257920011878, 3292836.22327331174165 ], [ 8602635.110121171921492, 3292772.928751882631332 ], [ 8603131.659369837492704, 3293249.072751170955598 ] ] ] ] } },
{ "type": "Feature", "properties": { "SECTOR_NO": "54", "LANDUSE_DE": "RESIDENTIAL", "ZONE": "NON-CONFORMING", "TOTAL_INDU": 97, "RED": 0, "GREEN": 92, "ORANGE": 0, "WHITE": 0, "SEC(IN HAC": 112.005, "IND(IN HAC": 5.420182, "AREA(%AGE)": 4.84, "AREA(sqmtr": 955830.7 }, "geometry": { "type": "MultiPolygon", "coordinates": [ [ [ [ 8602635.110121171921492, 3292772.928751882631332 ], [ 8604100.79257920011878, 3292836.22327331174165 ], [ 8604095.715260487049818, 3291994.657696614041924 ], [ 8603120.989067275077105, 3291632.105407270602882 ], [ 8603037.313566274940968, 3291822.745067170355469 ], [ 8602931.932750968262553, 3292180.161665762308985 ], [ 8602789.083201320841908, 3292488.693275033030659 ], [ 8602632.182876301929355, 3292755.950731638818979 ], [ 8602635.110121171921492, 3292772.928751882631332 ] ] ] ] } },
{ "type": "Feature", "properties": { "SECTOR_NO": "56", "LANDUSE_DE": "RESIDENTIAL", "ZONE": "NON-CONFORMING", "TOTAL_INDU": 120, "RED": 0, "GREEN": 99, "ORANGE": 0, "WHITE": 0, "SEC(IN HAC": 159.425, "IND(IN HAC": 3.68951, "AREA(%AGE)": 2.31, "AREA(sqmtr": 1299936.0 }, "geometry": { "type": "MultiPolygon", "coordinates": [ [ [ [ 8603098.470690276473761, 3291534.090067284181714 ], [ 8604044.776841253042221, 3291884.688739611767232 ], [ 8604060.290056847035885, 3290456.697244572918862 ], [ 8604063.030021291226149, 3290416.404907888267189 ], [ 8603971.638284454122186, 3290306.290558297652751 ], [ 8603823.126712096855044, 3290153.970996904652566 ], [ 8603788.220145942643285, 3290092.408507508225739 ], [ 8603767.910871090367436, 3289994.670122280716896 ], [ 8603759.660228181630373, 3289873.449138005264103 ], [ 8603251.611024452373385, 3289726.524227743502706 ], [ 8603119.569147119298577, 3290105.330502096563578 ], [ 8603103.176575848832726, 3290167.388093334622681 ], [ 8603083.271310735493898, 3290211.882215353660285 ], [ 8603087.954902525991201, 3290550.564446784090251 ], [ 8603097.322086108848453, 3290965.64776931097731 ], [ 8603091.467596368864179, 3291333.017000462859869 ], [ 8603098.470690276473761, 3291534.090067284181714 ] ] ] ] } },
{ "type": "Feature", "properties": { "SECTOR_NO": "51", "LANDUSE_DE": "RESIDENTIAL", "ZONE": "NON-CONFORMING", "TOTAL_INDU": 238, "RED": 0, "GREEN": 225, "ORANGE": 2, "WHITE": 0, "SEC(IN HAC": 267.055, "IND(IN HAC": 14.174295, "AREA(%AGE)": 5.31, "AREA(sqmtr": 2059821.0 }, "geometry": { "type": "MultiPolygon", "coordinates": [ [ [ [ 8602877.925083069130778, 3295160.243305401410908 ], [ 8601201.345583977177739, 3295160.975116609130055 ], [ 8601193.807928334921598, 3295178.465404728893191 ], [ 8600992.41348129697144, 3295503.389585270080715 ], [ 8600889.959910860285163, 3295712.980317942798138 ], [ 8600854.832972420379519, 3295907.934826266951859 ], [ 8600847.807584730908275, 3296798.988164611626416 ], [ 8600850.222561795264482, 3297163.942418733146042 ], [ 8601377.419362833723426, 3297185.311306285206228 ], [ 8601703.221716836094856, 3297202.87477550143376 ], [ 8602564.417157508432865, 3297235.659918043762445 ], [ 8602537.193780228495598, 3297219.267346770036966 ], [ 8602558.928573468700051, 3296922.371535849291831 ], [ 8602263.276841621845961, 3296923.396071552298963 ], [ 8601924.594610197469592, 3296922.8106225784868 ], [ 8601929.42456422932446, 3296804.842654325533658 ], [ 8601921.81372756883502, 3296803.671756379771978 ], [ 8601920.057380646467209, 3296362.389592263381928 ], [ 8601942.304441653192043, 3296361.804143288172781 ], [ 8601935.279053963720798, 3295626.919318733736873 ], [ 8601995.433936044573784, 3295528.710253353696316 ], [ 8601967.332385294139385, 3295500.023253632243723 ], [ 8602135.941689787432551, 3295309.75233709719032 ], [ 8602238.248897988349199, 3295203.054261591285467 ], [ 8602722.707923935726285, 3295204.225159541703761 ], [ 8602721.537025986239314, 3295446.601034755818546 ], [ 8602829.259637197479606, 3295446.601034755818546 ], [ 8602828.67418821901083, 3295542.907390973996371 ], [ 8602729.147862646728754, 3295544.663737892173231 ], [ 8602722.707923935726285, 3295626.626594248693436 ], [ 8602459.841334626078606, 3295628.968390143942088 ], [ 8602457.79226322285831, 3296358.437811687588692 ], [ 8602486.479262946173549, 3296356.681464766152203 ], [ 8602482.088395638391376, 3296922.664260333403945 ], [ 8602559.074935715645552, 3296922.371535845566541 ], [ 8602575.833412505686283, 3296692.655994706787169 ], [ 8602614.473044788464904, 3296133.844949072226882 ], [ 8602886.121368696913123, 3295747.448626270983368 ], [ 8602877.925083069130778, 3295160.243305401410908 ] ] ] ] } },
{ "type": "Feature", "properties": { "SECTOR_NO": "15-A", "LANDUSE_DE": "RESIDENTIAL", "ZONE": "NON-CONFORMING", "TOTAL_INDU": 51, "RED": 0, "GREEN": 38, "ORANGE": 1, "WHITE": 0, "SEC(IN HAC": 70.957, "IND(IN HAC": 3.643881, "AREA(%AGE)": 5.14, "AREA(sqmtr": 547080.5 }, "geometry": { "type": "MultiPolygon", "coordinates": [ [ [ [ 8607117.72669493034482, 3299248.739461306482553 ], [ 8607117.72669493034482, 3299248.739461306482553 ], [ 8607084.502558352425694, 3299269.854671394452453 ], [ 8606968.670548617839813, 3299297.433721329085529 ], [ 8606970.049501117318869, 3299322.254866272211075 ], [ 8606913.512448746711016, 3299351.2128687039949 ], [ 8606870.76492134667933, 3299351.2128687039949 ], [ 8606768.722436586394906, 3299257.444098923355341 ], [ 8606690.12214426510036, 3299200.907046555075794 ], [ 8606687.36423927359283, 3299145.748946681153029 ], [ 8606713.564336709678173, 3299069.906559356953949 ], [ 8606799.05939151160419, 3298916.8428322118707 ], [ 8606901.101876273751259, 3298843.758349883370101 ], [ 8606956.259976144880056, 3298838.242539897095412 ], [ 8606975.565311104059219, 3298874.09530481044203 ], [ 8607055.544555915519595, 3298925.116547194775194 ], [ 8607112.081608287990093, 3298933.39026217488572 ], [ 8607129.361606614664197, 3298946.619587711524218 ], [ 8607206.152023784816265, 3298068.183754984755069 ], [ 8606844.694100562483072, 3298047.240913939662278 ], [ 8606829.374800173565745, 3298355.566073772031814 ], [ 8606606.760156467556953, 3298356.341734550893307 ], [ 8606507.281661499291658, 3299679.812939483206719 ], [ 8607074.289691278710961, 3299701.337526116985828 ], [ 8607117.72669493034482, 3299248.739461306482553 ], [ 8607117.72669493034482, 3299248.739461306482553 ] ] ] ] } },
{ "type": "Feature", "properties": { "SECTOR_NO": "11", "LANDUSE_DE": "RESIDENTIAL", "ZONE": "NON-CONFORMING", "TOTAL_INDU": 53, "RED": 0, "GREEN": 41, "ORANGE": 1, "WHITE": 0, "SEC(IN HAC": 139.885, "IND(IN HAC": 5.972716, "AREA(%AGE)": 4.27, "AREA(sqmtr": 1104021.0 }, "geometry": { "type": "MultiPolygon", "coordinates": [ [ [ [ 8606561.907129731029272, 3297086.69529767613858 ], [ 8607478.130275245755911, 3297159.04230296285823 ], [ 8607599.020829163491726, 3295578.001855293754488 ], [ 8606701.492331886664033, 3295525.56346514634788 ], [ 8606647.676262577995658, 3296123.990011296235025 ], [ 8606610.444545164704323, 3296505.615114785265177 ], [ 8606610.444545164704323, 3296642.131411966402084 ], [ 8606561.907129731029272, 3297086.69529767613858 ] ] ] ] } },
{ "type": "Feature", "properties": { "SECTOR_NO": "10", "LANDUSE_DE": "RESIDENTIAL", "ZONE": "NON-CONFORMING", "TOTAL_INDU": 11, "RED": 0, "GREEN": 10, "ORANGE": 0, "WHITE": 0, "SEC(IN HAC": 107.333, "IND(IN HAC": 1.682962, "AREA(%AGE)": 1.57, "AREA(sqmtr": 832657.4 }, "geometry": { "type": "MultiPolygon", "coordinates": [ [ [ [ 8607519.518978683277965, 3297140.881293155252934 ], [ 8608243.986146690323949, 3297201.382833951618522 ], [ 8608324.180852958932519, 3295985.189824021421373 ], [ 8608286.949135545641184, 3295979.674014032818377 ], [ 8608310.692973719909787, 3295670.228455319069326 ], [ 8607781.304491752758622, 3295648.509953491389751 ], [ 8607786.734117206186056, 3295596.540681269951165 ], [ 8607649.319223314523697, 3295587.648122665006667 ], [ 8607519.518978683277965, 3297140.881293155252934 ] ] ] ] } },
{ "type": "Feature", "properties": { "SECTOR_NO": "140", "LANDUSE_DE": "RESIDENTIAL", "ZONE": "NON-CONFORMING", "TOTAL_INDU": 21, "RED": 0, "GREEN": 21, "ORANGE": 0, "WHITE": 0, "SEC(IN HAC": 171.818, "IND(IN HAC": 2.810726, "AREA(%AGE)": 1.64, "AREA(sqmtr": 1327194.0 }, "geometry": { "type": "MultiPolygon", "coordinates": [ [ [ [ 8608580.321279237046838, 3286844.630829921923578 ], [ 8609003.331335255876184, 3286841.598834593314677 ], [ 8610177.156528018414974, 3286840.427936644759029 ], [ 8610238.511656636372209, 3286072.417431713081896 ], [ 8610255.059086598455906, 3285920.732657067012042 ], [ 8610304.701376484706998, 3285622.878917755093426 ], [ 8608876.106589796021581, 3285631.152632738929242 ], [ 8608877.485542291775346, 3286292.015616827178746 ], [ 8608801.643154971301556, 3286510.579587571322918 ], [ 8608718.906005164608359, 3286609.864167340099812 ], [ 8608596.523971071466804, 3286781.19901506928727 ], [ 8608580.321279237046838, 3286844.630829921923578 ] ] ] ] } },
{ "type": "Feature", "properties": { "SECTOR_NO": "64", "LANDUSE_DE": "RESIDENTIAL", "ZONE": "NON-CONFORMING", "TOTAL_INDU": 38, "RED": 0, "GREEN": 37, "ORANGE": 0, "WHITE": 0, "SEC(IN HAC": 167.482, "IND(IN HAC": 3.942871, "AREA(%AGE)": 2.35, "AREA(sqmtr": 1293003.0 }, "geometry": { "type": "MultiPolygon", "coordinates": [ [ [ [ 8608933.160749223083258, 3290800.436166733969003 ], [ 8608933.160749223083258, 3290800.436166733969003 ], [ 8608933.160749223083258, 3290800.436166733969003 ], [ 8609770.874391030520201, 3290788.025594261940569 ], [ 8609872.844286916777492, 3289905.457502862904221 ], [ 8609908.166348990052938, 3289056.750734529923648 ], [ 8608865.678261414170265, 3289055.199412972666323 ], [ 8608885.845441676676273, 3289967.570404799189419 ], [ 8608885.845441676676273, 3289967.570404799189419 ], [ 8608933.160749223083258, 3290800.436166733969003 ] ] ] ] } },
{ "type": "Feature", "properties": { "SECTOR_NO": "2", "LANDUSE_DE": "RESIDENTIAL", "ZONE": "NON-CONFORMING", "TOTAL_INDU": 33, "RED": 1, "GREEN": 29, "ORANGE": 0, "WHITE": 0, "SEC(IN HAC": 162.174, "IND(IN HAC": 2.72787, "AREA(%AGE)": 1.68, "AREA(sqmtr": 1260166.0 }, "geometry": { "type": "MultiPolygon", "coordinates": [ [ [ [ 8609573.662637872621417, 3292943.780815553385764 ], [ 8609770.874391030520201, 3290788.025594261940569 ], [ 8608933.160749223083258, 3290800.436166733969003 ], [ 8608928.506784677505493, 3290654.676578579470515 ], [ 8608966.772716455161572, 3291876.428490744903684 ], [ 8608965.393763961270452, 3291945.376115586142987 ], [ 8608932.298904038965702, 3292061.208125315606594 ], [ 8608805.435274332761765, 3292269.429952333215624 ], [ 8608799.919464340433478, 3292309.419574738014489 ], [ 8608577.714197056367993, 3292574.56628453778103 ], [ 8609047.370335461571813, 3292808.139354181010276 ], [ 8609359.580262744799256, 3292912.754384375642985 ], [ 8609573.662637872621417, 3292943.780815553385764 ] ] ] ] } },
{ "type": "Feature", "properties": { "SECTOR_NO": "63", "LANDUSE_DE": "RESIDENTIAL", "ZONE": "NON-CONFORMING", "TOTAL_INDU": 467, "RED": 1, "GREEN": 434, "ORANGE": 2, "WHITE": 0, "SEC(IN HAC": 143.146, "IND(IN HAC": 19.282782, "AREA(%AGE)": 13.47, "AREA(sqmtr": 1105126.0 }, "geometry": { "type": "MultiPolygon", "coordinates": [ [ [ [ 8608865.678261414170265, 3289969.703471943270415 ], [ 8608836.203151792287827, 3289974.357436620164663 ], [ 8608749.587698208168149, 3290432.320488471072167 ], [ 8608629.963569112122059, 3290316.488478740211576 ], [ 8608341.762497281655669, 3290487.823326468002051 ], [ 8608205.246200097724795, 3290345.791219298262149 ], [ 8608307.288684859871864, 3290108.611389849800617 ], [ 8608287.983349906280637, 3289939.000232743099332 ], [ 8608616.174044143408537, 3289836.613009852357209 ], [ 8608836.203151792287827, 3289974.357436620164663 ], [ 8608823.792579324916005, 3289386.406565796583891 ], [ 8608828.446543995290995, 3289048.218465955927968 ], [ 8607866.045431893318892, 3289051.90285465773195 ], [ 8607895.369152050465345, 3289998.632426602765918 ], [ 8607927.904379054903984, 3290800.436166733969003 ], [ 8608933.160749223083258, 3290800.436166733969003 ], [ 8608885.845441676676273, 3289967.570404799189419 ], [ 8608865.678261414170265, 3289969.703471943270415 ] ] ] ] } },
{ "type": "Feature", "properties": { "SECTOR_NO": "3", "LANDUSE_DE": "RESIDENTIAL", "ZONE": "NON-CONFORMING", "TOTAL_INDU": 28, "RED": 0, "GREEN": 25, "ORANGE": 0, "WHITE": 0, "SEC(IN HAC": 116.829, "IND(IN HAC": 0.610212, "AREA(%AGE)": 0.52, "AREA(sqmtr": 901493.8 }, "geometry": { "type": "MultiPolygon", "coordinates": [ [ [ [ 8608385.245286477729678, 3293598.89906227402389 ], [ 8609468.021949043497443, 3294083.786699998192489 ], [ 8609560.476404624059796, 3293012.814624924212694 ], [ 8609340.188743256032467, 3292972.48026439640671 ], [ 8609116.798438780009747, 3292885.606257094070315 ], [ 8608589.349108753725886, 3292621.881592083722353 ], [ 8608360.424141531810164, 3292916.317576325498521 ], [ 8608385.245286477729678, 3293598.89906227402389 ] ] ] ] } },
{ "type": "Feature", "properties": { "SECTOR_NO": "4", "LANDUSE_DE": "RESIDENTIAL", "ZONE": "NON-CONFORMING", "TOTAL_INDU": 198, "RED": 8, "GREEN": 171, "ORANGE": 4, "WHITE": 0, "SEC(IN HAC": 105.256, "IND(IN HAC": 11.112582, "AREA(%AGE)": 10.56, "AREA(sqmtr": 101674.7 }, "geometry": { "type": "MultiPolygon", "coordinates": [ [ [ [ 8607638.195077931508422, 3293697.917008370626718 ], [ 8608293.240606177598238, 3293756.47939721820876 ], [ 8608301.772874748334289, 3293661.654866931494325 ], [ 8607741.745791990309954, 3293424.108753222972155 ], [ 8607671.354576252400875, 3293388.234442174434662 ], [ 8607638.195077931508422, 3293697.917008370626718 ] ] ] ] } },
{ "type": "Feature", "properties": { "SECTOR_NO": "4", "LANDUSE_DE": "RESIDENTIAL", "ZONE": "NON-CONFORMING", "TOTAL_INDU": 198, "RED": 8, "GREEN": 171, "ORANGE": 4, "WHITE": 0, "SEC(IN HAC": 105.256, "IND(IN HAC": 11.112582, "AREA(%AGE)": 10.56, "AREA(sqmtr": 820579.8 }, "geometry": { "type": "MultiPolygon", "coordinates": [ [ [ [ 8608302.936365922912955, 3293599.408089380245656 ], [ 8608298.28240124695003, 3293025.419112586881965 ], [ 8608011.287912851199508, 3293025.419112586881965 ], [ 8608006.633948173373938, 3292669.778645208105445 ], [ 8607901.876650799065828, 3292671.394605149049312 ], [ 8607889.121340090408921, 3292307.545061205048114 ], [ 8606907.134793309494853, 3292297.849301461130381 ], [ 8606861.28462290391326, 3292825.837337169330567 ], [ 8606996.76824020780623, 3292865.89385454216972 ], [ 8607221.439593262970448, 3293008.058778509031981 ], [ 8607693.65482366271317, 3293326.375495012383908 ], [ 8607828.231968900188804, 3293385.325714249629527 ], [ 8608302.936365922912955, 3293599.408089380245656 ] ] ] ] } },
{ "type": "Feature", "properties": { "SECTOR_NO": "7", "LANDUSE_DE": "RESIDENTIAL", "ZONE": "NON-CONFORMING", "TOTAL_INDU": 36, "RED": 0, "GREEN": 25, "ORANGE": 1, "WHITE": 0, "SEC(IN HAC": 125.55, "IND(IN HAC": 2.262373, "AREA(%AGE)": 1.8, "AREA(sqmtr": 968602.6 }, "geometry": { "type": "MultiPolygon", "coordinates": [ [ [ [ 8607444.861628657206893, 3295531.966921377461404 ], [ 8607902.501488529145718, 3295564.54467411339283 ], [ 8607924.21999035589397, 3295443.541592519264668 ], [ 8608142.956330159679055, 3295449.746878755744547 ], [ 8608160.020867304876447, 3295192.227499981410801 ], [ 8608200.355227837339044, 3295199.984107773285359 ], [ 8608294.59801254235208, 3293781.300542160868645 ], [ 8608195.313432771712542, 3293770.441291248891503 ], [ 8607582.541417002677917, 3293750.27411098126322 ], [ 8607444.861628657206893, 3295531.966921377461404 ] ] ] ] } },
{ "type": "Feature", "properties": { "SECTOR_NO": "1", "LANDUSE_DE": "RESIDENTIAL", "ZONE": "NON-CONFORMING", "TOTAL_INDU": 350, "RED": 0, "GREEN": 321, "ORANGE": 5, "WHITE": 0, "SEC(IN HAC": 236.082, "IND(IN HAC": 34.179567, "AREA(%AGE)": 14.48, "AREA(sqmtr": 1822150.0 }, "geometry": { "type": "MultiPolygon", "coordinates": [ [ [ [ 8607206.539854286238551, 3291403.103046216536313 ], [ 8606804.230463346466422, 3291307.955323937349021 ], [ 8606876.108362117782235, 3291774.084360135253519 ], [ 8606953.674440063536167, 3292033.930721250362694 ], [ 8606907.134793309494853, 3292297.849301461130381 ], [ 8607889.121340090408921, 3292307.545061205048114 ], [ 8608068.880725739523768, 3292254.994043403770775 ], [ 8608577.714197056367993, 3292574.56628453778103 ], [ 8608714.424409544095397, 3292402.498868274036795 ], [ 8608799.919464340433478, 3292309.419574738014489 ], [ 8608805.435274332761765, 3292269.429952333215624 ], [ 8608932.298904038965702, 3292061.208125315606594 ], [ 8608965.393763961270452, 3291945.376115586142987 ], [ 8608933.160749223083258, 3290800.436166733969003 ], [ 8607927.904379054903984, 3290800.436166733969003 ], [ 8607132.076419342309237, 3290892.73979948926717 ], [ 8607142.935670256614685, 3291263.505652065388858 ], [ 8606784.580390149727464, 3291271.262259860057384 ], [ 8606804.058094277977943, 3291308.127692997921258 ], [ 8607206.539854286238551, 3291403.103046216536313 ], [ 8607224.466236744076014, 3291320.365896407980472 ], [ 8607536.109501019120216, 3291234.870841606985778 ], [ 8607618.846650825813413, 3291145.238929314538836 ], [ 8607727.783898074179888, 3291109.386164399795234 ], [ 8607980.132204992696643, 3291070.775494487024844 ], [ 8608119.061669042333961, 3291127.312546857167035 ], [ 8608200.419866355136037, 3291262.449891542084515 ], [ 8608324.525591064244509, 3291534.448271535802633 ], [ 8608305.220256110653281, 3291664.069806236773729 ], [ 8608163.532887065783143, 3291807.825604028534144 ], [ 8607756.741900505498052, 3291965.026188660878688 ], [ 8607374.772058896720409, 3291641.661828163079917 ], [ 8607231.360999226570129, 3291505.145530981943011 ], [ 8607206.539854286238551, 3291403.103046216536313 ] ] ] ] } },
{ "type": "Feature", "properties": { "SECTOR_NO": "95", "LANDUSE_DE": "RESIDENTIAL", "ZONE": "NON-CONFORMING", "TOTAL_INDU": 8, "RED": 0, "GREEN": 7, "ORANGE": 0, "WHITE": 0, "SEC(IN HAC": 200.994, "IND(IN HAC": 1.464085, "AREA(%AGE)": 0.73, "AREA(sqmtr": 1580406.0 }, "geometry": { "type": "MultiPolygon", "coordinates": [ [ [ [ 8617539.46183549053967, 3301875.514690895564854 ], [ 8617544.977645477280021, 3301972.04136567004025 ], [ 8617656.328059596940875, 3301945.15179198095575 ], [ 8618005.203041283413768, 3301949.288649471942335 ], [ 8618026.783189512789249, 3300926.403430920094252 ], [ 8617866.955619623884559, 3300920.548941180109978 ], [ 8616899.208465687930584, 3300906.790890295058489 ], [ 8616774.930417159572244, 3300929.945300641935319 ], [ 8617009.944076720625162, 3301112.264483915641904 ], [ 8617226.439618716016412, 3301305.317833468783647 ], [ 8617084.407511545345187, 3301453.555226874537766 ], [ 8616961.680739330127835, 3301505.955421750899404 ], [ 8616757.595769802108407, 3301336.344264645595104 ], [ 8617007.186171725392342, 3301110.196055171079934 ], [ 8616774.930417159572244, 3300929.945300641935319 ], [ 8616178.345468368381262, 3301093.054164300207049 ], [ 8616175.160708971321583, 3302564.64620117098093 ], [ 8616754.320757627487183, 3302309.539989260956645 ], [ 8617389.673120524734259, 3302029.267894286196679 ], [ 8617545.839490786194801, 3301972.04136567004025 ], [ 8617539.978942677378654, 3301876.376536203548312 ], [ 8617362.783546837046742, 3301866.034392477944493 ], [ 8617295.904350746423006, 3301759.337943040300161 ], [ 8617223.681713718920946, 3301657.812565461266786 ], [ 8617258.845002390444279, 3301646.780945488717407 ], [ 8617232.644904948771, 3301571.455665347632021 ], [ 8617242.297572432085872, 3301470.619764021132141 ], [ 8617331.240008471533656, 3301407.187949168961495 ], [ 8617465.687876913696527, 3301385.124709220137447 ], [ 8617605.651555335149169, 3301594.725488733034581 ], [ 8617532.567073004320264, 3301618.167681176681072 ], [ 8617539.46183549053967, 3301875.514690895564854 ] ] ] ] } },
{ "type": "Feature", "properties": { "SECTOR_NO": "88", "LANDUSE_DE": "RESIDENTIAL", "ZONE": "NON-CONFORMING", "TOTAL_INDU": 8, "RED": 0, "GREEN": 7, "ORANGE": 0, "WHITE": 0, "SEC(IN HAC": 115.393, "IND(IN HAC": 3.860484, "AREA(%AGE)": 3.35, "AREA(sqmtr": 303334.7 }, "geometry": { "type": "MultiPolygon", "coordinates": [ [ [ [ 8611867.830216130241752, 3302899.042181643191725 ], [ 8611882.998693598434329, 3302428.474642108660191 ], [ 8610652.283590205013752, 3302723.915214548353106 ], [ 8610644.009875223040581, 3302897.663229145109653 ], [ 8611867.830216130241752, 3302899.042181643191725 ] ] ] ] } },
{ "type": "Feature", "properties": { "SECTOR_NO": "88", "LANDUSE_DE": "RESIDENTIAL", "ZONE": "NON-CONFORMING", "TOTAL_INDU": 8, "RED": 0, "GREEN": 7, "ORANGE": 0, "WHITE": 0, "SEC(IN HAC": 115.393, "IND(IN HAC": 3.860484, "AREA(%AGE)": 3.35, "AREA(sqmtr": 585890.9 }, "geometry": { "type": "MultiPolygon", "coordinates": [ [ [ [ 8610651.594113957136869, 3302679.44399652723223 ], [ 8611205.243541419506073, 3302529.138174375984818 ], [ 8611885.067122342064977, 3302384.348162210546434 ], [ 8611907.130362290889025, 3301736.929964963812381 ], [ 8611813.361592506989837, 3301753.477394924033433 ], [ 8611734.761300191283226, 3301789.330159842967987 ], [ 8611519.644710691645741, 3301873.791000271216035 ], [ 8611385.886318497359753, 3301912.401670181192458 ], [ 8611300.736001823097467, 3301926.191195149440318 ], [ 8611176.630277113988996, 3301945.496530104894191 ], [ 8610891.187110273167491, 3301951.012340093031526 ], [ 8610696.754808222874999, 3301973.075580039992929 ], [ 8610698.478498846292496, 3301980.315080648753792 ], [ 8610651.594113957136869, 3302679.44399652723223 ] ] ] ] } },
{ "type": "Feature", "properties": { "SECTOR_NO": "88", "LANDUSE_DE": "RESIDENTIAL", "ZONE": "NON-CONFORMING", "TOTAL_INDU": 8, "RED": 0, "GREEN": 7, "ORANGE": 0, "WHITE": 0, "SEC(IN HAC": 115.393, "IND(IN HAC": 3.860484, "AREA(%AGE)": 3.35, "AREA(sqmtr": 798255.9 }, "geometry": { "type": "MultiPolygon", "coordinates": [ [ [ [ 8610706.407475706189871, 3301864.48307091742754 ], [ 8611247.991068819537759, 3301833.801377864554524 ], [ 8611399.67584347166121, 3301804.84337542951107 ], [ 8611544.121117511764169, 3301746.927370567340404 ], [ 8611737.174467062577605, 3301671.084983244072646 ], [ 8611905.406671667471528, 3301631.09536083554849 ], [ 8611921.103029346093535, 3300905.260013431776315 ], [ 8610749.273506792262197, 3300914.567942784167826 ], [ 8610706.407475706189871, 3301864.48307091742754 ] ] ] ] } },
{ "type": "Feature", "properties": { "SECTOR_NO": "119", "LANDUSE_DE": "RESIDENTIAL", "ZONE": "NON-CONFORMING", "TOTAL_INDU": 1, "RED": 0, "GREEN": 1, "ORANGE": 0, "WHITE": 0, "SEC(IN HAC": 198.839, "IND(IN HAC": 0.027312, "AREA(%AGE)": 0.01, "AREA(sqmtr": 1535948.0 }, "geometry": { "type": "MultiPolygon", "coordinates": [ [ [ [ 8614077.472315462306142, 3287157.060528073459864 ], [ 8614226.269908314570785, 3287153.957884952425957 ], [ 8614570.663294393569231, 3286922.810972676146775 ], [ 8614755.787667084485292, 3286774.918317392934114 ], [ 8615154.47730772010982, 3286772.849888647906482 ], [ 8615378.901826579123735, 3287008.650765601079911 ], [ 8615366.10342370159924, 3285833.007577562704682 ], [ 8615116.340652717277408, 3285884.201189005747437 ], [ 8615030.371583014726639, 3285957.113302259240299 ], [ 8615111.815964855253696, 3286070.101222468540072 ], [ 8614990.812883263453841, 3286204.549090904649347 ], [ 8614948.151540387421846, 3286225.750485541764647 ], [ 8614945.04889727383852, 3286262.982202957384288 ], [ 8614789.399634197354317, 3286241.522254723124206 ], [ 8614684.943982565775514, 3286119.484958757646382 ], [ 8614702.525626899674535, 3286066.740025755483657 ], [ 8614706.66248439066112, 3285999.516091535799205 ], [ 8614727.346771845594049, 3285926.086871083360165 ], [ 8614830.768209101632237, 3285879.547224315814674 ], [ 8614890.752642711624503, 3285847.486578762531281 ], [ 8615030.371583014726639, 3285957.113302259240299 ], [ 8615116.146737525239587, 3285884.58901939727366 ], [ 8615366.491254089400172, 3285833.589323148131371 ], [ 8615363.776441361755133, 3285262.702989473473281 ], [ 8614227.045569073408842, 3285278.216205060947686 ], [ 8614231.699533754959702, 3285414.732502242550254 ], [ 8614082.772664099931717, 3285416.283823801670223 ], [ 8614077.472315462306142, 3287157.060528073459864 ] ] ] ] } },
{ "type": "Feature", "properties": { "SECTOR_NO": "135", "LANDUSE_DE": "TRANSPORT AND COMMUNICATION", "ZONE": "NON-CONFORMING", "TOTAL_INDU": 2, "RED": 0, "GREEN": 1, "ORANGE": 1, "WHITE": 0, "SEC(IN HAC": 179.516, "IND(IN HAC": 0.706133, "AREA(%AGE)": 0.39, "AREA(sqmtr": 1387644.0 }, "geometry": { "type": "MultiPolygon", "coordinates": [ [ [ [ 8610852.248725812882185, 3282117.634836201090366 ], [ 8612130.028612332418561, 3282114.831150218844414 ], [ 8612107.599124470725656, 3280644.998773909173906 ], [ 8610951.779578192159534, 3280648.503381389658898 ], [ 8610899.911387518048286, 3281002.11827592831105 ], [ 8610895.705858547240496, 3281466.829227524343878 ], [ 8610883.089271627366543, 3281865.65355852805078 ], [ 8610852.248725812882185, 3282117.634836201090366 ] ] ] ] } },
{ "type": "Feature", "properties": { "SECTOR_NO": "145", "LANDUSE_DE": "TRANSPORT AND COMMUNICATION", "ZONE": "NON-CONFORMING", "TOTAL_INDU": 27, "RED": 0, "GREEN": 24, "ORANGE": 0, "WHITE": 0, "SEC(IN HAC": 233.383, "IND(IN HAC": 11.840028, "AREA(%AGE)": 5.07, "AREA(sqmtr": 1803523.0 }, "geometry": { "type": "MultiPolygon", "coordinates": [ [ [ [ 8604388.350693196058273, 3284422.001868224702775 ], [ 8604793.483317665755749, 3284555.176952393725514 ], [ 8605346.860838452354074, 3284548.167737435083836 ], [ 8605353.870053414255381, 3281831.396020423620939 ], [ 8605136.584389770403504, 3282094.94250277383253 ], [ 8605084.716199096292257, 3282024.85035321302712 ], [ 8605021.633264483883977, 3282071.111171924509108 ], [ 8604979.577974751591682, 3282037.466940133366734 ], [ 8604856.215791519731283, 3282111.76461867056787 ], [ 8604839.39367562904954, 3282172.043867292348295 ], [ 8604777.712584014981985, 3282190.618286925833672 ], [ 8604731.451765300706029, 3282242.486477600876242 ], [ 8604673.97620265930891, 3282170.992485048249364 ], [ 8604627.71538395062089, 3282155.572212146129459 ], [ 8604596.874838143587112, 3282206.0385598288849 ], [ 8604455.288696026429534, 3282137.348253258038312 ], [ 8604390.803918430581689, 3282144.357468217145652 ], [ 8604388.350693196058273, 3284422.001868224702775 ] ] ] ] } },
{ "type": "Feature", "properties": { "SECTOR_NO": "58", "LANDUSE_DE": "TRANSPORT AND COMMUNICATION", "ZONE": "NON-CONFORMING", "TOTAL_INDU": 11, "RED": 0, "GREEN": 10, "ORANGE": 1, "WHITE": 0, "SEC(IN HAC": 30.335, "IND(IN HAC": 7.668787, "AREA(%AGE)": 25.28, "AREA(sqmtr": 234279.1 }, "geometry": { "type": "MultiPolygon", "coordinates": [ [ [ [ 8604572.226171303540468, 3287746.926311431452632 ], [ 8605287.579325193539262, 3287627.668466588947922 ], [ 8605034.713911084458232, 3287208.81164566334337 ], [ 8604522.777796620503068, 3287205.709002546966076 ], [ 8604572.226171303540468, 3287746.926311431452632 ] ] ] ] } },
{ "type": "Feature", "properties": { "SECTOR_NO": "147", "LANDUSE_DE": "VILLAGE ABADI", "ZONE": "NON-CONFORMING", "TOTAL_INDU": 4, "RED": 0, "GREEN": 2, "ORANGE": 2, "WHITE": 0, "SEC(IN HAC": 16.059, "IND(IN HAC": 0.181711, "AREA(%AGE)": 1.13, "AREA(sqmtr": 124090.2 }, "geometry": { "type": "MultiPolygon", "coordinates": [ [ [ [ 8600740.197276126593351, 3284044.546991963405162 ], [ 8601137.007272550836205, 3284053.775131411850452 ], [ 8601148.081039894372225, 3283652.812472232151777 ], [ 8600747.579787684604526, 3283640.354483972769231 ], [ 8600740.197276126593351, 3284044.546991963405162 ] ] ] ] } },
{ "type": "Feature", "properties": { "SECTOR_NO": "143", "LANDUSE_DE": "VILLAGE ABADI", "ZONE": "NON-CONFORMING", "TOTAL_INDU": 17, "RED": 0, "GREEN": 17, "ORANGE": 0, "WHITE": 0, "SEC(IN HAC": 36.716, "IND(IN HAC": 0.629299, "AREA(%AGE)": 1.71, "AREA(sqmtr": 283619.9 }, "geometry": { "type": "MultiPolygon", "coordinates": [ [ [ [ 8606079.525978200137615, 3286421.905101404991001 ], [ 8606376.339285116642714, 3286363.817256642971188 ], [ 8606487.084881426766515, 3285889.293404113035649 ], [ 8606082.653178451582789, 3285612.779874090570956 ], [ 8605745.234614076092839, 3285997.454595294315368 ], [ 8606079.525978200137615, 3286421.905101404991001 ] ] ] ] } },
{ "type": "Feature", "properties": { "SECTOR_NO": "46", "LANDUSE_DE": "VILLAGE ABADI", "ZONE": "NON-CONFORMING", "TOTAL_INDU": 13, "RED": 0, "GREEN": 10, "ORANGE": 1, "WHITE": 0, "SEC(IN HAC": 24.184, "IND(IN HAC": 0.625348, "AREA(%AGE)": 2.59, "AREA(sqmtr": 186298.4 }, "geometry": { "type": "MultiPolygon", "coordinates": [ [ [ [ 8605516.205339942127466, 3304930.430432215332985 ], [ 8605525.125438908115029, 3304643.823774194810539 ], [ 8605375.422908464446664, 3304601.550261711701751 ], [ 8605026.375557692721486, 3304525.535505321342498 ], [ 8605028.859734620898962, 3304887.568813228979707 ], [ 8605172.588006583973765, 3305221.85816487390548 ], [ 8605256.564075594767928, 3305160.029630547855049 ], [ 8605516.205339942127466, 3304930.430432215332985 ] ] ] ] } },
{ "type": "Feature", "properties": { "SECTOR_NO": "50", "LANDUSE_DE": "VILLAGE ABADI", "ZONE": "NON-CONFORMING", "TOTAL_INDU": 79, "RED": 0, "GREEN": 76, "ORANGE": 0, "WHITE": 0, "SEC(IN HAC": 17.623, "IND(IN HAC": 3.774239, "AREA(%AGE)": 21.42, "AREA(sqmtr": 135935.7 }, "geometry": { "type": "MultiPolygon", "coordinates": [ [ [ [ 8603848.014032896608114, 3296141.45578573551029 ], [ 8603860.893910320475698, 3295907.27619615662843 ], [ 8603833.963257517665625, 3295789.01550341816619 ], [ 8603771.905666280537844, 3295744.521381399128586 ], [ 8603705.164483251050115, 3295737.495993711519986 ], [ 8603392.534731160849333, 3295807.749870585743338 ], [ 8603463.95950598269701, 3296143.797581631690264 ], [ 8603638.423300221562386, 3296204.68427492165938 ], [ 8603750.829503217712045, 3296209.367866713088006 ], [ 8603848.014032896608114, 3296141.45578573551029 ] ] ] ] } },
{ "type": "Feature", "properties": { "SECTOR_NO": "134", "LANDUSE_DE": "VILLAGE ABADI", "ZONE": "NON-CONFORMING", "TOTAL_INDU": 17, "RED": 0, "GREEN": 15, "ORANGE": 2, "WHITE": 0, "SEC(IN HAC": 86.818, "IND(IN HAC": 1.342764, "AREA(%AGE)": 1.55, "AREA(sqmtr": 671088.4 }, "geometry": { "type": "MultiPolygon", "coordinates": [ [ [ [ 8612406.872578134760261, 3281896.582182757556438 ], [ 8612550.831553587689996, 3281861.515252842567861 ], [ 8612582.207227721810341, 3281937.185996346175671 ], [ 8612667.106110678985715, 3281883.662787524983287 ], [ 8612692.944901142269373, 3281920.575345332268625 ], [ 8612770.461272537708282, 3281922.420973222702742 ], [ 8612884.890201745554805, 3281975.944182043895125 ], [ 8613226.331361463293433, 3281802.45516035053879 ], [ 8613309.38461652956903, 3281800.609532457310706 ], [ 8613486.564894007518888, 3281549.604139367584139 ], [ 8613421.967917846515775, 3281200.319061111658812 ], [ 8613224.485733572393656, 3281091.427015577908605 ], [ 8613115.593688040971756, 3280973.306830597575754 ], [ 8612700.327412705868483, 3281076.661992456763983 ], [ 8612329.356206739321351, 3281233.540363137610257 ], [ 8612314.591183613985777, 3281717.094870418775827 ], [ 8612406.872578134760261, 3281896.582182757556438 ] ] ] ] } },
{ "type": "Feature", "properties": { "SECTOR_NO": "18", "LANDUSE_DE": "VILLAGE ABADI", "ZONE": "NON-CONFORMING", "TOTAL_INDU": 17, "RED": 0, "GREEN": 16, "ORANGE": 0, "WHITE": 0, "SEC(IN HAC": 51.961, "IND(IN HAC": 0.462209, "AREA(%AGE)": 0.89, "AREA(sqmtr": 400431.4 }, "geometry": { "type": "MultiPolygon", "coordinates": [ [ [ [ 8606983.093288404867053, 3302039.268749260343611 ], [ 8607026.123787997290492, 3302272.570165375247598 ], [ 8607053.05444079451263, 3302307.697103812359273 ], [ 8607076.472399754449725, 3302315.893389448523521 ], [ 8607122.137419721111655, 3302297.159022280015051 ], [ 8607248.594398096203804, 3302272.570165375247598 ], [ 8607338.753540080040693, 3302281.937348958104849 ], [ 8607359.829703142866492, 3302379.121878633741289 ], [ 8607351.633417509496212, 3302400.198041696101427 ], [ 8607348.120723662897944, 3302540.705795444082469 ], [ 8607362.171499041840434, 3302575.832733879797161 ], [ 8607626.501710776239634, 3302540.705795444082469 ], [ 8607727.19893429800868, 3302513.482418152038008 ], [ 8607943.815054651349783, 3302341.360419816337526 ], [ 8608022.26521716080606, 3302308.57527727400884 ], [ 8608030.461502799764276, 3302078.493830512743443 ], [ 8607996.505462313070893, 3302018.778035169001669 ], [ 8607884.099259311333299, 3301948.524158297106624 ], [ 8607854.826810615137219, 3301881.782975265756249 ], [ 8607833.750647554174066, 3301735.420731779187918 ], [ 8607596.058364132419229, 3301804.503710704855621 ], [ 8607370.660509161651134, 3301931.253413565922529 ], [ 8607197.51397511921823, 3302002.092739414423704 ], [ 8606983.093288404867053, 3302039.268749260343611 ] ] ] ] } },
{ "type": "Feature", "properties": { "SECTOR_NO": "24", "LANDUSE_DE": "VILLAGE ABADI", "ZONE": "NON-CONFORMING", "TOTAL_INDU": 139, "RED": 0, "GREEN": 134, "ORANGE": 0, "WHITE": 0, "SEC(IN HAC": 8.18, "IND(IN HAC": 2.981736, "AREA(%AGE)": 36.45, "AREA(sqmtr": 63102.45 }, "geometry": { "type": "MultiPolygon", "coordinates": [ [ [ [ 8606097.563094172626734, 3295319.89641676004976 ], [ 8606131.692168472334743, 3295130.247356174979359 ], [ 8605970.245310427621007, 3295127.427121920976788 ], [ 8605968.399682542309165, 3295062.830145759042352 ], [ 8605714.625847611576319, 3295074.826727046165615 ], [ 8605701.937155865132809, 3295259.620219568256289 ], [ 8605910.493107479065657, 3295246.70082433661446 ], [ 8605902.187781972810626, 3295341.981364177539945 ], [ 8605984.318223092705011, 3295348.441061795223504 ], [ 8606003.697315940633416, 3295310.605690042953938 ], [ 8606097.563094172626734, 3295319.89641676004976 ] ] ] ] } },
{ "type": "Feature", "properties": { "SECTOR_NO": "90", "LANDUSE_DE": "VILLAGE ABADI", "ZONE": "NON-CONFORMING", "TOTAL_INDU": 1, "RED": 0, "GREEN": 1, "ORANGE": 0, "WHITE": 0, "SEC(IN HAC": 11.858, "IND(IN HAC": 0.151326, "AREA(%AGE)": 1.28, "AREA(sqmtr": 91357.32 }, "geometry": { "type": "MultiPolygon", "coordinates": [ [ [ [ 8608567.903660835698247, 3303874.944007080979645 ], [ 8608596.883385047316551, 3303840.987966592889279 ], [ 8608605.079670680686831, 3303559.972459098789841 ], [ 8608227.172357998788357, 3303571.681438577361405 ], [ 8608221.317868258804083, 3303891.33657835284248 ], [ 8608567.903660835698247, 3303874.944007080979645 ] ] ] ] } },
{ "type": "Feature", "properties": { "SECTOR_NO": "52-A", "LANDUSE_DE": "VILLAGE ABADI", "ZONE": "NON-CONFORMING", "TOTAL_INDU": 75, "RED": 2, "GREEN": 45, "ORANGE": 27, "WHITE": 0, "SEC(IN HAC": 50.103, "IND(IN HAC": 2.922073, "AREA(%AGE)": 5.83, "AREA(sqmtr": 388084.0 }, "geometry": { "type": "MultiPolygon", "coordinates": [ [ [ [ 8601692.57386370562017, 3292638.860936802811921 ], [ 8601640.157331360504031, 3292548.958100509829819 ], [ 8601645.234650075435638, 3292539.91412655217573 ], [ 8601702.67181801982224, 3292632.495859960094094 ], [ 8601837.765209244564176, 3292575.046998640988022 ], [ 8601783.903903644531965, 3292507.134917661082 ], [ 8601842.448801035061479, 3292504.793121767230332 ], [ 8601514.597375623881817, 3291848.50482196547091 ], [ 8601324.911908067762852, 3291937.493066004477441 ], [ 8600927.392054749652743, 3292200.359655311331153 ], [ 8601093.659563351422548, 3292481.375162809155881 ], [ 8601105.368542831391096, 3292553.970835576299578 ], [ 8601299.152153206989169, 3292812.153833092655987 ], [ 8601692.57386370562017, 3292638.860936802811921 ] ] ] ] } },
{ "type": "Feature", "properties": { "SECTOR_NO": "58", "LANDUSE_DE": "VILLAGE ABADI", "ZONE": "NON-CONFORMING", "TOTAL_INDU": 12, "RED": 0, "GREEN": 10, "ORANGE": 0, "WHITE": 0, "SEC(IN HAC": 33.658, "IND(IN HAC": 1.958687, "AREA(%AGE)": 5.82, "AREA(sqmtr": 193243.3 }, "geometry": { "type": "MultiPolygon", "coordinates": [ [ [ [ 8605616.653410900384188, 3288378.702016317285597 ], [ 8605356.225304178893566, 3287747.120226627681404 ], [ 8605086.295352915301919, 3287872.389442517887801 ], [ 8605086.295352915301919, 3287872.389442517887801 ], [ 8605129.269112359732389, 3288474.12329845642671 ], [ 8605616.653410900384188, 3288378.702016317285597 ], [ 8605616.653410900384188, 3288378.702016317285597 ] ] ] ] } },
{ "type": "Feature", "properties": { "SECTOR_NO": "58", "LANDUSE_DE": "VILLAGE ABADI", "ZONE": "NON-CONFORMING", "TOTAL_INDU": 12, "RED": 0, "GREEN": 10, "ORANGE": 0, "WHITE": 0, "SEC(IN HAC": 33.658, "IND(IN HAC": 1.958687, "AREA(%AGE)": 5.82, "AREA(sqmtr": 66687.79 }, "geometry": { "type": "MultiPolygon", "coordinates": [ [ [ [ 8604743.065457999706268, 3286879.543644770048559 ], [ 8604854.760610243305564, 3286860.927786064334214 ], [ 8604662.396736929193139, 3286496.367219701875001 ], [ 8604560.009514039382339, 3286556.868760504759848 ], [ 8604528.013016119599342, 3286605.077449133154005 ], [ 8604563.13995455391705, 3286694.065693172160536 ], [ 8604539.842333771288395, 3286932.288577776402235 ], [ 8604663.948058487847447, 3286941.596507131122053 ], [ 8604743.065457999706268, 3286879.543644770048559 ] ] ] ] } },
{ "type": "Feature", "properties": { "SECTOR_NO": "15-A", "LANDUSE_DE": "VILLAGE ABADI", "ZONE": "NON-CONFORMING", "TOTAL_INDU": 10, "RED": 0, "GREEN": 9, "ORANGE": 0, "WHITE": 0, "SEC(IN HAC": 16.092, "IND(IN HAC": 0.452633, "AREA(%AGE)": 2.81, "AREA(sqmtr": 124065.5 }, "geometry": { "type": "MultiPolygon", "coordinates": [ [ [ [ 8607125.483302725479007, 3299104.660471523646265 ], [ 8607130.912928178906441, 3299007.508958897087723 ], [ 8607129.361606614664197, 3298946.619587711524218 ], [ 8607112.081608287990093, 3298933.39026217488572 ], [ 8607055.544555915519595, 3298925.116547194775194 ], [ 8606975.565311104059219, 3298874.09530481044203 ], [ 8606956.259976144880056, 3298838.242539897095412 ], [ 8606901.101876273751259, 3298843.758349883370101 ], [ 8606799.05939151160419, 3298916.8428322118707 ], [ 8606713.564336709678173, 3299069.906559356953949 ], [ 8606687.36423927359283, 3299145.748946681153029 ], [ 8606690.12214426510036, 3299200.907046555075794 ], [ 8606768.722436586394906, 3299257.444098923355341 ], [ 8606870.76492134667933, 3299351.2128687039949 ], [ 8606913.512448746711016, 3299351.2128687039949 ], [ 8606970.049501117318869, 3299322.254866272211075 ], [ 8606968.670548617839813, 3299297.433721329085529 ], [ 8607084.502558352425694, 3299269.854671394452453 ], [ 8607117.72669493034482, 3299248.739461306482553 ], [ 8607125.483302725479007, 3299104.660471523646265 ] ] ] ] } },
{ "type": "Feature", "properties": { "SECTOR_NO": "140", "LANDUSE_DE": "VILLAGE ABADI", "ZONE": "NON-CONFORMING", "TOTAL_INDU": 49, "RED": 0, "GREEN": 46, "ORANGE": 0, "WHITE": 0, "SEC(IN HAC": 36.598, "IND(IN HAC": 1.779985, "AREA(%AGE)": 4.86, "AREA(sqmtr": 282659.9 }, "geometry": { "type": "MultiPolygon", "coordinates": [ [ [ [ 8608559.853737488389015, 3287418.266073927748948 ], [ 8609172.233364237472415, 3287417.095175980124623 ], [ 8609337.329974889755249, 3287315.22705451445654 ], [ 8609127.73924221470952, 3286928.24528273800388 ], [ 8609005.965855637565255, 3286932.928874528035522 ], [ 8609003.331335255876184, 3286841.598834593314677 ], [ 8608580.321279237046838, 3286844.630829921923578 ], [ 8608569.289659265428782, 3286876.346737347077578 ], [ 8608559.853737488389015, 3287418.266073927748948 ] ] ] ] } },
{ "type": "Feature", "properties": { "SECTOR_NO": "1", "LANDUSE_DE": "VILLAGE ABADI", "ZONE": "NON-CONFORMING", "TOTAL_INDU": 36, "RED": 0, "GREEN": 33, "ORANGE": 0, "WHITE": 0, "SEC(IN HAC": 65.247, "IND(IN HAC": 3.071075, "AREA(%AGE)": 4.71, "AREA(sqmtr": 503603.0 }, "geometry": { "type": "MultiPolygon", "coordinates": [ [ [ [ 8607756.741900505498052, 3291965.026188660878688 ], [ 8608163.532887065783143, 3291807.825604028534144 ], [ 8608305.220256110653281, 3291664.069806236773729 ], [ 8608324.525591064244509, 3291534.448271535802633 ], [ 8608200.419866355136037, 3291262.449891542084515 ], [ 8608119.061669042333961, 3291127.312546857167035 ], [ 8608043.21928172186017, 3291091.459781941026449 ], [ 8607980.132204992696643, 3291070.775494487024844 ], [ 8607727.783898074179888, 3291109.386164399795234 ], [ 8607618.846650825813413, 3291145.238929314538836 ], [ 8607536.109501019120216, 3291234.870841606985778 ], [ 8607396.835298845544457, 3291274.860464014112949 ], [ 8607224.466236744076014, 3291320.365896407980472 ], [ 8607206.539854286238551, 3291403.103046216536313 ], [ 8607231.360999226570129, 3291505.145530981943011 ], [ 8607374.772058896720409, 3291641.661828163079917 ], [ 8607756.741900505498052, 3291965.026188660878688 ] ] ] ] } },
{ "type": "Feature", "properties": { "SECTOR_NO": "63", "LANDUSE_DE": "VILLAGE ABADI", "ZONE": "NON-CONFORMING", "TOTAL_INDU": 98, "RED": 0, "GREEN": 88, "ORANGE": 1, "WHITE": 0, "SEC(IN HAC": 27.01, "IND(IN HAC": 3.718793, "AREA(%AGE)": 13.77, "AREA(sqmtr": 208512.7 }, "geometry": { "type": "MultiPolygon", "coordinates": [ [ [ [ 8608749.587698208168149, 3290432.320488471072167 ], [ 8608836.203151792287827, 3289974.357436620164663 ], [ 8608616.174044143408537, 3289836.613009852357209 ], [ 8608287.983349906280637, 3289939.000232743099332 ], [ 8608307.288684859871864, 3290108.611389849800617 ], [ 8608205.246200097724795, 3290345.791219298262149 ], [ 8608341.762497281655669, 3290487.823326468002051 ], [ 8608629.963569112122059, 3290316.488478740211576 ], [ 8608749.587698208168149, 3290432.320488471072167 ], [ 8608749.587698208168149, 3290432.320488471072167 ] ] ] ] } },
{ "type": "Feature", "properties": { "SECTOR_NO": "117", "LANDUSE_DE": "VILLAGE ABADI", "ZONE": "NON-CONFORMING", "TOTAL_INDU": 7, "RED": 0, "GREEN": 6, "ORANGE": 0, "WHITE": 0, "SEC(IN HAC": 43.145, "IND(IN HAC": 0.444118, "AREA(%AGE)": 1.03, "AREA(sqmtr": 333283.0 }, "geometry": { "type": "MultiPolygon", "coordinates": [ [ [ [ 8611953.842378102242947, 3286009.632000842597336 ], [ 8611950.739734983071685, 3285745.13167504966259 ], [ 8611665.296568147838116, 3285450.380578858312219 ], [ 8611634.270136963576078, 3285618.181860813871026 ], [ 8611424.324619326740503, 3285617.147646439727396 ], [ 8611139.140006087720394, 3285971.366069053765386 ], [ 8611327.367021899670362, 3286139.943011788651347 ], [ 8611701.494071189314127, 3286367.470173760317266 ], [ 8611925.918590037152171, 3286127.532439319416881 ], [ 8611953.842378102242947, 3286009.632000842597336 ] ] ] ] } },
{ "type": "Feature", "properties": { "SECTOR_NO": "116", "LANDUSE_DE": "VILLAGE ABADI", "ZONE": "NON-CONFORMING", "TOTAL_INDU": 19, "RED": 0, "GREEN": 19, "ORANGE": 0, "WHITE": 0, "SEC(IN HAC": 38.407, "IND(IN HAC": 0.975711, "AREA(%AGE)": 2.54, "AREA(sqmtr": 296577.7 }, "geometry": { "type": "MultiPolygon", "coordinates": [ [ [ [ 8613146.463918792083859, 3288617.575910408981144 ], [ 8613220.927353616803885, 3288332.822219820227474 ], [ 8613193.348303681239486, 3288325.927457338199019 ], [ 8613193.348303681239486, 3288036.347433009184897 ], [ 8613043.042481530457735, 3288033.589528016280383 ], [ 8612948.756604559719563, 3288030.228331312071532 ], [ 8612919.798602122813463, 3288062.288976862560958 ], [ 8612879.464241590350866, 3288057.117904998827726 ], [ 8612877.395812848582864, 3288050.91261876327917 ], [ 8612740.87951566465199, 3288040.570475038141012 ], [ 8612664.347652090713382, 3288130.547125453595072 ], [ 8612627.115934677422047, 3288180.189415337052196 ], [ 8612511.283924948424101, 3288368.933538338169456 ], [ 8612517.489211183041334, 3288394.788897652644664 ], [ 8612604.363218480721116, 3288389.617825788911432 ], [ 8612602.294789738953114, 3288640.931918332818896 ], [ 8612713.731388380751014, 3288742.284926845226437 ], [ 8612772.681607624515891, 3288749.524427454452962 ], [ 8612928.847977885976434, 3288722.634853766299784 ], [ 8613028.132557651028037, 3288702.984780685976148 ], [ 8613146.463918792083859, 3288617.575910408981144 ] ] ] ] } },
{ "type": "Feature", "properties": { "SECTOR_NO": "95", "LANDUSE_DE": "VILLAGE ABADI", "ZONE": "NON-CONFORMING", "TOTAL_INDU": 2, "RED": 0, "GREEN": 2, "ORANGE": 0, "WHITE": 0, "SEC(IN HAC": 9.744, "IND(IN HAC": 0.155057, "AREA(%AGE)": 1.59, "AREA(sqmtr": 97204.35 }, "geometry": { "type": "MultiPolygon", "coordinates": [ [ [ [ 8617539.46183549053967, 3301875.514690895564854 ], [ 8617532.567073004320264, 3301618.167681176681072 ], [ 8617605.651555335149169, 3301594.725488733034581 ], [ 8617465.687876913696527, 3301385.124709220137447 ], [ 8617331.240008471533656, 3301407.187949168961495 ], [ 8617242.297572432085872, 3301470.619764021132141 ], [ 8617232.644904948771, 3301571.455665347632021 ], [ 8617258.845002390444279, 3301646.780945488717407 ], [ 8617223.681713718920946, 3301657.812565461266786 ], [ 8617362.783546837046742, 3301866.034392477944493 ], [ 8617539.46183549053967, 3301875.514690895564854 ] ] ] ] } },
{ "type": "Feature", "properties": { "SECTOR_NO": "95", "LANDUSE_DE": "VILLAGE ABADI", "ZONE": "NON-CONFORMING", "TOTAL_INDU": 2, "RED": 0, "GREEN": 2, "ORANGE": 0, "WHITE": 0, "SEC(IN HAC": 9.744, "IND(IN HAC": 0.155057, "AREA(%AGE)": 1.59, "AREA(sqmtr": 75102.68 }, "geometry": { "type": "MultiPolygon", "coordinates": [ [ [ [ 8616757.595769802108407, 3301336.344264645595104 ], [ 8616961.680739330127835, 3301505.955421750899404 ], [ 8617084.407511545345187, 3301453.555226874537766 ], [ 8617226.439618716016412, 3301305.317833468783647 ], [ 8617007.186171725392342, 3301110.196055171079934 ], [ 8616757.595769802108407, 3301336.344264645595104 ] ] ] ] } },
{ "type": "Feature", "properties": { "SECTOR_NO": "119", "LANDUSE_DE": "VILLAGE ABADI", "ZONE": "NON-CONFORMING", "TOTAL_INDU": 10, "RED": 0, "GREEN": 9, "ORANGE": 0, "WHITE": 0, "SEC(IN HAC": 67.188, "IND(IN HAC": 0.806292, "AREA(%AGE)": 1.2, "AREA(sqmtr": 518918.4 }, "geometry": { "type": "MultiPolygon", "coordinates": [ [ [ [ 8615378.901826579123735, 3287099.920183983631432 ], [ 8615378.901826579123735, 3287008.650765601079911 ], [ 8615154.47730772010982, 3286772.849888647906482 ], [ 8614755.787667084485292, 3286774.918317392934114 ], [ 8614570.663294393569231, 3286922.810972676146775 ], [ 8614226.269908314570785, 3287153.957884952425957 ], [ 8614639.697103761136532, 3287605.133904997259378 ], [ 8615018.219564132392406, 3287645.468265532050282 ], [ 8615073.032925879582763, 3287617.544477468822151 ], [ 8615183.43531015701592, 3287533.773113287519664 ], [ 8615221.701241940259933, 3287460.343892834149301 ], [ 8615250.659244377166033, 3287310.899915996007621 ], [ 8615290.993604904040694, 3287163.007260711397976 ], [ 8615359.251753501594067, 3287099.920183983631432 ], [ 8615378.901826579123735, 3287099.920183983631432 ] ] ] ] } },
{ "type": "Feature", "properties": { "SECTOR_NO": "119", "LANDUSE_DE": "VILLAGE ABADI", "ZONE": "NON-CONFORMING", "TOTAL_INDU": 10, "RED": 0, "GREEN": 9, "ORANGE": 0, "WHITE": 0, "SEC(IN HAC": 67.188, "IND(IN HAC": 0.806292, "AREA(%AGE)": 1.2, "AREA(sqmtr": 88397.95 }, "geometry": { "type": "MultiPolygon", "coordinates": [ [ [ [ 8614945.04889727383852, 3286262.982202957384288 ], [ 8614948.151540387421846, 3286225.750485541764647 ], [ 8614990.812883263453841, 3286204.549090904649347 ], [ 8615111.815964855253696, 3286070.101222468540072 ], [ 8615030.371583014726639, 3285957.113302259240299 ], [ 8614890.752642711624503, 3285847.486578762531281 ], [ 8614830.768209101632237, 3285879.547224315814674 ], [ 8614727.346771845594049, 3285926.086871083360165 ], [ 8614706.66248439066112, 3285999.516091535799205 ], [ 8614702.525626899674535, 3286066.740025755483657 ], [ 8614684.943982565775514, 3286119.484958757646382 ], [ 8614789.399634197354317, 3286241.522254723124206 ], [ 8614945.04889727383852, 3286262.982202957384288 ] ] ] ] } },
{ "type": "Feature", "properties": { "SECTOR_NO": "79", "LANDUSE_DE": "COMMERCIAL", "ZONE": "NON-CONFORMING", "TOTAL_INDU": 5, "RED": 0, "GREEN": 4, "ORANGE": 0, "WHITE": 0, "SEC(IN HAC": 36.073, "IND(IN HAC": 1.066563, "AREA(%AGE)": 2.96, "AREA(sqmtr": 1541914.0 }, "geometry": { "type": "MultiPolygon", "coordinates": [ [ [ [ 8610662.399499488994479, 3297902.67713617766276 ], [ 8611932.156195446848869, 3297885.612599028740078 ], [ 8611932.156195441260934, 3296287.363562971353531 ], [ 8610725.228022621944547, 3296284.260919853579253 ], [ 8610697.304234562441707, 3297307.745318337343633 ], [ 8610672.483089622110128, 3297414.786505904048681 ], [ 8610604.224941024556756, 3297566.816018674522638 ], [ 8610643.00798000022769, 3297655.241347531788051 ], [ 8610662.399499488994479, 3297902.67713617766276 ] ] ] ] } },
{ "type": "Feature", "properties": { "SECTOR_NO": "79", "LANDUSE_DE": "COMMERCIAL", "ZONE": "NON-CONFORMING", "TOTAL_INDU": 5, "RED": 0, "GREEN": 4, "ORANGE": 0, "WHITE": 0, "SEC(IN HAC": 36.073, "IND(IN HAC": 1.066563, "AREA(%AGE)": 2.96, "AREA(sqmtr": 278174.1 }, "geometry": { "type": "MultiPolygon", "coordinates": [ [ [ [ 8612007.427610298618674, 3297537.922654618509114 ], [ 8612006.61963027343154, 3297880.958634352777153 ], [ 8613046.78073551133275, 3297871.650704998988658 ], [ 8613075.77105718664825, 3297530.683154010679573 ], [ 8612230.30080758407712, 3297535.854225873015821 ], [ 8612007.427610298618674, 3297537.922654618509114 ] ] ] ] } },
{ "type": "Feature", "properties": { "SECTOR_NO": "144", "LANDUSE_DE": "INDUSTRIAL", "ZONE": "CONFORMING", "TOTAL_INDU": 42, "RED": 2, "GREEN": 29, "ORANGE": 3, "WHITE": 0, "SEC(IN HAC": 431.085, "IND(IN HAC": 7.606664, "AREA(%AGE)": 1.76, "AREA(sqmtr": 3408501.0 }, "geometry": { "type": "MultiPolygon", "coordinates": [ [ [ [ 8605421.859438490122557, 3284085.209089583251625 ], [ 8607013.301694283261895, 3284069.788816680666059 ], [ 8607449.442936725914478, 3281837.640277249738574 ], [ 8607326.964063575491309, 3281813.872983033303171 ], [ 8607252.666385039687157, 3281854.52642977796495 ], [ 8607192.387136420235038, 3281801.256396111566573 ], [ 8607137.71525976061821, 3281851.722743793856353 ], [ 8607092.856284040957689, 3281808.265611066948622 ], [ 8606924.635125085711479, 3281920.41305036470294 ], [ 8606837.720859633758664, 3281841.909842859022319 ], [ 8606749.404751187190413, 3281867.14301670063287 ], [ 8606648.472055818885565, 3281747.98636244609952 ], [ 8606584.33773896843195, 3281792.845338163431734 ], [ 8606467.984770698472857, 3281711.538444674108177 ], [ 8606434.340538904070854, 3281735.369775524828583 ], [ 8606406.303679082542658, 3281673.688683909829706 ], [ 8606308.174669694155455, 3281586.774418452754617 ], [ 8606265.067997716367245, 3281569.601841810159385 ], [ 8606104.206514466553926, 3281416.450495017692447 ], [ 8606104.206514466553926, 3281382.806263227481395 ], [ 8606021.497777990996838, 3281314.115956658497453 ], [ 8606000.470133118331432, 3281322.527014605235308 ], [ 8605907.948495695367455, 3281242.621964106336236 ], [ 8605785.988155459985137, 3281356.171246393583715 ], [ 8605728.512592820450664, 3281489.346330562140793 ], [ 8605420.457595493644476, 3281796.700406388379633 ], [ 8605421.859438490122557, 3284085.209089583251625 ] ] ] ] } },
{ "type": "Feature", "properties": { "SECTOR_NO": "70", "LANDUSE_DE": "INDUSTRIAL", "ZONE": "CONFORMING", "TOTAL_INDU": 9, "RED": 0, "GREEN": 7, "ORANGE": 1, "WHITE": 0, "SEC(IN HAC": 8.702, "IND(IN HAC": 0.344369, "AREA(%AGE)": 3.96, "AREA(sqmtr": 67169.74 }, "geometry": { "type": "MultiPolygon", "coordinates": [ [ [ [ 8611099.221509888768196, 3291759.590524943545461 ], [ 8611275.478973424062133, 3291554.492236837744713 ], [ 8611448.967995116487145, 3291378.001584124751389 ], [ 8611454.504878787323833, 3291283.873236069921404 ], [ 8611148.130648981779814, 3291278.336274418979883 ], [ 8611099.221509888768196, 3291759.590524943545461 ] ] ] ] } },
{ "type": "Feature", "properties": { "SECTOR_NO": "74", "LANDUSE_DE": "INDUSTRIAL", "ZONE": "CONFORMING", "TOTAL_INDU": 1, "RED": 0, "GREEN": 1, "ORANGE": 0, "WHITE": 0, "SEC(IN HAC": 98.487, "IND(IN HAC": 0.040995, "AREA(%AGE)": 0.04, "AREA(sqmtr": 759876.5 }, "geometry": { "type": "MultiPolygon", "coordinates": [ [ [ [ 8610689.793945396319032, 3294608.484305864199996 ], [ 8610823.01335478015244, 3293591.198479788843542 ], [ 8609881.51242720335722, 3293527.523361507803202 ], [ 8609770.440552501007915, 3294620.481070109643042 ], [ 8610689.793945396319032, 3294608.484305864199996 ] ] ] ] } },
{ "type": "Feature", "properties": { "SECTOR_NO": "105-A", "LANDUSE_DE": "INDUSTRIAL", "ZONE": "CONFORMING", "TOTAL_INDU": 4, "RED": 0, "GREEN": 4, "ORANGE": 0, "WHITE": 0, "SEC(IN HAC": 155.722, "IND(IN HAC": 0.3942, "AREA(%AGE)": 0.25, "AREA(sqmtr": 1277738.0 }, "geometry": { "type": "MultiPolygon", "coordinates": [ [ [ [ 8613158.960675792768598, 3294101.777720853686333 ], [ 8613076.223525984212756, 3294155.556868228130043 ], [ 8612792.84878789447248, 3294167.967440700158477 ], [ 8612693.564208121970296, 3294153.48843948263675 ], [ 8612753.548641731962562, 3294074.888147166464478 ], [ 8612743.206498002633452, 3294010.766856066416949 ], [ 8612641.853489488363266, 3293967.329852414317429 ], [ 8612637.716632002964616, 3293936.303421237505972 ], [ 8612720.453781811520457, 3293855.634700174909085 ], [ 8612753.548641731962562, 3293698.43411553837359 ], [ 8612817.669932832941413, 3293599.149535771925002 ], [ 8612879.722795186564326, 3293553.64410337433219 ], [ 8612989.349518680945039, 3293493.659669764339924 ], [ 8613028.649664841592312, 3293504.001813490409404 ], [ 8613076.223525984212756, 3293582.602105807512999 ], [ 8613096.907813433557749, 3293640.518110674805939 ], [ 8613192.055535713210702, 3293859.771557665430009 ], [ 8613202.397679438814521, 3293975.603567397687584 ], [ 8613158.960675792768598, 3294101.777720853686333 ], [ 8613276.731837455183268, 3294230.795963836833835 ], [ 8613286.169043622910976, 3293358.177586955949664 ], [ 8613245.059022251516581, 3293143.125635872595012 ], [ 8612613.186359796673059, 3293154.081844384782016 ], [ 8612212.945397598668933, 3293175.800346205942333 ], [ 8612122.968747187405825, 3293200.621491149067879 ], [ 8612122.419320842251182, 3293387.135589388199151 ], [ 8612107.423212435096502, 3293455.005907591432333 ], [ 8612066.054637536406517, 3293556.488192901015282 ], [ 8612028.822920119389892, 3293663.658657261170447 ], [ 8612049.21602494455874, 3294727.048495321534574 ], [ 8613269.67651060782373, 3294728.317824999801815 ], [ 8613276.344007078558207, 3294230.02030305750668 ], [ 8613158.960675792768598, 3294101.777720853686333 ] ] ] ] } },
{ "type": "Feature", "properties": { "SECTOR_NO": "109", "LANDUSE_DE": "OPEN SPACE", "ZONE": "NON-CONFORMING", "TOTAL_INDU": 1, "RED": 0, "GREEN": 1, "ORANGE": 0, "WHITE": 0, "SEC(IN HAC": 54.986, "IND(IN HAC": 0.035764, "AREA(%AGE)": 0.07, "AREA(sqmtr": 424395.9 }, "geometry": { "type": "MultiPolygon", "coordinates": [ [ [ [ 8613789.572889428585768, 3292186.735894813202322 ], [ 8613802.845307268202305, 3291809.85264072753489 ], [ 8613805.086105016991496, 3291296.665150392334908 ], [ 8613027.874004004523158, 3291293.562507275491953 ], [ 8613210.929947959259152, 3292194.492502604611218 ], [ 8613491.719150122255087, 3291981.961449038237333 ], [ 8613789.572889428585768, 3292186.735894813202322 ] ] ] ] } },
{ "type": "Feature", "properties": { "SECTOR_NO": "109", "LANDUSE_DE": "OPEN SPACE", "ZONE": "NON-CONFORMING", "TOTAL_INDU": 1, "RED": 0, "GREEN": 1, "ORANGE": 0, "WHITE": 0, "SEC(IN HAC": 54.986, "IND(IN HAC": 0.035764, "AREA(%AGE)": 0.07, "AREA(sqmtr": 100015.8 }, "geometry": { "type": "MultiPolygon", "coordinates": [ [ [ [ 8613806.465057574212551, 3292510.180181868374348 ], [ 8613482.411220826208591, 3292577.749813900794834 ], [ 8613231.441866409033537, 3292431.578773205168545 ], [ 8613249.368248866870999, 3292507.422237707301974 ], [ 8613272.810441311448812, 3292550.170372254215181 ], [ 8613301.768443742766976, 3292588.781590559519827 ], [ 8613442.421598417684436, 3292718.40496636275202 ], [ 8613602.035349922254682, 3292762.87681605713442 ], [ 8613640.646019829437137, 3292782.182425229344517 ], [ 8613710.972597170621157, 3292860.783834019675851 ], [ 8613726.141074633225799, 3293051.426724764984101 ], [ 8613800.604509457945824, 3293054.184668937232345 ], [ 8613806.465057574212551, 3292510.180181868374348 ] ] ] ] } },
{ "type": "Feature", "properties": { "SECTOR_NO": "117", "LANDUSE_DE": "OPEN SPACE", "ZONE": "NON-CONFORMING", "TOTAL_INDU": 5, "RED": 0, "GREEN": 4, "ORANGE": 1, "WHITE": 0, "SEC(IN HAC": 123.179, "IND(IN HAC": 0.73388, "AREA(%AGE)": 0.6, "AREA(sqmtr": 951385.8 }, "geometry": { "type": "MultiPolygon", "coordinates": [ [ [ [ 8612438.113258078694344, 3287368.331132846418768 ], [ 8612431.649418255314231, 3286813.733675541356206 ], [ 8612097.081068716943264, 3286808.045496488455683 ], [ 8611962.116093084216118, 3286823.300158485304564 ], [ 8610592.04060298204422, 3286836.744945329148322 ], [ 8610725.454257046803832, 3285312.312960115727037 ], [ 8610609.880800925195217, 3285314.381388861685991 ], [ 8610600.572871571406722, 3285379.53689433587715 ], [ 8610587.128084726631641, 3285517.34595948504284 ], [ 8610555.067439176142216, 3285864.841988680418581 ], [ 8610560.238511038944125, 3285912.157296226825565 ], [ 8610452.680216286331415, 3287179.069902659393847 ], [ 8610649.180947080254555, 3287177.001473914366215 ], [ 8610642.975660845637321, 3287395.220706532709301 ], [ 8612438.113258078694344, 3287368.331132846418768 ] ] ] ] } },
{ "type": "Feature", "properties": { "SECTOR_NO": "77", "LANDUSE_DE": "PUBLIC AND SEMI-PUBLIC USES", "ZONE": "NON-CONFORMING", "TOTAL_INDU": 5, "RED": 0, "GREEN": 5, "ORANGE": 0, "WHITE": 0, "SEC(IN HAC": 32.61, "IND(IN HAC": 1.065637, "AREA(%AGE)": 3.27, "AREA(sqmtr": 251547.2 }, "geometry": { "type": "MultiPolygon", "coordinates": [ [ [ [ 8612230.397765142843127, 3296158.991703970357776 ], [ 8612238.930033719167113, 3294800.80967915430665 ], [ 8612048.117481969296932, 3294798.094866427592933 ], [ 8612046.566160412505269, 3295099.82690963242203 ], [ 8612048.117481969296932, 3295200.6628109626472 ], [ 8612038.809552615508437, 3295298.396069169975817 ], [ 8612035.706909501925111, 3295380.616111793555319 ], [ 8612001.965665595605969, 3295481.839843510650098 ], [ 8611936.810160119086504, 3295555.139787167776376 ], [ 8611876.308619322255254, 3295662.18097473308444 ], [ 8611891.821834908798337, 3295758.362911385018378 ], [ 8611927.502230765298009, 3295851.442204918712378 ], [ 8611970.939234416931868, 3295961.586035601329058 ], [ 8612020.58152430318296, 3296051.562686016783118 ], [ 8612017.091050794348121, 3296154.337739294394851 ], [ 8612230.397765142843127, 3296158.991703970357776 ] ] ] ] } },
{ "type": "Feature", "properties": { "SECTOR_NO": "86", "LANDUSE_DE": "PUBLIC AND SEMI-PUBLIC USES", "ZONE": "NON-CONFORMING", "TOTAL_INDU": 6, "RED": 0, "GREEN": 3, "ORANGE": 2, "WHITE": 0, "SEC(IN HAC": 33.139, "IND(IN HAC": 0.70731, "AREA(%AGE)": 2.13, "AREA(sqmtr": 255458.4 }, "geometry": { "type": "MultiPolygon", "coordinates": [ [ [ [ 8610276.896092113107443, 3300868.028296014294028 ], [ 8610480.119216326624155, 3300852.5150804258883 ], [ 8610542.947739453986287, 3299201.908941755536944 ], [ 8610345.154240699484944, 3299206.562906432896852 ], [ 8610276.896092113107443, 3300868.028296014294028 ] ] ] ] } },
{ "type": "Feature", "properties": { "SECTOR_NO": "143", "LANDUSE_DE": "PUBLIC UTILITIES", "ZONE": "NON-CONFORMING", "TOTAL_INDU": 1, "RED": 0, "GREEN": 1, "ORANGE": 0, "WHITE": 0, "SEC(IN HAC": 6.654, "IND(IN HAC": 0.689182, "AREA(%AGE)": 10.36, "AREA(sqmtr": 51399.59 }, "geometry": { "type": "MultiPolygon", "coordinates": [ [ [ [ 8604537.612309008836746, 3285892.951612029224634 ], [ 8604768.705725530162454, 3285932.469759187661111 ], [ 8604765.193031689152122, 3285654.381496564950794 ], [ 8604463.924534952268004, 3285667.234325197059661 ], [ 8604537.612309008836746, 3285892.951612029224634 ] ] ] ] } },
{ "type": "Feature", "properties": { "SECTOR_NO": "52-A", "LANDUSE_DE": "PUBLIC UTILITIES", "ZONE": "NON-CONFORMING", "TOTAL_INDU": 0, "RED": 0, "GREEN": 0, "ORANGE": 0, "WHITE": 0, "SEC(IN HAC": 8.101, "IND(IN HAC": 0.0, "AREA(%AGE)": 0.0, "AREA(sqmtr": 62498.52 }, "geometry": { "type": "MultiPolygon", "coordinates": [ [ [ [ 8600252.625521712005138, 3294129.999473491683602 ], [ 8600249.698276842013001, 3294246.503819304984063 ], [ 8600606.822150947526097, 3294455.216378516983241 ], [ 8600619.702028376981616, 3294128.828575544059277 ], [ 8600252.625521712005138, 3294129.999473491683602 ] ] ] ] } },
{ "type": "Feature", "properties": { "SECTOR_NO": "92", "LANDUSE_DE": "PUBLIC UTILITIES", "ZONE": "NON-CONFORMING", "TOTAL_INDU": 1, "RED": 0, "GREEN": 1, "ORANGE": 0, "WHITE": 0, "SEC(IN HAC": 115.859, "IND(IN HAC": 0.028202, "AREA(%AGE)": 0.02, "AREA(sqmtr": 892787.9 }, "geometry": { "type": "MultiPolygon", "coordinates": [ [ [ [ 8614368.043461894616485, 3303315.830573804210871 ], [ 8614367.009247517213225, 3303023.665013545192778 ], [ 8614154.995301136747003, 3303111.917973339091986 ], [ 8614032.268528921529651, 3302993.328058614395559 ], [ 8613766.130697041749954, 3302621.700360726099461 ], [ 8614182.22961294837296, 3302393.828460631426424 ], [ 8614281.514192713424563, 3302517.934185343328863 ], [ 8614265.311500880867243, 3302042.540312072727829 ], [ 8614254.279880907386541, 3301615.065038064029068 ], [ 8614088.805581288412213, 3301641.265135501045734 ], [ 8613819.909844417124987, 3301670.22313793329522 ], [ 8613586.866872454062104, 3301692.286377885844558 ], [ 8613586.866872454062104, 3302043.229788317810744 ], [ 8613571.698394989594817, 3302443.815488639753312 ], [ 8613541.361440058797598, 3302627.560908839572221 ], [ 8613477.929625205695629, 3302833.024830861017108 ], [ 8613391.055617908015847, 3303012.633393567521125 ], [ 8613499.992865161970258, 3303247.744794274214655 ], [ 8613554.289119716733694, 3303392.707175500225276 ], [ 8613605.999838350340724, 3303555.595939184073359 ], [ 8613645.98946075886488, 3303587.311846613418311 ], [ 8613679.773796929046512, 3303596.275037840008736 ], [ 8613712.868656851351261, 3303596.275037840008736 ], [ 8614368.043461894616485, 3303315.830573804210871 ] ] ] ] } },
{ "type": "Feature", "properties": { "SECTOR_NO": "143", "LANDUSE_DE": "RESIDENTIAL", "ZONE": "NON-CONFORMING", "TOTAL_INDU": 5, "RED": 0, "GREEN": 4, "ORANGE": 0, "WHITE": 0, "SEC(IN HAC": 256.948, "IND(IN HAC": 5.989038, "AREA(%AGE)": 2.33, "AREA(sqmtr": 1985059.0 }, "geometry": { "type": "MultiPolygon", "coordinates": [ [ [ [ 8604360.179905690252781, 3285359.103080546017736 ], [ 8604922.628103207796812, 3285343.626019774470478 ], [ 8604995.523938748985529, 3285343.626019774470478 ], [ 8605495.280965127050877, 3285562.313526404090226 ], [ 8605627.054206304252148, 3285621.190932035911828 ], [ 8605901.815432582050562, 3285828.66369474073872 ], [ 8606082.653178451582789, 3285612.779874090570956 ], [ 8606487.084881426766515, 3285889.293404113035649 ], [ 8606376.339285116642714, 3286363.817256642971188 ], [ 8606428.207475790753961, 3286446.876453874167055 ], [ 8606552.971502017229795, 3286591.266281972173601 ], [ 8606762.401339769363403, 3286711.079819190781564 ], [ 8606818.636746287345886, 3285657.538565453141928 ], [ 8606889.997537998482585, 3285116.127341372426599 ], [ 8606939.639827884733677, 3284728.296951628755778 ], [ 8606097.722990607842803, 3284715.600359700620174 ], [ 8605818.756235355511308, 3284724.01141764735803 ], [ 8605366.311409931629896, 3284726.815103630535305 ], [ 8604757.210630245506763, 3284733.82431858452037 ], [ 8604362.576731404289603, 3284588.687101665884256 ], [ 8604094.824720077216625, 3284591.490786033216864 ], [ 8604207.762562526389956, 3284901.269305453635752 ], [ 8604360.179905690252781, 3285359.103080546017736 ] ] ] ] } },
{ "type": "Feature", "properties": { "SECTOR_NO": "21-A", "LANDUSE_DE": "RESIDENTIAL", "ZONE": "NON-CONFORMING", "TOTAL_INDU": 15, "RED": 0, "GREEN": 12, "ORANGE": 0, "WHITE": 0, "SEC(IN HAC": 106.6, "IND(IN HAC": 1.936919, "AREA(%AGE)": 1.82, "AREA(sqmtr": 838815.7 }, "geometry": { "type": "MultiPolygon", "coordinates": [ [ [ [ 8604412.254349010065198, 3302838.541138135828078 ], [ 8605618.20473244599998, 3302924.183826067950577 ], [ 8605649.231163624674082, 3302070.18130784900859 ], [ 8604354.134670855477452, 3301926.862546276301146 ], [ 8604415.021364150568843, 3302402.247113120742142 ], [ 8604412.254349010065198, 3302838.541138135828078 ] ] ] ] } },
{ "type": "Feature", "properties": { "SECTOR_NO": "65", "LANDUSE_DE": "RESIDENTIAL", "ZONE": "NON-CONFORMING", "TOTAL_INDU": 3, "RED": 0, "GREEN": 1, "ORANGE": 0, "WHITE": 0, "SEC(IN HAC": 141.559, "IND(IN HAC": 0.139906, "AREA(%AGE)": 0.1, "AREA(sqmtr": 1093128.0 }, "geometry": { "type": "MultiPolygon", "coordinates": [ [ [ [ 8608861.799957517534494, 3288990.043907498009503 ], [ 8609903.512384314090014, 3288985.389942821115255 ], [ 8609946.78235674649477, 3288450.412615002598614 ], [ 8609939.19278016872704, 3288140.307523610536009 ], [ 8609894.59228534810245, 3287978.582251094281673 ], [ 8609854.257924815639853, 3287893.259565356187522 ], [ 8609778.243168434128165, 3287769.153840644750744 ], [ 8609695.039297951385379, 3287692.841642715036869 ], [ 8609502.133861036971211, 3287605.90247008530423 ], [ 8609358.113413447514176, 3287575.459123439155519 ], [ 8609197.700394585728645, 3287560.2374501186423 ], [ 8608893.266928134486079, 3287550.870266534388065 ], [ 8608861.799957517534494, 3288990.043907498009503 ] ] ] ] } },
{ "type": "Feature", "properties": { "SECTOR_NO": "33", "LANDUSE_DE": "RESIDENTIAL", "ZONE": "NON-CONFORMING", "TOTAL_INDU": 2, "RED": 0, "GREEN": 2, "ORANGE": 0, "WHITE": 0, "SEC(IN HAC": 18.523, "IND(IN HAC": 0.263035, "AREA(%AGE)": 1.42, "AREA(sqmtr": 175585.6 }, "geometry": { "type": "MultiPolygon", "coordinates": [ [ [ [ 8606472.570841632783413, 3307469.580232313834131 ], [ 8606886.77369786053896, 3307475.785518550314009 ], [ 8607071.460358483716846, 3306722.848619885277003 ], [ 8606660.990873770788312, 3307052.874336237553507 ], [ 8606539.135224655270576, 3307141.092748877592385 ], [ 8606472.570841632783413, 3307469.580232313834131 ] ] ] ] } },
{ "type": "Feature", "properties": { "SECTOR_NO": "33", "LANDUSE_DE": "RESIDENTIAL", "ZONE": "NON-CONFORMING", "TOTAL_INDU": 2, "RED": 0, "GREEN": 2, "ORANGE": 0, "WHITE": 0, "SEC(IN HAC": 18.523, "IND(IN HAC": 0.263035, "AREA(%AGE)": 1.42, "AREA(sqmtr": 149211.7 }, "geometry": { "type": "MultiPolygon", "coordinates": [ [ [ [ 8606532.153911424800754, 3307106.186182724777609 ], [ 8606667.95102577470243, 3307008.096120735630393 ], [ 8606791.954149659723043, 3306911.549151350744069 ], [ 8606938.180742263793945, 3306771.083147659897804 ], [ 8607079.076336553320289, 3306682.864735019393265 ], [ 8607096.202108312398195, 3306503.106901119928807 ], [ 8607103.958716101944447, 3306442.605360324960202 ], [ 8606706.820397024974227, 3306441.054038763046265 ], [ 8606588.919958552345634, 3306861.462181224953383 ], [ 8606532.153911424800754, 3307106.186182724777609 ] ] ] ] } },
{ "type": "Feature", "properties": { "SECTOR_NO": "14", "LANDUSE_DE": "RESIDENTIAL", "ZONE": "NON-CONFORMING", "TOTAL_INDU": 0, "RED": 0, "GREEN": 0, "ORANGE": 0, "WHITE": 0, "SEC(IN HAC": 138.944, "IND(IN HAC": 0.0, "AREA(%AGE)": 0.0, "AREA(sqmtr": 1071251.0 }, "geometry": { "type": "MultiPolygon", "coordinates": [ [ [ [ 8608009.154845708981156, 3299764.166049250401556 ], [ 8608809.636770103126764, 3299813.808339135255665 ], [ 8608921.331922341138124, 3299310.40449327416718 ], [ 8608998.898000286892056, 3298685.997565818019211 ], [ 8609023.71914523281157, 3298440.88875951198861 ], [ 8609051.64293329231441, 3298233.011670616921037 ], [ 8608145.67114289291203, 3298176.388433719053864 ], [ 8608009.154845708981156, 3299764.166049250401556 ] ] ] ] } },
{ "type": "Feature", "properties": { "SECTOR_NO": "156", "LANDUSE_DE": "RESIDENTIAL", "ZONE": "NON-CONFORMING", "TOTAL_INDU": 1, "RED": 0, "GREEN": 0, "ORANGE": 1, "WHITE": 0, "SEC(IN HAC": 87.768, "IND(IN HAC": 0.513115, "AREA(%AGE)": 0.58, "AREA(sqmtr": 677384.2 }, "geometry": { "type": "MultiPolygon", "coordinates": [ [ [ [ 8598856.575802458450198, 3292197.570906541775912 ], [ 8598658.782303687185049, 3292360.459670234937221 ], [ 8598653.361877702176571, 3292458.689015072304755 ], [ 8600019.601037004962564, 3292484.982851028908044 ], [ 8600099.184371195733547, 3291084.109857585746795 ], [ 8599401.671415243297815, 3291705.995887538883835 ], [ 8599419.123782780021429, 3292206.29709031060338 ], [ 8598856.575802458450198, 3292197.570906541775912 ] ] ] ] } },
{ "type": "Feature", "properties": { "SECTOR_NO": "156", "LANDUSE_DE": "RESIDENTIAL", "ZONE": "NON-CONFORMING", "TOTAL_INDU": 1, "RED": 0, "GREEN": 0, "ORANGE": 1, "WHITE": 0, "SEC(IN HAC": 87.768, "IND(IN HAC": 0.513115, "AREA(%AGE)": 0.58, "AREA(sqmtr": 1509711.0 }, "geometry": { "type": "MultiPolygon", "coordinates": [ [ [ [ 8598787.348077887669206, 3292155.685224449262023 ], [ 8598778.040148535743356, 3291622.80626894114539 ], [ 8599378.4015918597579, 3291627.460233614780009 ], [ 8599601.210150768980384, 3291407.560402632690966 ], [ 8599829.2544199321419, 3291190.569192288443446 ], [ 8599968.873360240831971, 3291071.893200307618827 ], [ 8600394.711128182709217, 3290734.480761233251542 ], [ 8599649.107203898951411, 3290421.792509498540312 ], [ 8599282.719524700194597, 3289998.046977546066046 ], [ 8598958.088068641722202, 3289712.055153772234917 ], [ 8598890.92841837182641, 3289856.699392122216523 ], [ 8598824.738698527216911, 3290009.763119268696755 ], [ 8598742.001548720523715, 3290231.77447125595063 ], [ 8598703.390878807753325, 3290396.559294620994478 ], [ 8598699.254021316766739, 3290467.230610083322972 ], [ 8598627.548491481691599, 3290718.54470262536779 ], [ 8598661.691031608730555, 3292272.034341373480856 ], [ 8598787.348077887669206, 3292155.685224449262023 ] ] ] ] } },
{ "type": "Feature", "properties": { "SECTOR_NO": "9", "LANDUSE_DE": "RESIDENTIAL", "ZONE": "NON-CONFORMING", "TOTAL_INDU": 6, "RED": 0, "GREEN": 5, "ORANGE": 0, "WHITE": 0, "SEC(IN HAC": 138.07, "IND(IN HAC": 0.832023, "AREA(%AGE)": 0.6, "AREA(sqmtr": 1069620.0 }, "geometry": { "type": "MultiPolygon", "coordinates": [ [ [ [ 8608264.301066022366285, 3297205.206582525745034 ], [ 8609132.117739159613848, 3297277.785420727450401 ], [ 8609203.478530865162611, 3296664.237744182813913 ], [ 8609226.748354254290462, 3296293.084061215631664 ], [ 8609250.018177635967731, 3296101.883679082617164 ], [ 8609279.493287252262235, 3295717.931593253277242 ], [ 8609279.493287252262235, 3295717.931593253277242 ], [ 8608393.688677122816443, 3295645.213395180180669 ], [ 8608264.301066022366285, 3297205.206582525745034 ] ] ] ] } },
{ "type": "Feature", "properties": { "SECTOR_NO": "62", "LANDUSE_DE": "RESIDENTIAL", "ZONE": "NON-CONFORMING", "TOTAL_INDU": 7, "RED": 0, "GREEN": 7, "ORANGE": 0, "WHITE": 0, "SEC(IN HAC": 143.295, "IND(IN HAC": 1.133761, "AREA(%AGE)": 0.79, "AREA(sqmtr": 1106536.0 }, "geometry": { "type": "MultiPolygon", "coordinates": [ [ [ [ 8607857.707078518345952, 3287550.029670450370759 ], [ 8607856.931417735293508, 3289020.876423480920494 ], [ 8608823.404748931527138, 3289014.865052438341081 ], [ 8608833.35906239785254, 3288279.086164718493819 ], [ 8608858.180207338184118, 3287553.412413275800645 ], [ 8608054.250901704654098, 3287557.549270769581199 ], [ 8607857.707078518345952, 3287550.029670450370759 ] ] ] ] } },
{ "type": "Feature", "properties": { "SECTOR_NO": "8", "LANDUSE_DE": "RESIDENTIAL", "ZONE": "NON-CONFORMING", "TOTAL_INDU": 36, "RED": 0, "GREEN": 32, "ORANGE": 0, "WHITE": 0, "SEC(IN HAC": 185.545, "IND(IN HAC": 1.74278, "AREA(%AGE)": 0.94, "AREA(sqmtr": 1431431.0 }, "geometry": { "type": "MultiPolygon", "coordinates": [ [ [ [ 8608190.659468095749617, 3295590.917140617966652 ], [ 8609272.318425040692091, 3295671.585861678235233 ], [ 8609363.070736229419708, 3294479.00741327367723 ], [ 8609433.117213962599635, 3294169.583400654606521 ], [ 8608342.301150478422642, 3293704.122294603381306 ], [ 8608190.659468095749617, 3295590.917140617966652 ] ] ] ] } },
{ "type": "Feature", "properties": { "SECTOR_NO": "75", "LANDUSE_DE": "RESIDENTIAL", "ZONE": "NON-CONFORMING", "TOTAL_INDU": 12, "RED": 0, "GREEN": 12, "ORANGE": 0, "WHITE": 0, "SEC(IN HAC": 127.883, "IND(IN HAC": 0.728265, "AREA(%AGE)": 0.57, "AREA(sqmtr": 986474.3 }, "geometry": { "type": "MultiPolygon", "coordinates": [ [ [ [ 8609752.161574799567461, 3294813.220251624472439 ], [ 8609644.344726452603936, 3296140.375845262780786 ], [ 8610630.985237915068865, 3296162.094347089994699 ], [ 8610679.851867025718093, 3294819.425537860952318 ], [ 8609752.161574799567461, 3294813.220251624472439 ] ] ] ] } },
{ "type": "Feature", "properties": { "SECTOR_NO": "86", "LANDUSE_DE": "RESIDENTIAL", "ZONE": "NON-CONFORMING", "TOTAL_INDU": 8, "RED": 0, "GREEN": 6, "ORANGE": 0, "WHITE": 0, "SEC(IN HAC": 174.249, "IND(IN HAC": 1.8226, "AREA(%AGE)": 1.05, "AREA(sqmtr": 1343237.0 }, "geometry": { "type": "MultiPolygon", "coordinates": [ [ [ [ 8608991.68004591204226, 3300880.255726327188313 ], [ 8609613.587621971964836, 3300841.645056418143213 ], [ 8609663.229911858215928, 3300798.897529018577188 ], [ 8609703.219534261152148, 3300749.255239132326096 ], [ 8609769.409254109486938, 3300732.707809173036367 ], [ 8609848.731341855600476, 3300782.705610275268555 ], [ 8609951.118564741685987, 3300864.925652898848057 ], [ 8610276.896092113107443, 3300868.028296014294028 ], [ 8610345.154240699484944, 3299206.562906432896852 ], [ 8610065.916360093280673, 3299194.15233396133408 ], [ 8609909.717670660465956, 3299121.057078535202891 ], [ 8609909.717670660465956, 3299121.057078535202891 ], [ 8609985.560057980939746, 3299221.720610804390162 ], [ 8609989.696915471926332, 3299530.605970086529851 ], [ 8609934.538815600797534, 3299544.395495055243373 ], [ 8609707.011653628200293, 3299543.016542558092624 ], [ 8609697.358986150473356, 3299268.604995693545789 ], [ 8609909.717670660465956, 3299123.125507280230522 ], [ 8609909.717670660465956, 3299121.057078535202891 ], [ 8609822.358875347301364, 3299068.49528769031167 ], [ 8609783.575836379081011, 3299039.020178070757538 ], [ 8609713.766366224735975, 3299006.442425332497805 ], [ 8609625.341037368401885, 3298969.210707920603454 ], [ 8609432.977164067327976, 3298949.043527656700462 ], [ 8609403.642104329541326, 3299249.127291675191373 ], [ 8609449.147536724805832, 3299316.695964019279927 ], [ 8609476.726586665958166, 3299439.42273623496294 ], [ 8609446.389631733298302, 3299579.041676536202431 ], [ 8609400.884199339896441, 3299682.463113796897233 ], [ 8609341.589241977781057, 3299741.758071159478277 ], [ 8609312.631239540874958, 3299756.926548624411225 ], [ 8609177.838632982224226, 3300241.973089371807873 ], [ 8609159.912250522524118, 3300323.33128668460995 ], [ 8609117.164723124355078, 3300390.899959027767181 ], [ 8609088.206720687448978, 3300552.582139277365059 ], [ 8608991.68004591204226, 3300880.255726327188313 ] ] ] ] } },
{ "type": "Feature", "properties": { "SECTOR_NO": "80", "LANDUSE_DE": "RESIDENTIAL", "ZONE": "NON-CONFORMING", "TOTAL_INDU": 0, "RED": 0, "GREEN": 0, "ORANGE": 0, "WHITE": 0, "SEC(IN HAC": 113.191, "IND(IN HAC": 0.0, "AREA(%AGE)": 0.0, "AREA(sqmtr": 872952.0 }, "geometry": { "type": "MultiPolygon", "coordinates": [ [ [ [ 8609545.738849909976125, 3297590.538310823496431 ], [ 8609928.398167772218585, 3297576.059309607371688 ], [ 8609934.603454004973173, 3297431.269297444727272 ], [ 8610083.530323661863804, 3297437.474583678413182 ], [ 8610085.598752403631806, 3297549.169735922012478 ], [ 8610059.743393093347549, 3297566.880657049827278 ], [ 8610547.601704129949212, 3297652.91436519427225 ], [ 8610518.902255289256573, 3297566.040357895195484 ], [ 8610539.069435553625226, 3297442.710293960757554 ], [ 8610563.890580497682095, 3297390.741021736524999 ], [ 8610616.635513497516513, 3297274.004074431955814 ], [ 8610634.766584252938628, 3297106.138154055923223 ], [ 8610639.129676099866629, 3296293.568849209230393 ], [ 8609647.059539183974266, 3296250.131845557130873 ], [ 8609634.422732366248965, 3296451.997563388198614 ], [ 8609720.262525286525488, 3296345.473483009263873 ], [ 8609827.820820039138198, 3296257.565261339768767 ], [ 8609982.694422334432602, 3296492.590477511286736 ], [ 8610060.260500278323889, 3296422.263900174759328 ], [ 8610060.260500278323889, 3296483.282548159360886 ], [ 8610145.066078834235668, 3296600.148772264830768 ], [ 8610042.678855944424868, 3296674.870760683435947 ], [ 8610005.447138531133533, 3296637.639043268747628 ], [ 8609889.873682392761111, 3296794.06396712642163 ], [ 8609814.376033196225762, 3296838.535185148008168 ], [ 8609817.478676315397024, 3296891.280118148773909 ], [ 8609841.265606878325343, 3296941.180961626116186 ], [ 8609777.144315777346492, 3296990.823251510504633 ], [ 8609725.433597149327397, 3296950.488890981767327 ], [ 8609607.533158676698804, 3296717.532103552017361 ], [ 8609545.738849909976125, 3297590.538310823496431 ] ] ] ] } },
{ "type": "Feature", "properties": { "SECTOR_NO": "79", "LANDUSE_DE": "RESIDENTIAL", "ZONE": "NON-CONFORMING", "TOTAL_INDU": 2, "RED": 0, "GREEN": 1, "ORANGE": 0, "WHITE": 0, "SEC(IN HAC": 100.186, "IND(IN HAC": 1.127284, "AREA(%AGE)": 1.13, "AREA(sqmtr": 772665.1 }, "geometry": { "type": "MultiPolygon", "coordinates": [ [ [ [ 8612230.30080758407712, 3297535.854225873015821 ], [ 8613075.77105718664825, 3297530.683154010679573 ], [ 8613087.147415282204747, 3297345.558781316503882 ], [ 8613040.607768516987562, 3297267.992703369818628 ], [ 8613016.820837948471308, 3297166.639694856945425 ], [ 8613017.855052320286632, 3296989.271929952781647 ], [ 8612957.870618710294366, 3296920.755227767396718 ], [ 8612925.80997315980494, 3296846.291792943608016 ], [ 8612907.19411445222795, 3296765.623071879148483 ], [ 8612914.433615058660507, 3296687.022779560647905 ], [ 8612965.110119314864278, 3296598.856004296801984 ], [ 8613061.29205597192049, 3296507.586585917044431 ], [ 8613120.242275204509497, 3296439.328437324147671 ], [ 8613136.789705168455839, 3296364.865002496168017 ], [ 8613153.337135132402182, 3296314.188498239964247 ], [ 8613156.536735804751515, 3296267.584213093388826 ], [ 8612230.785595530644059, 3296279.606955176219344 ], [ 8612230.30080758407712, 3297535.854225873015821 ] ] ] ] } },
{ "type": "Feature", "properties": { "SECTOR_NO": "76", "LANDUSE_DE": "RESIDENTIAL", "ZONE": "NON-CONFORMING", "TOTAL_INDU": 3, "RED": 0, "GREEN": 1, "ORANGE": 0, "WHITE": 0, "SEC(IN HAC": 136.544, "IND(IN HAC": 0.260014, "AREA(%AGE)": 0.19, "AREA(sqmtr": 1053288.0 }, "geometry": { "type": "MultiPolygon", "coordinates": [ [ [ [ 8610719.410566771402955, 3296161.706516696605831 ], [ 8611742.507134865969419, 3296146.581131501123309 ], [ 8611752.590725006535649, 3294800.80967915430665 ], [ 8610748.110015612095594, 3294813.220251624472439 ], [ 8610719.410566771402955, 3296161.706516696605831 ] ] ] ] } },
{ "type": "Feature", "properties": { "SECTOR_NO": "82", "LANDUSE_DE": "RESIDENTIAL", "ZONE": "NON-CONFORMING", "TOTAL_INDU": 10, "RED": 0, "GREEN": 9, "ORANGE": 0, "WHITE": 0, "SEC(IN HAC": 101.834, "IND(IN HAC": 0.907412, "AREA(%AGE)": 0.89, "AREA(sqmtr": 785169.7 }, "geometry": { "type": "MultiPolygon", "coordinates": [ [ [ [ 8611619.177070941776037, 3298137.314521961845458 ], [ 8610864.45913253724575, 3298145.071129756048322 ], [ 8610830.168462285771966, 3299140.017675366718322 ], [ 8610910.417033724486828, 3299161.962411614600569 ], [ 8610956.956680495291948, 3299178.251287984196097 ], [ 8610974.021217638626695, 3299168.943358633201569 ], [ 8611102.199161447584629, 3299130.742065242957324 ], [ 8611232.510172391310334, 3299120.658475109376013 ], [ 8611327.140787485986948, 3299122.209796670358628 ], [ 8611941.076294418424368, 3299118.33149277092889 ], [ 8611950.384223777800798, 3298795.268778131343424 ], [ 8611993.433397030457854, 3298744.656912268605083 ], [ 8612048.50531237386167, 3298712.079159532673657 ], [ 8612115.987800184637308, 3298681.828389135655016 ], [ 8612148.565552920103073, 3298613.958070933818817 ], [ 8612152.443856820464134, 3298575.950692741665989 ], [ 8612148.177722532302141, 3298543.566855199635029 ], [ 8612156.936225539073348, 3298495.637482852209359 ], [ 8612154.383008765056729, 3298468.133844397496432 ], [ 8612143.523757856339216, 3298408.989709962159395 ], [ 8612069.060323029756546, 3298306.408571881707758 ], [ 8612011.079679764807224, 3298187.538557432126254 ], [ 8611974.623623132705688, 3298114.626444162335247 ], [ 8611974.623623132705688, 3298114.626444162335247 ], [ 8611776.248378781601787, 3298121.025645593181252 ], [ 8611776.248378781601787, 3298121.025645593181252 ], [ 8611942.239785587415099, 3298335.495727095287293 ], [ 8611993.045566642656922, 3298468.90950517822057 ], [ 8611935.646668961271644, 3298537.167653767857701 ], [ 8611688.986541096121073, 3298589.912586771417409 ], [ 8611448.531699465587735, 3298433.229109321255237 ], [ 8611584.821762291714549, 3298162.329582080245018 ], [ 8611619.177070941776037, 3298137.314521961845458 ] ] ] ] } },
{ "type": "Feature", "properties": { "SECTOR_NO": "61", "LANDUSE_DE": "TRANSPORT AND COMMUNICATION", "ZONE": "NON-CONFORMING", "TOTAL_INDU": 2, "RED": 0, "GREEN": 1, "ORANGE": 0, "WHITE": 0, "SEC(IN HAC": 161.998, "IND(IN HAC": 0.678671, "AREA(%AGE)": 0.42, "AREA(sqmtr": 1250961.0 }, "geometry": { "type": "MultiPolygon", "coordinates": [ [ [ [ 8606644.888731680810452, 3288982.408496735617518 ], [ 8606931.883220087736845, 3288993.267747648060322 ], [ 8606929.378345042467117, 3289014.785425883717835 ], [ 8607441.128761138767004, 3289013.168294427450746 ], [ 8607439.26232747361064, 3288994.237323625478894 ], [ 8607830.971021115779877, 3288998.89128830190748 ], [ 8607818.560448648408055, 3287542.976005201227963 ], [ 8606774.133209064602852, 3287557.325729622505605 ], [ 8606644.888731680810452, 3288982.408496735617518 ] ] ] ] } },
{ "type": "Feature", "properties": { "SECTOR_NO": "21-B", "LANDUSE_DE": "VILLAGE ABADI", "ZONE": "NON-CONFORMING", "TOTAL_INDU": 8, "RED": 0, "GREEN": 7, "ORANGE": 0, "WHITE": 0, "SEC(IN HAC": 14.788, "IND(IN HAC": 0.442743, "AREA(%AGE)": 2.99, "AREA(sqmtr": 113969.3 }, "geometry": { "type": "MultiPolygon", "coordinates": [ [ [ [ 8605547.788776461035013, 3301713.627149785868824 ], [ 8605528.102078966796398, 3301645.954127141274512 ], [ 8605473.963660847395658, 3301552.442314027808607 ], [ 8605359.534731645137072, 3301431.861291857436299 ], [ 8605172.511105421930552, 3301334.658222966361791 ], [ 8605086.381803875789046, 3301321.1236184341833 ], [ 8605012.556688256561756, 3301393.718315455131233 ], [ 8604984.25706060603261, 3301501.995151690207422 ], [ 8605328.774266805499792, 3301787.452265399042517 ], [ 8605400.138545239344239, 3301786.221846806816757 ], [ 8605547.788776461035013, 3301713.627149785868824 ] ] ] ] } },
{ "type": "Feature", "properties": { "SECTOR_NO": "156", "LANDUSE_DE": "VILLAGE ABADI", "ZONE": "NON-CONFORMING", "TOTAL_INDU": 2, "RED": 0, "GREEN": 2, "ORANGE": 0, "WHITE": 0, "SEC(IN HAC": 14.065, "IND(IN HAC": 0.084677, "AREA(%AGE)": 0.6, "AREA(sqmtr": 108549.2 }, "geometry": { "type": "MultiPolygon", "coordinates": [ [ [ [ 8598856.575802458450198, 3292197.570906541775912 ], [ 8599419.123782780021429, 3292206.29709031060338 ], [ 8599401.671415243297815, 3291705.995887538883835 ], [ 8598856.575802458450198, 3292197.570906541775912 ] ] ] ] } },
{ "type": "Feature", "properties": { "SECTOR_NO": "156", "LANDUSE_DE": "VILLAGE ABADI", "ZONE": "NON-CONFORMING", "TOTAL_INDU": 2, "RED": 0, "GREEN": 2, "ORANGE": 0, "WHITE": 0, "SEC(IN HAC": 14.065, "IND(IN HAC": 0.084677, "AREA(%AGE)": 0.6, "AREA(sqmtr": 117328.7 }, "geometry": { "type": "MultiPolygon", "coordinates": [ [ [ [ 8598787.348077887669206, 3292155.685224449262023 ], [ 8599034.008205769583583, 3291908.443350989371538 ], [ 8599378.4015918597579, 3291627.460233614780009 ], [ 8598778.040148535743356, 3291622.80626894114539 ], [ 8598787.348077887669206, 3292155.685224449262023 ] ] ] ] } },
{ "type": "Feature", "properties": { "SECTOR_NO": "109", "LANDUSE_DE": "VILLAGE ABADI", "ZONE": "NON-CONFORMING", "TOTAL_INDU": 2, "RED": 0, "GREEN": 2, "ORANGE": 0, "WHITE": 0, "SEC(IN HAC": 25.357, "IND(IN HAC": 0.131966, "AREA(%AGE)": 0.52, "AREA(sqmtr": 195691.4 }, "geometry": { "type": "MultiPolygon", "coordinates": [ [ [ [ 8613806.465057574212551, 3292510.180181868374348 ], [ 8613789.572889428585768, 3292186.735894813202322 ], [ 8613491.719150122255087, 3291981.961449038237333 ], [ 8613210.929947959259152, 3292194.492502604611218 ], [ 8613231.441866409033537, 3292431.578773205168545 ], [ 8613482.411220826208591, 3292577.749813900794834 ], [ 8613806.465057574212551, 3292510.180181868374348 ] ] ] ] } },
{ "type": "Feature", "properties": { "SECTOR_NO": "82", "LANDUSE_DE": "VILLAGE ABADI", "ZONE": "NON-CONFORMING", "TOTAL_INDU": 9, "RED": 0, "GREEN": 8, "ORANGE": 1, "WHITE": 0, "SEC(IN HAC": 16.654, "IND(IN HAC": 0.487874, "AREA(%AGE)": 2.93, "AREA(sqmtr": 128414.8 }, "geometry": { "type": "MultiPolygon", "coordinates": [ [ [ [ 8611448.531699465587735, 3298433.229109321255237 ], [ 8611688.986541096121073, 3298589.912586771417409 ], [ 8611935.646668961271644, 3298537.167653767857701 ], [ 8611993.045566642656922, 3298468.90950517822057 ], [ 8611942.239785587415099, 3298335.495727095287293 ], [ 8611776.248378781601787, 3298121.025645593181252 ], [ 8611619.177070941776037, 3298137.314521961845458 ], [ 8611584.821762291714549, 3298162.329582080245018 ], [ 8611448.531699465587735, 3298433.229109321255237 ] ] ] ] } },
{ "type": "Feature", "properties": { "SECTOR_NO": "87", "LANDUSE_DE": "VILLAGE ABADI", "ZONE": "NON-CONFORMING", "TOTAL_INDU": 46, "RED": 0, "GREEN": 45, "ORANGE": 0, "WHITE": 0, "SEC(IN HAC": 6.461, "IND(IN HAC": 5.046021, "AREA(%AGE)": 78.1, "AREA(sqmtr": 56824.85 }, "geometry": { "type": "MultiPolygon", "coordinates": [ [ [ [ 8608795.249728117138147, 3302187.533679390791804 ], [ 8608890.490039991214871, 3301965.939862752798945 ], [ 8608894.181295773014426, 3301913.339467875659466 ], [ 8608980.925806621089578, 3301874.581282177940011 ], [ 8608954.164202203974128, 3301784.145515548065305 ], [ 8608698.54473938792944, 3301909.648212094325572 ], [ 8608594.060974111780524, 3302177.061709545087069 ], [ 8608795.249728117138147, 3302187.533679390791804 ] ] ] ] } },
{ "type": "Feature", "properties": { "SECTOR_NO": "21-C", "LANDUSE_DE": "COMMERCIAL", "ZONE": "NON-CONFORMING", "TOTAL_INDU": 0, "RED": 0, "GREEN": 0, "ORANGE": 0, "WHITE": 0, "SEC(IN HAC": 19.884126264, "IND(IN HAC": 0.0, "AREA(%AGE)": 0.0, "AREA(sqmtr": 153205.3 }, "geometry": { "type": "MultiPolygon", "coordinates": [ [ [ [ 8605374.647247683256865, 3303837.136563529260457 ], [ 8605570.307679314166307, 3303828.410379759967327 ], [ 8605643.878760462626815, 3302990.623331936541945 ], [ 8605387.445650544017553, 3302976.153098295908421 ], [ 8605365.727148722857237, 3303387.641141812782735 ], [ 8605374.647247683256865, 3303837.136563529260457 ] ] ] ] } },
{ "type": "Feature", "properties": { "SECTOR_NO": "52", "LANDUSE_DE": "COMMERCIAL", "ZONE": "NON-CONFORMING", "TOTAL_INDU": 21, "RED": 0, "GREEN": 21, "ORANGE": 0, "WHITE": 0, "SEC(IN HAC": 31.469341634399999, "IND(IN HAC": 2.804732, "AREA(%AGE)": 8.91, "AREA(sqmtr": 242773.5 }, "geometry": { "type": "MultiPolygon", "coordinates": [ [ [ [ 8603989.692684588953853, 3295156.730611555278301 ], [ 8604026.136883266270161, 3294600.700448541902006 ], [ 8603438.931562403216958, 3294606.554938281420618 ], [ 8603439.517011370509863, 3295157.46242276346311 ], [ 8603989.692684588953853, 3295156.730611555278301 ] ] ] ] } },
{ "type": "Feature", "properties": { "SECTOR_NO": "36", "LANDUSE_DE": "INDUSTRIAL", "ZONE": "CONFORMING", "TOTAL_INDU": 0, "RED": 0, "GREEN": 0, "ORANGE": 0, "WHITE": 0, "SEC(IN HAC": 6.1725780075200003, "IND(IN HAC": 0.0, "AREA(%AGE)": 0.0, "AREA(sqmtr": 58757.07 }, "geometry": { "type": "MultiPolygon", "coordinates": [ [ [ [ 8605933.486599931493402, 3309550.290273190010339 ], [ 8606068.848578820005059, 3309160.992932528723031 ], [ 8606138.027046287432313, 3308948.69754383713007 ], [ 8606151.910339640453458, 3308865.635783017147332 ], [ 8606005.778760427609086, 3308924.97694547707215 ], [ 8605897.251072935760021, 3308945.603552748914808 ], [ 8605898.581864856183529, 3309151.988462944515049 ], [ 8605944.34585084579885, 3309160.520731515716761 ], [ 8605933.486599931493402, 3309550.290273190010339 ] ] ] ] } },
{ "type": "Feature", "properties": { "SECTOR_NO": "136", "LANDUSE_DE": "INDUSTRIAL", "ZONE": "CONFORMING", "TOTAL_INDU": 1, "RED": 0, "GREEN": 1, "ORANGE": 0, "WHITE": 0, "SEC(IN HAC": 335.95847841800003, "IND(IN HAC": 0.088558, "AREA(%AGE)": 0.03, "AREA(sqmtr": 2596844.0 }, "geometry": { "type": "MultiPolygon", "coordinates": [ [ [ [ 8608817.824084792286158, 3282596.364217711612582 ], [ 8610492.325537823140621, 3282608.98080462962389 ], [ 8610606.926202353090048, 3280901.536041307263076 ], [ 8610292.913372317329049, 3280897.330512331798673 ], [ 8610285.904157361015677, 3280639.391401946544647 ], [ 8608795.745057679712772, 3280632.382186987902969 ], [ 8608817.824084792286158, 3282596.364217711612582 ] ] ] ] } },
{ "type": "Feature", "properties": { "SECTOR_NO": "137", "LANDUSE_DE": "INDUSTRIAL", "ZONE": "CONFORMING", "TOTAL_INDU": 0, "RED": 0, "GREEN": 0, "ORANGE": 0, "WHITE": 0, "SEC(IN HAC": 162.74489653800001, "IND(IN HAC": 0.0, "AREA(%AGE)": 0.0, "AREA(sqmtr": 1257922.0 }, "geometry": { "type": "MultiPolygon", "coordinates": [ [ [ [ 8607658.499931031838059, 3281694.979174346663058 ], [ 8607522.521160880103707, 3282600.219285937491804 ], [ 8608748.432856714352965, 3282596.013756959699094 ], [ 8608720.395996892824769, 3280777.823397328611463 ], [ 8608385.3555219899863, 3280772.216025365982205 ], [ 8608252.530898567289114, 3281002.468736674636602 ], [ 8608123.911804120987654, 3281187.862472266890109 ], [ 8608122.509961131960154, 3281210.291960126254708 ], [ 8608049.614125585183501, 3281302.813597549218684 ], [ 8608049.614125585183501, 3281370.102061126381159 ], [ 8607835.482608677819371, 3281584.934499533381313 ], [ 8607658.499931031838059, 3281694.979174346663058 ] ] ] ] } },
{ "type": "Feature", "properties": { "SECTOR_NO": "134-A", "LANDUSE_DE": "INDUSTRIAL", "ZONE": "CONFORMING", "TOTAL_INDU": 0, "RED": 0, "GREEN": 0, "ORANGE": 0, "WHITE": 0, "SEC(IN HAC": 146.367823493, "IND(IN HAC": 0.0, "AREA(%AGE)": 0.0, "AREA(sqmtr": 1131618.0 }, "geometry": { "type": "MultiPolygon", "coordinates": [ [ [ [ 8610954.057573024183512, 3280472.572085982654244 ], [ 8612645.73160270228982, 3280476.427154208533466 ], [ 8613484.033711459487677, 3280462.408724296372384 ], [ 8613422.352619843557477, 3280358.672342944890261 ], [ 8613188.595301060006022, 3280105.990143774077296 ], [ 8612999.346497237682343, 3279986.833489519543946 ], [ 8612741.757847601547837, 3279870.130060500465333 ], [ 8612559.518258741125464, 3279832.280299737118185 ], [ 8611958.828536994755268, 3279802.841596920974553 ], [ 8611570.868489172309637, 3279786.019481023773551 ], [ 8611008.72944968380034, 3279760.786307183094323 ], [ 8610954.057573024183512, 3280472.572085982654244 ] ] ] ] } },
{ "type": "Feature", "properties": { "SECTOR_NO": "128", "LANDUSE_DE": "INDUSTRIAL", "ZONE": "CONFORMING", "TOTAL_INDU": 0, "RED": 0, "GREEN": 0, "ORANGE": 0, "WHITE": 0, "SEC(IN HAC": 95.835370809599993, "IND(IN HAC": 0.0, "AREA(%AGE)": 0.0, "AREA(sqmtr": 740639.2 }, "geometry": { "type": "MultiPolygon", "coordinates": [ [ [ [ 8612850.755629729479551, 3283507.247384617570788 ], [ 8613740.052621155977249, 3283506.661935640498996 ], [ 8613724.245498860254884, 3283122.021959759294987 ], [ 8613710.194723483175039, 3282171.25282606901601 ], [ 8612827.337670775130391, 3282180.620009653270245 ], [ 8612832.021262565627694, 3282435.875762294046581 ], [ 8612949.111057357862592, 3282372.647273109294474 ], [ 8613079.666178546845913, 3282382.599905666895211 ], [ 8613306.820380436256528, 3282790.072391533758491 ], [ 8613176.265259249135852, 3282853.886329692788422 ], [ 8613192.657830514013767, 3282968.634328584652394 ], [ 8612984.237995788455009, 3282970.976124482695013 ], [ 8612846.072037938982248, 3283045.913593146950006 ], [ 8612850.755629729479551, 3283507.247384617570788 ] ] ] ] } },
{ "type": "Feature", "properties": { "SECTOR_NO": "133", "LANDUSE_DE": "INDUSTRIAL", "ZONE": "CONFORMING", "TOTAL_INDU": 0, "RED": 0, "GREEN": 0, "ORANGE": 0, "WHITE": 0, "SEC(IN HAC": 333.81212968099999, "IND(IN HAC": 0.0, "AREA(%AGE)": 0.0, "AREA(sqmtr": 2580356.0 }, "geometry": { "type": "MultiPolygon", "coordinates": [ [ [ [ 8616606.137435721233487, 3282084.605524088256061 ], [ 8616609.828691497445107, 3282083.33665491361171 ], [ 8616611.674319388344884, 3282051.960980776231736 ], [ 8616593.218040481209755, 3280824.618433677125722 ], [ 8616199.176485884934664, 3280824.618433677125722 ], [ 8616201.022113775834441, 3280626.905545919202268 ], [ 8615664.636508138850331, 3280625.29062151350081 ], [ 8615250.062343263998628, 3281036.750289325602353 ], [ 8615292.511784741654992, 3281039.057324185967445 ], [ 8615315.120726400986314, 3281089.350684199947864 ], [ 8615571.663003165274858, 3281076.431288970634341 ], [ 8615667.635653460398316, 3281379.575669964309782 ], [ 8615700.856955487281084, 3281514.30650596274063 ], [ 8615167.470495168119669, 3281840.982642558403313 ], [ 8615069.652216980233788, 3281547.066401014570147 ], [ 8615017.974636048078537, 3281547.066401014570147 ], [ 8614831.566219123080373, 3281197.781322760041803 ], [ 8615040.122170737013221, 3281031.674812627024949 ], [ 8615250.523750234395266, 3281037.211696298327297 ], [ 8615663.944397680461407, 3280625.636676742695272 ], [ 8614712.061813214793801, 3280627.482304633129388 ], [ 8613845.078111711889505, 3280638.556071977131069 ], [ 8613924.440110998228192, 3280961.540952793322504 ], [ 8613976.117691930383444, 3281272.067845350131392 ], [ 8614007.493366064503789, 3281588.131621576845646 ], [ 8614023.181203132495284, 3281767.157526944298297 ], [ 8614026.872458914294839, 3282097.524919322691858 ], [ 8616606.137435721233487, 3282084.605524088256061 ] ] ] ] } },
{ "type": "Feature", "properties": { "SECTOR_NO": "153", "LANDUSE_DE": "INDUSTRIAL", "ZONE": "CONFORMING", "TOTAL_INDU": 3, "RED": 0, "GREEN": 3, "ORANGE": 0, "WHITE": 0, "SEC(IN HAC": 118.93, "IND(IN HAC": 0.203882, "AREA(%AGE)": 0.17, "AREA(sqmtr": 398300.7 }, "geometry": { "type": "MultiPolygon", "coordinates": [ [ [ [ 8601685.375653142109513, 3289667.093423810321838 ], [ 8602403.465165847912431, 3289910.133801374118775 ], [ 8602418.633643310517073, 3289454.390001180116087 ], [ 8602453.107455734163523, 3289164.809976850636303 ], [ 8602443.231246812269092, 3288950.945756398141384 ], [ 8601981.505701825022697, 3288956.243411710951477 ], [ 8601685.375653142109513, 3289667.093423810321838 ] ] ] ] } },
{ "type": "Feature", "properties": { "SECTOR_NO": "152", "LANDUSE_DE": "INDUSTRIAL", "ZONE": "CONFORMING", "TOTAL_INDU": 2, "RED": 0, "GREEN": 2, "ORANGE": 0, "WHITE": 0, "SEC(IN HAC": 199.12300038199999, "IND(IN HAC": 0.475442, "AREA(%AGE)": 0.24, "AREA(sqmtr": 1537570.0 }, "geometry": { "type": "MultiPolygon", "coordinates": [ [ [ [ 8599448.369965195655823, 3288843.514045096002519 ], [ 8599340.466932313516736, 3289023.467345929238945 ], [ 8599986.850915189832449, 3289057.596420226152986 ], [ 8600431.907833533361554, 3289068.628040199633688 ], [ 8601092.081341378390789, 3289270.299842856358737 ], [ 8601617.462242657318711, 3289444.047857453580946 ], [ 8601764.320683564990759, 3289079.659660172183067 ], [ 8601611.946432681754231, 3289025.880512800998986 ], [ 8601376.145555729046464, 3289177.565287448000163 ], [ 8601140.344678774476051, 3289274.436700349673629 ], [ 8600784.574934599921107, 3289093.793923268094659 ], [ 8600803.880269553512335, 3288761.121633412316442 ], [ 8600930.743899259716272, 3288639.773813695181161 ], [ 8601071.397053934633732, 3288612.194763757754117 ], [ 8601265.829355979338288, 3288630.121146217454225 ], [ 8601611.946432681754231, 3289025.880512800998986 ], [ 8601763.286469193175435, 3289079.659660172183067 ], [ 8602011.497918620705605, 3288472.575823456048965 ], [ 8602008.740013625472784, 3288256.080281458795071 ], [ 8600335.036420641466975, 3288047.858454439789057 ], [ 8600344.689088117331266, 3288310.548905081115663 ], [ 8600179.214788503944874, 3288153.34832044923678 ], [ 8599982.024581456556916, 3288033.379453225526959 ], [ 8599740.707894517108798, 3288412.246651719789952 ], [ 8599448.369965195655823, 3288843.514045096002519 ] ] ] ] } },
{ "type": "Feature", "properties": { "SECTOR_NO": "153", "LANDUSE_DE": "INDUSTRIAL", "ZONE": "CONFORMING", "TOTAL_INDU": 3, "RED": 0, "GREEN": 3, "ORANGE": 0, "WHITE": 0, "SEC(IN HAC": 118.93, "IND(IN HAC": 0.203882, "AREA(%AGE)": 0.17, "AREA(sqmtr": 462827.8 }, "geometry": { "type": "MultiPolygon", "coordinates": [ [ [ [ 8602439.31793075427413, 3289927.715445706620812 ], [ 8602966.767260782420635, 3290119.734580887015909 ], [ 8603086.736128002405167, 3289884.967918305192143 ], [ 8603260.484142603352666, 3289552.295628451742232 ], [ 8603555.579976914450526, 3288939.695981747936457 ], [ 8603119.422784799709916, 3288950.386038759723306 ], [ 8602662.772585120052099, 3288948.044242863543332 ], [ 8602483.565607350319624, 3288935.432540809735656 ], [ 8602482.014285787940025, 3289075.051481117028743 ], [ 8602489.649696886539459, 3289165.844191225711256 ], [ 8602486.202315649017692, 3289222.0365054695867 ], [ 8602818.529867384582758, 3289040.014775891788304 ], [ 8602904.024922180920839, 3289143.436213153414428 ], [ 8602904.024922180920839, 3289234.447077938821167 ], [ 8602999.172644462436438, 3289408.539830659516156 ], [ 8603003.309501953423023, 3289586.424702748656273 ], [ 8602829.561487356200814, 3289822.225579703226686 ], [ 8602757.855957521125674, 3289768.446432328317314 ], [ 8602669.602997727692127, 3289764.309574836399406 ], [ 8602451.728503232821822, 3289556.087747819256037 ], [ 8602439.31793075427413, 3289927.715445706620812 ] ] ] ] } },
{ "type": "Feature", "properties": { "SECTOR_NO": "105", "LANDUSE_DE": "OPEN SPACE", "ZONE": "NON-CONFORMING", "TOTAL_INDU": 0, "RED": 0, "GREEN": 0, "ORANGE": 0, "WHITE": 0, "SEC(IN HAC": 96.558555847400001, "IND(IN HAC": 0.0, "AREA(%AGE)": 0.0, "AREA(sqmtr": 745067.0 }, "geometry": { "type": "MultiPolygon", "coordinates": [ [ [ [ 8616216.062694257125258, 3294584.393173049669713 ], [ 8616645.782241133973002, 3294591.418581840116531 ], [ 8616643.440445234999061, 3292331.578756311908364 ], [ 8616216.062694257125258, 3292317.527938758954406 ], [ 8616211.379102466627955, 3293079.199340518098325 ], [ 8616250.018734743818641, 3293569.221603137906641 ], [ 8616213.720898358151317, 3293578.588814852293581 ], [ 8616216.062694257125258, 3294584.393173049669713 ] ] ] ] } },
{ "type": "Feature", "properties": { "SECTOR_NO": "110-A", "LANDUSE_DE": "OPEN SPACE", "ZONE": "NON-CONFORMING", "TOTAL_INDU": 0, "RED": 0, "GREEN": 0, "ORANGE": 0, "WHITE": 0, "SEC(IN HAC": 128.920852341, "IND(IN HAC": 0.0, "AREA(%AGE)": 0.0, "AREA(sqmtr": 995280.8 }, "geometry": { "type": "MultiPolygon", "coordinates": [ [ [ [ 8613019.729565791785717, 3291170.038528153672814 ], [ 8613578.205326998606324, 3291170.038528153672814 ], [ 8613216.295759774744511, 3288947.111427495721728 ], [ 8612614.851771000772715, 3288947.111427495721728 ], [ 8613019.729565791785717, 3291170.038528153672814 ] ] ] ] } },
{ "type": "Feature", "properties": { "SECTOR_NO": "141", "LANDUSE_DE": "OPEN SPACE", "ZONE": "NON-CONFORMING", "TOTAL_INDU": 0, "RED": 0, "GREEN": 0, "ORANGE": 0, "WHITE": 0, "SEC(IN HAC": 35.851805239699999, "IND(IN HAC": 0.0, "AREA(%AGE)": 0.0, "AREA(sqmtr": 276898.4 }, "geometry": { "type": "MultiPolygon", "coordinates": [ [ [ [ 8607876.049335919320583, 3287462.174746977165341 ], [ 8608501.308840097859502, 3287456.320257237181067 ], [ 8608500.137942148372531, 3287423.535114694852382 ], [ 8608290.547209473326802, 3287418.851522902958095 ], [ 8608292.889005372300744, 3287292.394544533453882 ], [ 8608497.796146251261234, 3287295.907238375861198 ], [ 8608503.650635991245508, 3286841.013385619968176 ], [ 8607869.023948235437274, 3286851.551467150449753 ], [ 8607876.049335919320583, 3287462.174746977165341 ] ] ] ] } },
{ "type": "Feature", "properties": { "SECTOR_NO": "150", "LANDUSE_DE": "OPEN SPACE", "ZONE": "NON-CONFORMING", "TOTAL_INDU": 2, "RED": 0, "GREEN": 2, "ORANGE": 0, "WHITE": 0, "SEC(IN HAC": 23.482347567600002, "IND(IN HAC": 0.339676, "AREA(%AGE)": 1.45, "AREA(sqmtr": 181351.9 }, "geometry": { "type": "MultiPolygon", "coordinates": [ [ [ [ 8603891.882790137082338, 3288366.132541074883193 ], [ 8603969.104129958897829, 3288210.310908935498446 ], [ 8603969.104129958897829, 3287667.003625197336078 ], [ 8603973.240987444296479, 3286669.331493763253093 ], [ 8603931.872412545606494, 3286668.642017513979226 ], [ 8603930.493460051715374, 3286856.179557075258344 ], [ 8603817.419355306774378, 3286861.350628941785544 ], [ 8603819.649380063638091, 3287377.342802872415632 ], [ 8603818.270427562296391, 3287409.748186546377838 ], [ 8603818.798307808116078, 3288159.289666553493589 ], [ 8603744.334872975945473, 3288283.39539126586169 ], [ 8603891.882790137082338, 3288366.132541074883193 ] ] ] ] } },
{ "type": "Feature", "properties": { "SECTOR_NO": "59", "LANDUSE_DE": "OPEN SPACE", "ZONE": "NON-CONFORMING", "TOTAL_INDU": 1, "RED": 0, "GREEN": 1, "ORANGE": 0, "WHITE": 0, "SEC(IN HAC": 37.074522704400003, "IND(IN HAC": 0.54, "AREA(%AGE)": 1.46, "AREA(sqmtr": 286357.5 }, "geometry": { "type": "MultiPolygon", "coordinates": [ [ [ [ 8604634.98197622038424, 3286232.230484853498638 ], [ 8604794.811047773808241, 3286228.732248463202268 ], [ 8604941.307761570438743, 3286298.173997839912772 ], [ 8605028.052272420376539, 3286299.096811786293983 ], [ 8605122.17929482460022, 3286347.08313693292439 ], [ 8605192.313154658302665, 3286370.153485566843301 ], [ 8605239.376665860414505, 3286402.45197364455089 ], [ 8605342.942113304510713, 3286412.644334283657372 ], [ 8605744.38659736700356, 3287035.50234004156664 ], [ 8606085.597053600475192, 3287376.712796272709966 ], [ 8606515.741211893036962, 3287614.724627295043319 ], [ 8606694.143191177397966, 3287617.051609633024782 ], [ 8606709.903117706999183, 3287532.999075565021485 ], [ 8606482.228935018181801, 3287514.815446996130049 ], [ 8606394.593947334215045, 3287470.745402759872377 ], [ 8606313.777820367366076, 3287420.235323407221586 ], [ 8606242.55860847979784, 3287345.480405960697681 ], [ 8606160.353454325348139, 3287238.777863323222846 ], [ 8606047.3371517714113, 3287113.260316126048565 ], [ 8605869.16284685023129, 3286922.458491364028305 ], [ 8605758.545773059129715, 3286773.706307664513588 ], [ 8605592.998987976461649, 3286570.276963062118739 ], [ 8605452.328416975215077, 3286416.347496229223907 ], [ 8605431.114183641970158, 3286348.158889096230268 ], [ 8605360.90517333894968, 3286265.322358953766525 ], [ 8605328.57872255332768, 3286238.29946650005877 ], [ 8605240.691184477880597, 3286224.156644282396883 ], [ 8605156.46562715433538, 3286180.086600044276565 ], [ 8605007.587168253958225, 3286094.093189942184836 ], [ 8604946.596247432753444, 3286072.752681415062398 ], [ 8604803.652722856029868, 3286066.186371099669486 ], [ 8604588.353509610518813, 3286058.609859195072204 ], [ 8604634.98197622038424, 3286232.230484853498638 ] ] ] ] } },
{ "type": "Feature", "properties": { "SECTOR_NO": "13", "LANDUSE_DE": "PUBLIC AND SEMI-PUBLIC USES", "ZONE": "NON-CONFORMING", "TOTAL_INDU": 0, "RED": 0, "GREEN": 0, "ORANGE": 0, "WHITE": 0, "SEC(IN HAC": 36.762846425399999, "IND(IN HAC": 0.0, "AREA(%AGE)": 0.0, "AREA(sqmtr": 290608.5 }, "geometry": { "type": "MultiPolygon", "coordinates": [ [ [ [ 8608290.913623845204711, 3297724.953860078938305 ], [ 8609101.866968762129545, 3297790.109365552663803 ], [ 8609128.239435264840722, 3297328.203371389303356 ], [ 8608320.283867729827762, 3297260.328110363334417 ], [ 8608290.913623845204711, 3297724.953860078938305 ] ] ] ] } },
{ "type": "Feature", "properties": { "SECTOR_NO": "121", "LANDUSE_DE": "RESIDENTIAL", "ZONE": "NON-CONFORMING", "TOTAL_INDU": 2, "RED": 0, "GREEN": 2, "ORANGE": 0, "WHITE": 0, "SEC(IN HAC": 210.32540035400001, "IND(IN HAC": 0.288405, "AREA(%AGE)": 0.14, "AREA(sqmtr": 1624687.0 }, "geometry": { "type": "MultiPolygon", "coordinates": [ [ [ [ 8616716.109299086034298, 3284834.752933040261269 ], [ 8616712.596605243161321, 3285258.032541203778237 ], [ 8617409.280884236097336, 3285258.032541203778237 ], [ 8617409.280884236097336, 3285510.068324488122016 ], [ 8617487.731046747416258, 3285587.640313534066081 ], [ 8617389.375619128346443, 3285815.965413374360651 ], [ 8617162.514141721650958, 3286034.045156167820096 ], [ 8617075.867693578824401, 3285923.980749067850411 ], [ 8616718.743819473311305, 3285933.347932650707662 ], [ 8616712.889329733327031, 3286419.270581023767591 ], [ 8616726.06193164549768, 3287087.267860298976302 ], [ 8617873.541920581832528, 3287083.755166453309357 ], [ 8617875.005543014034629, 3286621.543201522435993 ], [ 8617870.321951223537326, 3285711.170047039631754 ], [ 8617869.151053274050355, 3284985.798768319189548 ], [ 8617726.301503634080291, 3284984.627870368771255 ], [ 8617728.643299527466297, 3284833.582035093568265 ], [ 8616716.109299086034298, 3284834.752933040261269 ] ] ] ] } },
{ "type": "Feature", "properties": { "SECTOR_NO": "105", "LANDUSE_DE": "RESIDENTIAL", "ZONE": "NON-CONFORMING", "TOTAL_INDU": 2, "RED": 0, "GREEN": 2, "ORANGE": 0, "WHITE": 0, "SEC(IN HAC": 339.34657009799997, "IND(IN HAC": 0.351474, "AREA(%AGE)": 0.1, "AREA(sqmtr": 2618424.0 }, "geometry": { "type": "MultiPolygon", "coordinates": [ [ [ [ 8616216.062694257125258, 3294584.393173049669713 ], [ 8616213.720898358151317, 3293538.256923082284629 ], [ 8615569.727027015760541, 3293931.678633572533727 ], [ 8615424.535681476816535, 3293915.286062304396182 ], [ 8615340.231029227375984, 3293807.563451095949858 ], [ 8615106.05143965408206, 3293556.991290249861777 ], [ 8615103.709643755108118, 3292970.956867327447981 ], [ 8615588.461394185200334, 3292776.587807978969067 ], [ 8615649.348087474703789, 3292610.32029937626794 ], [ 8616073.213144611567259, 3292617.345687065273523 ], [ 8616089.60571588203311, 3292832.790909476578236 ], [ 8616211.379102466627955, 3293038.868948304560035 ], [ 8616216.062694257125258, 3292277.199833201244473 ], [ 8615796.881228912621737, 3292263.149057826492935 ], [ 8615689.158617701381445, 3292211.629548120312393 ], [ 8615483.080578872933984, 3292197.578772744629532 ], [ 8615159.91274525411427, 3292427.074770531151444 ], [ 8614708.531586343422532, 3292732.09368595900014 ], [ 8614058.097776288166642, 3292732.09368595900014 ], [ 8614068.325982043519616, 3294578.970696232747287 ], [ 8614124.173558162525296, 3294582.849000127054751 ], [ 8614128.351653164252639, 3294265.384548724163324 ], [ 8614320.37891661375761, 3294272.409936408977956 ], [ 8614310.332145236432552, 3294590.605607921257615 ], [ 8616216.062694257125258, 3294584.393173049669713 ] ] ] ] } },
{ "type": "Feature", "properties": { "SECTOR_NO": "40", "LANDUSE_DE": "SPECIAL ZONE", "ZONE": "NON-CONFORMING", "TOTAL_INDU": 0, "RED": 0, "GREEN": 0, "ORANGE": 0, "WHITE": 0, "SEC(IN HAC": 48.520833126500001, "IND(IN HAC": 0.0, "AREA(%AGE)": 0.0, "AREA(sqmtr": 373433.4 }, "geometry": { "type": "MultiPolygon", "coordinates": [ [ [ [ 8602603.629335014149547, 3311401.609231995884329 ], [ 8602584.003533136099577, 3310725.219988723285496 ], [ 8602417.534677928313613, 3310660.735211125575006 ], [ 8602360.05911528877914, 3310611.670706433709711 ], [ 8602268.939320854842663, 3310512.139854054432362 ], [ 8602250.715361967682838, 3310450.458762441761792 ], [ 8601873.61959732696414, 3310465.879035343416035 ], [ 8601935.300688941031694, 3310777.088179398328066 ], [ 8601931.095159972086549, 3310963.533297232817858 ], [ 8601933.898845952004194, 3311040.634661751333624 ], [ 8602284.359593762084842, 3311335.372150658164173 ], [ 8602603.629335014149547, 3311401.609231995884329 ] ] ] ] } },
{ "type": "Feature", "properties": { "SECTOR_NO": "40", "LANDUSE_DE": "SPECIAL ZONE", "ZONE": "NON-CONFORMING", "TOTAL_INDU": 0, "RED": 0, "GREEN": 0, "ORANGE": 0, "WHITE": 0, "SEC(IN HAC": 555.01875076299996, "IND(IN HAC": 0.0, "AREA(%AGE)": 0.0, "AREA(sqmtr": 4272638.0 }, "geometry": { "type": "MultiPolygon", "coordinates": [ [ [ [ 8602581.550307901576161, 3310529.312430697027594 ], [ 8602595.56873781234026, 3309300.947509629186243 ], [ 8602111.932905836030841, 3309251.883004936389625 ], [ 8602025.01864037849009, 3309244.87378997867927 ], [ 8601926.889630995690823, 3309207.024029215797782 ], [ 8601365.45151300355792, 3308956.094133782666177 ], [ 8600808.919845486059785, 3308660.305262630805373 ], [ 8600506.121759381145239, 3308424.795640106778592 ], [ 8600321.078484535217285, 3308270.592911068350077 ], [ 8600175.286813447251916, 3308172.463901681825519 ], [ 8599942.580876901745796, 3308088.353322209790349 ], [ 8599822.723301151767373, 3308073.633970798924565 ], [ 8599672.025179594755173, 3308070.830284818541259 ], [ 8599432.835719214752316, 3308100.268987633287907 ], [ 8599117.421046188101172, 3308226.434856845531613 ], [ 8598823.384478772059083, 3308403.417534489650279 ], [ 8598591.029002977535129, 3308609.83891494711861 ], [ 8598432.620744969695807, 3308803.293247738853097 ], [ 8598634.486135706305504, 3308993.943894546944648 ], [ 8598848.968113364651799, 3309121.511606748681515 ], [ 8599132.140397587791085, 3309333.189898425713181 ], [ 8599249.544748108834028, 3309675.940509784966707 ], [ 8599597.201809933409095, 3309790.891635063569993 ], [ 8599717.409846432507038, 3309863.086549111641943 ], [ 8600083.290867144241929, 3310034.111394044011831 ], [ 8600277.446121430024505, 3310121.37612024648115 ], [ 8600438.658065419644117, 3310150.814823063556105 ], [ 8600791.922499215230346, 3310248.943832451011986 ], [ 8601081.753537649288774, 3310283.989907229319215 ], [ 8601233.152580706402659, 3310283.989907229319215 ], [ 8601491.79261258803308, 3310348.825145576149225 ], [ 8601887.112336112186313, 3310287.144053960219026 ], [ 8602337.804857801645994, 3310270.321938067208976 ], [ 8602409.29885034635663, 3310410.506237187888473 ], [ 8602482.194685893133283, 3310484.803915726486593 ], [ 8602581.550307901576161, 3310529.312430697027594 ] ] ] ] } },
{ "type": "Feature", "properties": { "SECTOR_NO": "90", "LANDUSE_DE": "TRANSPORT AND COMMUNICATION", "ZONE": "NON-CONFORMING", "TOTAL_INDU": 0, "RED": 0, "GREEN": 0, "ORANGE": 0, "WHITE": 0, "SEC(IN HAC": 38.5467071076, "IND(IN HAC": 0.0, "AREA(%AGE)": 0.0, "AREA(sqmtr": 296983.7 }, "geometry": { "type": "MultiPolygon", "coordinates": [ [ [ [ 8608277.228245275095105, 3303304.131257484201342 ], [ 8608271.081031044945121, 3303302.960359535645694 ], [ 8607952.434651294723153, 3304406.204941474366933 ], [ 8608121.528701214119792, 3304465.155160715337843 ], [ 8608181.507338032126427, 3304381.357369544915855 ], [ 8608370.021907646209002, 3304123.174372035544366 ], [ 8608567.903660835698247, 3303874.944007080979645 ], [ 8608221.317868258804083, 3303891.33657835284248 ], [ 8608227.172357998788357, 3303571.681438577361405 ], [ 8608605.079670680686831, 3303559.972459098789841 ], [ 8608596.883385047316551, 3303840.987966592889279 ], [ 8608791.252444393932819, 3303613.248315727338195 ], [ 8608806.474117716774344, 3303575.779581395443529 ], [ 8608780.714362869039178, 3303486.791337356902659 ], [ 8608717.485873682424426, 3303434.100929700769484 ], [ 8608680.017139347270131, 3303349.796277451328933 ], [ 8608630.839425539597869, 3303298.276767744682729 ], [ 8608503.211549215018749, 3303202.263136019930243 ], [ 8608459.888325147330761, 3303203.434033964760602 ], [ 8608383.779958529397845, 3303228.022890869993716 ], [ 8608277.228245275095105, 3303304.131257484201342 ] ] ] ] } },
{ "type": "Feature", "properties": { "SECTOR_NO": "90", "LANDUSE_DE": "TRANSPORT AND COMMUNICATION", "ZONE": "NON-CONFORMING", "TOTAL_INDU": 0, "RED": 0, "GREEN": 0, "ORANGE": 0, "WHITE": 0, "SEC(IN HAC": 3.9778236504, "IND(IN HAC": 0.0, "AREA(%AGE)": 0.0, "AREA(sqmtr": 30643.11 }, "geometry": { "type": "MultiPolygon", "coordinates": [ [ [ [ 8607939.636248428374529, 3304452.938503437675536 ], [ 8607939.636248428374529, 3304452.938503437675536 ], [ 8607809.161790603771806, 3304925.532190828584135 ], [ 8608097.483217051252723, 3304490.945881630294025 ], [ 8607939.636248428374529, 3304452.938503437675536 ] ] ] ] } },
{ "type": "Feature", "properties": { "SECTOR_NO": "146", "LANDUSE_DE": "VILLAGE ABADI", "ZONE": "NON-CONFORMING", "TOTAL_INDU": 0, "RED": 0, "GREEN": 0, "ORANGE": 0, "WHITE": 0, "SEC(IN HAC": 24.443089179200001, "IND(IN HAC": 0.0, "AREA(%AGE)": 0.0, "AREA(sqmtr": 188854.4 }, "geometry": { "type": "MultiPolygon", "coordinates": [ [ [ [ 8602573.418435441330075, 3284964.576243021991104 ], [ 8602841.554065506905317, 3284776.061673410236835 ], [ 8602861.459330620244145, 3284430.354054292198271 ], [ 8602754.907617365941405, 3284262.915647744666785 ], [ 8602520.7280277851969, 3284324.973238984588534 ], [ 8602314.064539980143309, 3284505.876971933990717 ], [ 8602573.418435441330075, 3284964.576243021991104 ] ] ] ] } },
{ "type": "Feature", "properties": { "SECTOR_NO": "146", "LANDUSE_DE": "VILLAGE ABADI", "ZONE": "NON-CONFORMING", "TOTAL_INDU": 0, "RED": 0, "GREEN": 0, "ORANGE": 0, "WHITE": 0, "SEC(IN HAC": 39.638261396899999, "IND(IN HAC": 0.0, "AREA(%AGE)": 0.0, "AREA(sqmtr": 324672.5 }, "geometry": { "type": "MultiPolygon", "coordinates": [ [ [ [ 8603760.136226814240217, 3284068.487186822108924 ], [ 8603760.136226814240217, 3284068.487186822108924 ], [ 8603579.580433728173375, 3283253.349385681562126 ], [ 8603539.701966937631369, 3283274.677779724821448 ], [ 8603380.459846021607518, 3283354.298840179573745 ], [ 8603083.051767254248261, 3283632.972551778890193 ], [ 8603076.026379570364952, 3284184.465485237073153 ], [ 8603509.258620288223028, 3284060.350302757229656 ], [ 8603760.136226814240217, 3284068.487186822108924 ] ] ] ] } },
{ "type": "Feature", "properties": { "SECTOR_NO": "52", "LANDUSE_DE": "VILLAGE ABADI", "ZONE": "NON-CONFORMING", "TOTAL_INDU": 0, "RED": 0, "GREEN": 0, "ORANGE": 0, "WHITE": 0, "SEC(IN HAC": 22.693808978300002, "IND(IN HAC": 0.0, "AREA(%AGE)": 0.0, "AREA(sqmtr": 173991.6 }, "geometry": { "type": "MultiPolygon", "coordinates": [ [ [ [ 8600731.522782385349274, 3294902.792119099758565 ], [ 8600799.434863362461329, 3295017.54011799255386 ], [ 8601153.924217088147998, 3295017.54011799255386 ], [ 8601151.582421191036701, 3294955.482526754494756 ], [ 8601287.406583147123456, 3294953.140730856917799 ], [ 8601285.979551294818521, 3294431.212970555294305 ], [ 8601285.979551294818521, 3294431.212970555294305 ], [ 8601195.820409305393696, 3294517.85941870091483 ], [ 8601055.312655556946993, 3294583.429703781381249 ], [ 8600951.102738194167614, 3294578.746111991349608 ], [ 8600782.786158183589578, 3294711.350304590538144 ], [ 8600701.994199775159359, 3294858.883446027524769 ], [ 8600731.522782385349274, 3294902.792119099758565 ] ] ] ] } },
{ "type": "Feature", "properties": { "SECTOR_NO": "153", "LANDUSE_DE": "VILLAGE ABADI", "ZONE": "NON-CONFORMING", "TOTAL_INDU": 0, "RED": 0, "GREEN": 0, "ORANGE": 0, "WHITE": 0, "SEC(IN HAC": 29.485503177999998, "IND(IN HAC": 0.0, "AREA(%AGE)": 0.0, "AREA(sqmtr": 227651.4 }, "geometry": { "type": "MultiPolygon", "coordinates": [ [ [ [ 8602451.728503232821822, 3289556.087747819256037 ], [ 8602669.602997727692127, 3289764.309574836399406 ], [ 8602757.855957521125674, 3289768.446432328317314 ], [ 8602829.561487356200814, 3289822.225579703226686 ], [ 8603003.309501953423023, 3289586.424702748656273 ], [ 8602999.172644462436438, 3289408.539830659516156 ], [ 8602904.024922180920839, 3289234.447077938821167 ], [ 8602904.024922180920839, 3289143.436213153414428 ], [ 8602818.529867384582758, 3289040.014775891788304 ], [ 8602486.202315649017692, 3289222.0365054695867 ], [ 8602462.760123210027814, 3289366.8265176336281 ], [ 8602451.728503232821822, 3289556.087747819256037 ] ] ] ] } },
{ "type": "Feature", "properties": { "SECTOR_NO": "142", "LANDUSE_DE": "VILLAGE ABADI", "ZONE": "NON-CONFORMING", "TOTAL_INDU": 0, "RED": 0, "GREEN": 0, "ORANGE": 0, "WHITE": 0, "SEC(IN HAC": 33.148978660399997, "IND(IN HAC": 0.0, "AREA(%AGE)": 0.0, "AREA(sqmtr": 256029.4 }, "geometry": { "type": "MultiPolygon", "coordinates": [ [ [ [ 8607794.086479568853974, 3287194.039116909727454 ], [ 8607798.799951678141952, 3286699.496079633478075 ], [ 8607761.568234266713262, 3286629.169502297881991 ], [ 8607412.693252572789788, 3286627.790549801196903 ], [ 8607356.156200205907226, 3286749.138369518797845 ], [ 8607271.865994809195399, 3286856.235058943741024 ], [ 8607187.561342559754848, 3286969.226710914168507 ], [ 8607234.397260475903749, 3287198.722708701621741 ], [ 8607468.576850054785609, 3287306.445319907274097 ], [ 8607583.32484894990921, 3287259.609401992056519 ], [ 8607770.668520607054234, 3287245.558626617304981 ], [ 8607794.086479568853974, 3287194.039116909727454 ] ] ] ] } },
{ "type": "Feature", "properties": { "SECTOR_NO": "105", "LANDUSE_DE": "VILLAGE ABADI", "ZONE": "NON-CONFORMING", "TOTAL_INDU": 7, "RED": 0, "GREEN": 7, "ORANGE": 0, "WHITE": 0, "SEC(IN HAC": 110.671908925, "IND(IN HAC": 0.754389, "AREA(%AGE)": 0.68, "AREA(sqmtr": 853992.8 }, "geometry": { "type": "MultiPolygon", "coordinates": [ [ [ [ 8616250.018734743818641, 3293528.889739498030394 ], [ 8616211.379102466627955, 3293038.868948304560035 ], [ 8616089.60571588203311, 3292832.790909476578236 ], [ 8616073.213144611567259, 3292617.345687065273523 ], [ 8615649.348087474703789, 3292610.32029937626794 ], [ 8615588.461394185200334, 3292776.587807978969067 ], [ 8615103.709643755108118, 3292970.956867327447981 ], [ 8615106.05143965408206, 3293556.991290249861777 ], [ 8615424.535681476816535, 3293915.286062304396182 ], [ 8615569.727027015760541, 3293931.678633572533727 ], [ 8616213.720898358151317, 3293538.256923082284629 ], [ 8616250.018734743818641, 3293528.889739498030394 ] ] ] ] } },
{ "type": "Feature", "properties": { "SECTOR_NO": "136", "LANDUSE_DE": "COMMERCIAL", "ZONE": "NON-CONFORMING", "TOTAL_INDU": 0, "RED": 0, "GREEN": 0, "ORANGE": 0, "WHITE": 0, "SEC(IN HAC": 56.747125357999998, "IND(IN HAC": 0.0, "AREA(%AGE)": 0.0, "AREA(sqmtr": 438562.3 }, "geometry": { "type": "MultiPolygon", "coordinates": [ [ [ [ 8608828.688367972150445, 3282942.619436544366181 ], [ 8610479.008029403164983, 3282945.423122528940439 ], [ 8610492.325537823140621, 3282608.98080462962389 ], [ 8608817.824084792286158, 3282596.364217711612582 ], [ 8608828.688367972150445, 3282942.619436544366181 ] ] ] ] } },
{ "type": "Feature", "properties": { "SECTOR_NO": "137", "LANDUSE_DE": "COMMERCIAL", "ZONE": "NON-CONFORMING", "TOTAL_INDU": 0, "RED": 0, "GREEN": 0, "ORANGE": 0, "WHITE": 0, "SEC(IN HAC": 43.476988518799999, "IND(IN HAC": 0.0, "AREA(%AGE)": 0.0, "AREA(sqmtr": 336006.0 }, "geometry": { "type": "MultiPolygon", "coordinates": [ [ [ [ 8607522.521160880103707, 3282600.219285937491804 ], [ 8607460.489608526229858, 3282943.670818788930774 ], [ 8608756.493453921750188, 3282942.268975796177983 ], [ 8608748.432856714352965, 3282596.013756959699094 ], [ 8607522.521160880103707, 3282600.219285937491804 ] ] ] ] } },
{ "type": "Feature", "properties": { "SECTOR_NO": "144", "LANDUSE_DE": "COMMERCIAL", "ZONE": "NON-CONFORMING", "TOTAL_INDU": 0, "RED": 0, "GREEN": 0, "ORANGE": 0, "WHITE": 0, "SEC(IN HAC": 86.877894493300005, "IND(IN HAC": 0.0, "AREA(%AGE)": 0.0, "AREA(sqmtr": 671268.5 }, "geometry": { "type": "MultiPolygon", "coordinates": [ [ [ [ 8605416.952988013625145, 3284661.717019726056606 ], [ 8606802.674784844741225, 3284643.493060841225088 ], [ 8606802.674784844741225, 3284493.495860780123621 ], [ 8606948.46645593829453, 3284487.888488813303411 ], [ 8607013.301694283261895, 3284069.788816680666059 ], [ 8605421.859438490122557, 3284085.209089583251625 ], [ 8605416.952988013625145, 3284661.717019726056606 ] ] ] ] } },
{ "type": "Feature", "properties": { "SECTOR_NO": "100", "LANDUSE_DE": "COMMERCIAL", "ZONE": "NON-CONFORMING", "TOTAL_INDU": 0, "RED": 0, "GREEN": 0, "ORANGE": 0, "WHITE": 0, "SEC(IN HAC": 111.70842071600001, "IND(IN HAC": 0.0, "AREA(%AGE)": 0.0, "AREA(sqmtr": 861502.4 }, "geometry": { "type": "MultiPolygon", "coordinates": [ [ [ [ 8616164.909090086817741, 3297770.83346136007458 ], [ 8616996.24663308635354, 3297791.909624421037734 ], [ 8616991.563041301444173, 3296448.304229214321822 ], [ 8616155.541906498372555, 3296434.253453842829913 ], [ 8616164.909090086817741, 3297770.83346136007458 ] ] ] ] } },
{ "type": "Feature", "properties": { "SECTOR_NO": "121-A", "LANDUSE_DE": "COMMERCIAL", "ZONE": "NON-CONFORMING", "TOTAL_INDU": 0, "RED": 0, "GREEN": 0, "ORANGE": 0, "WHITE": 0, "SEC(IN HAC": 25.221055697600001, "IND(IN HAC": 0.0, "AREA(%AGE)": 0.0, "AREA(sqmtr": 194789.8 }, "geometry": { "type": "MultiPolygon", "coordinates": [ [ [ [ 8616726.64738062210381, 3287336.376398711465299 ], [ 8617876.176440957933664, 3287336.376398711465299 ], [ 8617875.005543014034629, 3287117.418482454493642 ], [ 8616726.94010510481894, 3287116.247584509663284 ], [ 8616726.64738062210381, 3287336.376398711465299 ] ] ] ] } },
{ "type": "Feature", "properties": { "SECTOR_NO": "66", "LANDUSE_DE": "COMMERCIAL", "ZONE": "NON-CONFORMING", "TOTAL_INDU": 0, "RED": 0, "GREEN": 0, "ORANGE": 0, "WHITE": 0, "SEC(IN HAC": 81.653885181099994, "IND(IN HAC": 0.0, "AREA(%AGE)": 0.0, "AREA(sqmtr": 630562.3 }, "geometry": { "type": "MultiPolygon", "coordinates": [ [ [ [ 8610324.39694494381547, 3288484.95410446729511 ], [ 8611343.445247333496809, 3288494.710986477322876 ], [ 8611136.985297963023186, 3287561.663545598275959 ], [ 8610413.385188983753324, 3287562.286521526519209 ], [ 8610368.726990979164839, 3287837.827404470648617 ], [ 8610324.39694494381547, 3288484.95410446729511 ] ] ] ] } },
{ "type": "Feature", "properties": { "SECTOR_NO": "120", "LANDUSE_DE": "COMMERCIAL", "ZONE": "NON-CONFORMING", "TOTAL_INDU": 0, "RED": 0, "GREEN": 0, "ORANGE": 0, "WHITE": 0, "SEC(IN HAC": 251.350706234, "IND(IN HAC": 0.0, "AREA(%AGE)": 0.0, "AREA(sqmtr": 1941522.0 }, "geometry": { "type": "MultiPolygon", "coordinates": [ [ [ [ 8615451.428036149591208, 3287339.108128014486283 ], [ 8616654.162211371585727, 3287339.108128014486283 ], [ 8616648.010118396952748, 3285254.779030495788902 ], [ 8615433.279361894354224, 3285264.622379244305193 ], [ 8615451.428036149591208, 3287339.108128014486283 ] ] ] ] } },
{ "type": "Feature", "properties": { "SECTOR_NO": "129", "LANDUSE_DE": "COMMERCIAL", "ZONE": "NON-CONFORMING", "TOTAL_INDU": 0, "RED": 0, "GREEN": 0, "ORANGE": 0, "WHITE": 0, "SEC(IN HAC": 43.998774456500001, "IND(IN HAC": 0.0, "AREA(%AGE)": 0.0, "AREA(sqmtr": 340010.9 }, "geometry": { "type": "MultiPolygon", "coordinates": [ [ [ [ 8614057.671374274417758, 3283497.741278870031238 ], [ 8615347.765269640833139, 3283491.58918590284884 ], [ 8615339.499217974022031, 3283150.708959483075887 ], [ 8614053.853271188214421, 3283155.392551275435835 ], [ 8614057.671374274417758, 3283497.741278870031238 ] ] ] ] } },
{ "type": "Feature", "properties": { "SECTOR_NO": "148", "LANDUSE_DE": "COMMERCIAL", "ZONE": "NON-CONFORMING", "TOTAL_INDU": 0, "RED": 0, "GREEN": 0, "ORANGE": 0, "WHITE": 0, "SEC(IN HAC": 58.016753029599997, "IND(IN HAC": 0.0, "AREA(%AGE)": 0.0, "AREA(sqmtr": 448167.3 }, "geometry": { "type": "MultiPolygon", "coordinates": [ [ [ [ 8601606.488867163658142, 3286674.682087474036962 ], [ 8601996.954517731443048, 3286662.224099213723093 ], [ 8602000.645773513242602, 3285161.72862433642149 ], [ 8601620.33107634074986, 3285164.035659208893776 ], [ 8601606.488867163658142, 3286674.682087474036962 ] ] ] ] } },
{ "type": "Feature", "properties": { "SECTOR_NO": "45", "LANDUSE_DE": "COMMERCIAL", "ZONE": "NON-CONFORMING", "TOTAL_INDU": 0, "RED": 0, "GREEN": 0, "ORANGE": 0, "WHITE": 0, "SEC(IN HAC": 14.6060174085, "IND(IN HAC": 0.0, "AREA(%AGE)": 0.0, "AREA(sqmtr": 119745.2 }, "geometry": { "type": "MultiPolygon", "coordinates": [ [ [ [ 8604709.796813080087304, 3305675.421218935865909 ], [ 8605060.466112250462174, 3305690.186242057941854 ], [ 8605057.708490412682295, 3305267.403477519750595 ], [ 8604654.061652721837163, 3305273.115461071953177 ], [ 8604709.796813080087304, 3305675.421218935865909 ] ] ] ] } },
{ "type": "Feature", "properties": { "SECTOR_NO": "156-A", "LANDUSE_DE": "COMMERCIAL", "ZONE": "NON-CONFORMING", "TOTAL_INDU": 0, "RED": 0, "GREEN": 0, "ORANGE": 0, "WHITE": 0, "SEC(IN HAC": 91.823312591399997, "IND(IN HAC": 0.0, "AREA(%AGE)": 0.0, "AREA(sqmtr": 708718.2 }, "geometry": { "type": "MultiPolygon", "coordinates": [ [ [ [ 8600019.601037004962564, 3292484.982851028908044 ], [ 8600328.038667695596814, 3292491.474157612770796 ], [ 8600940.447902172803879, 3291039.476696467958391 ], [ 8600370.379587529227138, 3290823.538233294151723 ], [ 8600370.379587529227138, 3290823.538233294151723 ], [ 8600099.184371195733547, 3291084.109857585746795 ], [ 8600099.184371195733547, 3291084.109857585746795 ], [ 8600052.062978845089674, 3291881.101308512501419 ], [ 8600019.601037004962564, 3292484.982851028908044 ] ] ] ] } },
{ "type": "Feature", "properties": { "SECTOR_NO": "154", "LANDUSE_DE": "COMMERCIAL", "ZONE": "NON-CONFORMING", "TOTAL_INDU": 0, "RED": 0, "GREEN": 0, "ORANGE": 0, "WHITE": 0, "SEC(IN HAC": 180.29951096299999, "IND(IN HAC": 0.0, "AREA(%AGE)": 0.0, "AREA(sqmtr": 1391826.0 }, "geometry": { "type": "MultiPolygon", "coordinates": [ [ [ [ 8601200.234847687184811, 3290843.170227956958115 ], [ 8602839.981735518202186, 3291405.524293086957186 ], [ 8602850.211361743509769, 3290142.270838255062699 ], [ 8601663.934035200625658, 3289719.622051358688623 ], [ 8601200.234847687184811, 3290843.170227956958115 ] ] ] ] } },
{ "type": "Feature", "properties": { "SECTOR_NO": "103", "LANDUSE_DE": "COMMERCIAL", "ZONE": "NON-CONFORMING", "TOTAL_INDU": 0, "RED": 0, "GREEN": 0, "ORANGE": 0, "WHITE": 0, "SEC(IN HAC": 51.693235943099999, "IND(IN HAC": 0.0, "AREA(%AGE)": 0.0, "AREA(sqmtr": 398797.5 }, "geometry": { "type": "MultiPolygon", "coordinates": [ [ [ [ 8615207.151494801044464, 3294938.827021868433803 ], [ 8616985.413967180997133, 3294983.122091236524284 ], [ 8616975.8904138058424, 3294682.909240677952766 ], [ 8615202.729871988296509, 3294656.536774178501219 ], [ 8615207.151494801044464, 3294938.827021868433803 ] ] ] ] } },
{ "type": "Feature", "properties": { "SECTOR_NO": "110", "LANDUSE_DE": "COMMERCIAL", "ZONE": "NON-CONFORMING", "TOTAL_INDU": 1, "RED": 0, "GREEN": 0, "ORANGE": 1, "WHITE": 0, "SEC(IN HAC": 44.495261263000003, "IND(IN HAC": 0.513115, "AREA(%AGE)": 1.15, "AREA(sqmtr": 343468.7 }, "geometry": { "type": "MultiPolygon", "coordinates": [ [ [ [ 8614075.781597996130586, 3290983.646452783606946 ], [ 8615382.024737417697906, 3290998.411475905682892 ], [ 8615372.796597959473729, 3290658.815944073721766 ], [ 8614072.090342214331031, 3290640.359665169380605 ], [ 8614075.781597996130586, 3290983.646452783606946 ] ] ] ] } },
{ "type": "Feature", "properties": { "SECTOR_NO": "151", "LANDUSE_DE": "COMMERCIAL", "ZONE": "NON-CONFORMING", "TOTAL_INDU": 0, "RED": 0, "GREEN": 0, "ORANGE": 0, "WHITE": 0, "SEC(IN HAC": 9.4255981440099994, "IND(IN HAC": 0.0, "AREA(%AGE)": 0.0, "AREA(sqmtr": 72790.67 }, "geometry": { "type": "MultiPolygon", "coordinates": [ [ [ [ 8601943.92924627661705, 3288078.884885617531836 ], [ 8601608.23241769708693, 3287442.673370677512139 ], [ 8601623.600656365975738, 3288033.353402195032686 ], [ 8601943.92924627661705, 3288078.884885617531836 ] ] ] ] } },
{ "type": "Feature", "properties": { "SECTOR_NO": "151", "LANDUSE_DE": "COMMERCIAL", "ZONE": "NON-CONFORMING", "TOTAL_INDU": 0, "RED": 0, "GREEN": 0, "ORANGE": 0, "WHITE": 0, "SEC(IN HAC": 36.941119795500001, "IND(IN HAC": 0.0, "AREA(%AGE)": 0.0, "AREA(sqmtr": 285305.5 }, "geometry": { "type": "MultiPolygon", "coordinates": [ [ [ [ 8601611.335060816258192, 3287299.563956863246858 ], [ 8602008.740013625472784, 3288088.882291221991181 ], [ 8602008.740013625472784, 3288088.882291221991181 ], [ 8601993.571536168456078, 3286738.543058726005256 ], [ 8601606.037187149748206, 3286747.048825315199792 ], [ 8601611.335060816258192, 3287299.563956863246858 ] ] ] ] } },
{ "type": "Feature", "properties": { "SECTOR_NO": "10", "LANDUSE_DE": "COMMERCIAL", "ZONE": "NON-CONFORMING", "TOTAL_INDU": 0, "RED": 0, "GREEN": 0, "ORANGE": 0, "WHITE": 0, "SEC(IN HAC": 3.8737207737600001, "IND(IN HAC": 0.0, "AREA(%AGE)": 0.0, "AREA(sqmtr": 29880.35 }, "geometry": { "type": "MultiPolygon", "coordinates": [ [ [ [ 8608324.180852958932519, 3295985.189824021421373 ], [ 8608361.49875477515161, 3295635.905465826392174 ], [ 8607786.734117206186056, 3295596.540681269951165 ], [ 8607781.304491752758622, 3295648.509953491389751 ], [ 8608310.692973719909787, 3295670.228455319069326 ], [ 8608286.949135545641184, 3295979.674014032818377 ], [ 8608324.180852958932519, 3295985.189824021421373 ] ] ] ] } },
{ "type": "Feature", "properties": { "SECTOR_NO": "141", "LANDUSE_DE": "COMMERCIAL", "ZONE": "NON-CONFORMING", "TOTAL_INDU": 0, "RED": 0, "GREEN": 0, "ORANGE": 0, "WHITE": 0, "SEC(IN HAC": 20.851964475399999, "IND(IN HAC": 0.0, "AREA(%AGE)": 0.0, "AREA(sqmtr": 161081.2 }, "geometry": { "type": "MultiPolygon", "coordinates": [ [ [ [ 8607864.644933393225074, 3285855.577151592355222 ], [ 8608796.816821238026023, 3285850.061341605149209 ], [ 8608798.540511852130294, 3285631.152632738929242 ], [ 8607866.713362140581012, 3285627.015775247942656 ], [ 8607864.644933393225074, 3285855.577151592355222 ] ] ] ] } },
{ "type": "Feature", "properties": { "SECTOR_NO": "7", "LANDUSE_DE": "COMMERCIAL", "ZONE": "NON-CONFORMING", "TOTAL_INDU": 1, "RED": 0, "GREEN": 1, "ORANGE": 0, "WHITE": 0, "SEC(IN HAC": 4.2292510541299997, "IND(IN HAC": 0.09577, "AREA(%AGE)": 2.26, "AREA(sqmtr": 32624.12 }, "geometry": { "type": "MultiPolygon", "coordinates": [ [ [ [ 8608200.355227837339044, 3295199.984107773285359 ], [ 8608160.020867304876447, 3295192.227499981410801 ], [ 8608142.956330159679055, 3295449.746878755744547 ], [ 8607924.21999035589397, 3295443.541592519264668 ], [ 8607902.501488529145718, 3295564.54467411339283 ], [ 8608165.25657756626606, 3295581.803126453887671 ], [ 8608200.355227837339044, 3295199.984107773285359 ] ] ] ] } },
{ "type": "Feature", "properties": { "SECTOR_NO": "127", "LANDUSE_DE": "COMMERCIAL", "ZONE": "NON-CONFORMING", "TOTAL_INDU": 0, "RED": 0, "GREEN": 0, "ORANGE": 0, "WHITE": 0, "SEC(IN HAC": 53.427531718300003, "IND(IN HAC": 0.0, "AREA(%AGE)": 0.0, "AREA(sqmtr": 412872.5 }, "geometry": { "type": "MultiPolygon", "coordinates": [ [ [ [ 8610750.016848413273692, 3283388.760411615949124 ], [ 8610892.048955582082272, 3283384.623554124962538 ], [ 8610894.806860579177737, 3283517.002993816975504 ], [ 8612372.354460898786783, 3283516.658255693968385 ], [ 8612370.687471095472574, 3283170.028775623999536 ], [ 8610766.557282479479909, 3283179.395959204994142 ], [ 8610750.016848413273692, 3283388.760411615949124 ] ] ] ] } },
{ "type": "Feature", "properties": { "SECTOR_NO": "124", "LANDUSE_DE": "COMMERCIAL", "ZONE": "NON-CONFORMING", "TOTAL_INDU": 0, "RED": 0, "GREEN": 0, "ORANGE": 0, "WHITE": 0, "SEC(IN HAC": 38.806604932100001, "IND(IN HAC": 0.0, "AREA(%AGE)": 0.0, "AREA(sqmtr": 299868.9 }, "geometry": { "type": "MultiPolygon", "coordinates": [ [ [ [ 8615350.622748579829931, 3283904.694056791253388 ], [ 8615350.547115860506892, 3283562.163688086438924 ], [ 8614393.209344957023859, 3283571.816355566028506 ], [ 8614393.209344957023859, 3283711.090557741001248 ], [ 8614063.639698224142194, 3283716.606367728672922 ], [ 8614067.904046662151814, 3283908.206750635057688 ], [ 8615350.622748579829931, 3283904.694056791253388 ] ] ] ] } },
{ "type": "Feature", "properties": { "SECTOR_NO": "123", "LANDUSE_DE": "COMMERCIAL", "ZONE": "NON-CONFORMING", "TOTAL_INDU": 2, "RED": 0, "GREEN": 0, "ORANGE": 2, "WHITE": 0, "SEC(IN HAC": 41.399790771, "IND(IN HAC": 1.02623, "AREA(%AGE)": 2.48, "AREA(sqmtr": 319906.9 }, "geometry": { "type": "MultiPolygon", "coordinates": [ [ [ [ 8615419.120278529822826, 3283895.326873208861798 ], [ 8616630.414205625653267, 3283887.130587571766227 ], [ 8616631.938723511993885, 3283548.374163120053709 ], [ 8615418.460526328533888, 3283551.132068112958223 ], [ 8615419.120278529822826, 3283895.326873208861798 ] ] ] ] } },
{ "type": "Feature", "properties": { "SECTOR_NO": "80", "LANDUSE_DE": "COMMERCIAL", "ZONE": "NON-CONFORMING", "TOTAL_INDU": 0, "RED": 0, "GREEN": 0, "ORANGE": 0, "WHITE": 0, "SEC(IN HAC": 36.780312440700001, "IND(IN HAC": 0.0, "AREA(%AGE)": 0.0, "AREA(sqmtr": 283623.8 }, "geometry": { "type": "MultiPolygon", "coordinates": [ [ [ [ 8609545.738849909976125, 3297590.538310823496431 ], [ 8609505.113616548478603, 3298151.664246380329132 ], [ 8609844.85303794965148, 3297956.197729961015284 ], [ 8609993.779907600954175, 3297901.901475396938622 ], [ 8610600.346637135371566, 3297898.798832280561328 ], [ 8610584.833421543240547, 3297758.404231199063361 ], [ 8610547.601704129949212, 3297652.91436519427225 ], [ 8610059.743393093347549, 3297566.880657049827278 ], [ 8610040.998257605358958, 3297602.302499316632748 ], [ 8610002.732325816527009, 3297609.54199992492795 ], [ 8609929.303105361759663, 3297610.576214297674596 ], [ 8609928.398167772218585, 3297576.059309607371688 ], [ 8609545.738849909976125, 3297590.538310823496431 ] ] ] ] } },
{ "type": "Feature", "properties": { "SECTOR_NO": "81", "LANDUSE_DE": "COMMERCIAL", "ZONE": "NON-CONFORMING", "TOTAL_INDU": 0, "RED": 0, "GREEN": 0, "ORANGE": 0, "WHITE": 0, "SEC(IN HAC": 11.792934687100001, "IND(IN HAC": 0.0, "AREA(%AGE)": 0.0, "AREA(sqmtr": 90935.2 }, "geometry": { "type": "MultiPolygon", "coordinates": [ [ [ [ 8609682.739935049787164, 3298172.994917816948146 ], [ 8610377.731993434950709, 3298162.135666901245713 ], [ 8610579.403796086087823, 3298146.622451312374324 ], [ 8610592.590029340237379, 3297998.083412050735205 ], [ 8610012.395766312256455, 3298005.840019844472408 ], [ 8609682.739935049787164, 3298172.994917816948146 ] ] ] ] } },
{ "type": "Feature", "properties": { "SECTOR_NO": "82", "LANDUSE_DE": "COMMERCIAL", "ZONE": "NON-CONFORMING", "TOTAL_INDU": 0, "RED": 0, "GREEN": 0, "ORANGE": 0, "WHITE": 0, "SEC(IN HAC": 17.729434294299999, "IND(IN HAC": 0.0, "AREA(%AGE)": 0.0, "AREA(sqmtr": 136711.8 }, "geometry": { "type": "MultiPolygon", "coordinates": [ [ [ [ 8610629.04608597047627, 3298143.519808197394013 ], [ 8610864.45913253724575, 3298145.071129756048322 ], [ 8611619.177070941776037, 3298137.314521961845458 ], [ 8611776.248378781601787, 3298121.025645593181252 ], [ 8611974.623623132705688, 3298114.626444162335247 ], [ 8611964.346117796376348, 3297998.083412050735205 ], [ 8611964.346117796376348, 3297998.083412050735205 ], [ 8610637.190524155274034, 3298010.493984519969672 ], [ 8610629.04608597047627, 3298143.519808197394013 ] ] ] ] } },
{ "type": "Feature", "properties": { "SECTOR_NO": "83", "LANDUSE_DE": "COMMERCIAL", "ZONE": "NON-CONFORMING", "TOTAL_INDU": 0, "RED": 0, "GREEN": 0, "ORANGE": 0, "WHITE": 0, "SEC(IN HAC": 12.0013235625, "IND(IN HAC": 0.0, "AREA(%AGE)": 0.0, "AREA(sqmtr": 92542.31 }, "geometry": { "type": "MultiPolygon", "coordinates": [ [ [ [ 8612017.091050794348121, 3297994.980768930632621 ], [ 8612017.866711577400565, 3298012.045306077692658 ], [ 8612039.197383020073175, 3298103.961108445189893 ], [ 8613043.678092403337359, 3298117.923002474941313 ], [ 8613046.780735516920686, 3297991.10246503399685 ], [ 8612017.091050794348121, 3297994.980768930632621 ] ] ] ] } },
{ "type": "Feature", "properties": { "SECTOR_NO": "112", "LANDUSE_DE": "COMMERCIAL", "ZONE": "NON-CONFORMING", "TOTAL_INDU": 0, "RED": 0, "GREEN": 0, "ORANGE": 0, "WHITE": 0, "SEC(IN HAC": 26.209234800299999, "IND(IN HAC": 0.0, "AREA(%AGE)": 0.0, "AREA(sqmtr": 202301.2 }, "geometry": { "type": "MultiPolygon", "coordinates": [ [ [ [ 8616716.141010330989957, 3291153.84660938475281 ], [ 8616718.467992668971419, 3291381.503048155922443 ], [ 8617869.936419764533639, 3291397.791924524586648 ], [ 8617873.039062878116965, 3291171.298976923339069 ], [ 8616716.141010330989957, 3291153.84660938475281 ] ] ] ] } },
{ "type": "Feature", "properties": { "SECTOR_NO": "51", "LANDUSE_DE": "DEFENCE LAND", "ZONE": "NON-CONFORMING", "TOTAL_INDU": 1, "RED": 0, "GREEN": 1, "ORANGE": 0, "WHITE": 0, "SEC(IN HAC": 98.768330764500007, "IND(IN HAC": 0.169838, "AREA(%AGE)": 0.17, "AREA(sqmtr": 761828.6 }, "geometry": { "type": "MultiPolygon", "coordinates": [ [ [ [ 8602482.088395638391376, 3296922.664260333403945 ], [ 8602486.479262946173549, 3296356.681464766152203 ], [ 8602457.79226322285831, 3296358.437811687588692 ], [ 8602459.841334626078606, 3295628.968390143942088 ], [ 8602722.707923935726285, 3295626.626594248693436 ], [ 8602729.147862646728754, 3295544.663737892173231 ], [ 8602828.67418821901083, 3295542.907390973996371 ], [ 8602829.259637197479606, 3295446.601034755818546 ], [ 8602721.537025986239314, 3295446.601034755818546 ], [ 8602722.707923935726285, 3295204.225159541703761 ], [ 8602238.248897988349199, 3295203.054261591285467 ], [ 8601967.332385294139385, 3295500.023253632243723 ], [ 8601995.433936044573784, 3295528.710253353696316 ], [ 8601935.279053963720798, 3295626.919318733736873 ], [ 8601942.304441653192043, 3296361.804143288172781 ], [ 8601920.057380646467209, 3296362.389592263381928 ], [ 8601921.81372756883502, 3296803.671756379771978 ], [ 8601929.42456422932446, 3296804.842654325533658 ], [ 8601924.594610197469592, 3296922.8106225784868 ], [ 8602482.088395638391376, 3296922.664260333403945 ] ] ] ] } },
{ "type": "Feature", "properties": { "SECTOR_NO": "136-A", "LANDUSE_DE": "INDUSTRIAL", "ZONE": "CONFORMING", "TOTAL_INDU": 0, "RED": 0, "GREEN": 0, "ORANGE": 0, "WHITE": 0, "SEC(IN HAC": 104.009836073, "IND(IN HAC": 0.0, "AREA(%AGE)": 0.0, "AREA(sqmtr": 804138.2 }, "geometry": { "type": "MultiPolygon", "coordinates": [ [ [ [ 8608765.605433350428939, 3280457.502273828722537 ], [ 8609813.833530044183135, 3280465.913331779185683 ], [ 8610670.009136935696006, 3280471.520703743211925 ], [ 8610714.517651909962296, 3279958.095708201639354 ], [ 8610735.545296782627702, 3279749.922024005558342 ], [ 8610120.486684374511242, 3279695.250147345941514 ], [ 8609629.841637443751097, 3279665.811444527935237 ], [ 8609631.243480432778597, 3279827.02338852128014 ], [ 8609584.982661724090576, 3280031.692465242464095 ], [ 8609326.342629842460155, 3280123.162720419466496 ], [ 8609256.250480281189084, 3280182.040126052219421 ], [ 8608874.949186664074659, 3280373.041233607102185 ], [ 8608765.605433350428939, 3280457.502273828722537 ] ] ] ] } },
{ "type": "Feature", "properties": { "SECTOR_NO": "127", "LANDUSE_DE": "INDUSTRIAL", "ZONE": "CONFORMING", "TOTAL_INDU": 0, "RED": 0, "GREEN": 0, "ORANGE": 0, "WHITE": 0, "SEC(IN HAC": 153.81566252499999, "IND(IN HAC": 0.0, "AREA(%AGE)": 0.0, "AREA(sqmtr": 1188758.0 }, "geometry": { "type": "MultiPolygon", "coordinates": [ [ [ [ 8610766.557282479479909, 3283179.395959204994142 ], [ 8612370.687471095472574, 3283170.028775623999536 ], [ 8612351.953103926032782, 3282185.889050419442356 ], [ 8610850.86193472892046, 3282192.914438109844923 ], [ 8610782.949853751808405, 3282783.047003844752908 ], [ 8610766.557282479479909, 3283179.395959204994142 ] ] ] ] } },
{ "type": "Feature", "properties": { "SECTOR_NO": "129", "LANDUSE_DE": "INDUSTRIAL", "ZONE": "CONFORMING", "TOTAL_INDU": 0, "RED": 0, "GREEN": 0, "ORANGE": 0, "WHITE": 0, "SEC(IN HAC": 126.572824447, "IND(IN HAC": 0.0, "AREA(%AGE)": 0.0, "AREA(sqmtr": 978217.0 }, "geometry": { "type": "MultiPolygon", "coordinates": [ [ [ [ 8615339.499217974022031, 3283150.708959483075887 ], [ 8615330.132034393027425, 3282164.812887357082218 ], [ 8614042.144291713833809, 3282174.180070942733437 ], [ 8614053.853271188214421, 3283155.392551275435835 ], [ 8615339.499217974022031, 3283150.708959483075887 ] ] ] ] } },
{ "type": "Feature", "properties": { "SECTOR_NO": "151", "LANDUSE_DE": "INDUSTRIAL", "ZONE": "CONFORMING", "TOTAL_INDU": 0, "RED": 0, "GREEN": 0, "ORANGE": 0, "WHITE": 0, "SEC(IN HAC": 164.81890943499999, "IND(IN HAC": 0.0, "AREA(%AGE)": 0.0, "AREA(sqmtr": 1272917.0 }, "geometry": { "type": "MultiPolygon", "coordinates": [ [ [ [ 8600085.040752839297056, 3287829.617159260902554 ], [ 8600832.07364359125495, 3287937.339770468417555 ], [ 8601623.600656365975738, 3288033.353402195032686 ], [ 8601608.23241769708693, 3287442.673370677512139 ], [ 8601419.359017884358764, 3287152.188408762682229 ], [ 8601295.253293167799711, 3286937.330372844357044 ], [ 8601279.740077575668693, 3286769.78764447523281 ], [ 8600086.797099756076932, 3286761.465506297070533 ], [ 8600085.040752839297056, 3287829.617159260902554 ] ] ] ] } },
{ "type": "Feature", "properties": { "SECTOR_NO": "151", "LANDUSE_DE": "INDUSTRIAL", "ZONE": "CONFORMING", "TOTAL_INDU": 0, "RED": 0, "GREEN": 0, "ORANGE": 0, "WHITE": 0, "SEC(IN HAC": 7.4861328870300001, "IND(IN HAC": 0.0, "AREA(%AGE)": 0.0, "AREA(sqmtr": 57820.11 }, "geometry": { "type": "MultiPolygon", "coordinates": [ [ [ [ 8601611.335060816258192, 3287299.563956863246858 ], [ 8601606.037187149748206, 3286747.048825315199792 ], [ 8601369.716728, 3286758.15273278253153 ], [ 8601420.910339446738362, 3286967.968973633367568 ], [ 8601527.951527019962668, 3287133.960380443837494 ], [ 8601611.335060816258192, 3287299.563956863246858 ] ] ] ] } },
{ "type": "Feature", "properties": { "SECTOR_NO": "130", "LANDUSE_DE": "INDUSTRIAL", "ZONE": "CONFORMING", "TOTAL_INDU": 0, "RED": 0, "GREEN": 0, "ORANGE": 0, "WHITE": 0, "SEC(IN HAC": 109.31067531, "IND(IN HAC": 0.0, "AREA(%AGE)": 0.0, "AREA(sqmtr": 844788.6 }, "geometry": { "type": "MultiPolygon", "coordinates": [ [ [ [ 8616624.706078076735139, 3283482.585346581880003 ], [ 8616627.340598458424211, 3283436.334877639077604 ], [ 8616486.832844709977508, 3283306.365205424372107 ], [ 8616324.07802995108068, 3283146.830360024701804 ], [ 8615867.427830277010798, 3283143.024941693525761 ], [ 8615895.529381023719907, 3283024.764248955529183 ], [ 8615921.289135877043009, 3282931.970586584415287 ], [ 8615757.363423174247146, 3282750.481404662132263 ], [ 8615872.111422069370747, 3282599.435569383203983 ], [ 8616020.815461449325085, 3282503.421937654260546 ], [ 8616192.644735302776098, 3282472.978591010440141 ], [ 8616388.184692598879337, 3282461.269611531868577 ], [ 8616567.332078630104661, 3282675.543935996014625 ], [ 8616617.680690387263894, 3282705.987282643094659 ], [ 8616617.680690387263894, 3282160.641563410870731 ], [ 8615395.263232788071036, 3282162.983359306119382 ], [ 8615416.339395850896835, 3283489.610734269488603 ], [ 8616624.706078076735139, 3283482.585346581880003 ] ] ] ] } },
{ "type": "Feature", "properties": { "SECTOR_NO": "148", "LANDUSE_DE": "INDUSTRIAL", "ZONE": "CONFORMING", "TOTAL_INDU": 0, "RED": 0, "GREEN": 0, "ORANGE": 0, "WHITE": 0, "SEC(IN HAC": 82.002353818399996, "IND(IN HAC": 0.0, "AREA(%AGE)": 0.0, "AREA(sqmtr": 633433.4 }, "geometry": { "type": "MultiPolygon", "coordinates": [ [ [ [ 8600260.103321136906743, 3285166.573397560045123 ], [ 8600336.696878589689732, 3285268.08293153019622 ], [ 8600338.542506478726864, 3285408.350651198066771 ], [ 8600480.655854040756822, 3285334.064128608908504 ], [ 8600627.152567839249969, 3285362.671360907610506 ], [ 8601089.315356219187379, 3285536.583962686825544 ], [ 8601129.624760989099741, 3285919.128169853240252 ], [ 8601208.767116252332926, 3286243.889635983388871 ], [ 8601029.038040963932872, 3286435.903979157097638 ], [ 8600631.766637561842799, 3286155.368539822287858 ], [ 8600512.723638631403446, 3286072.315284753683954 ], [ 8600201.043228646740317, 3285832.383659007493407 ], [ 8600162.285042949020863, 3285527.855057096574455 ], [ 8600093.073997059836984, 3285820.387077719904482 ], [ 8600082.923043662682176, 3286689.447110597509891 ], [ 8601268.880826665088534, 3286667.012591190636158 ], [ 8601208.767116252332926, 3286243.889635983388871 ], [ 8601126.522117875516415, 3285916.80112136900425 ], [ 8601051.695808412507176, 3285165.333385890349746 ], [ 8600263.333169946447015, 3285154.346112783066928 ], [ 8600260.103321136906743, 3285166.573397560045123 ] ] ] ] } },
{ "type": "Feature", "properties": { "SECTOR_NO": "148", "LANDUSE_DE": "INDUSTRIAL", "ZONE": "CONFORMING", "TOTAL_INDU": 0, "RED": 0, "GREEN": 0, "ORANGE": 0, "WHITE": 0, "SEC(IN HAC": 0.85467257512000006, "IND(IN HAC": 0.0, "AREA(%AGE)": 0.0, "AREA(sqmtr": 6602.62 }, "geometry": { "type": "MultiPolygon", "coordinates": [ [ [ [ 8600195.50634497590363, 3285408.350651198066771 ], [ 8600162.285042949020863, 3285527.855057096574455 ], [ 8600338.542506478726864, 3285408.350651198066771 ], [ 8600195.50634497590363, 3285408.350651198066771 ] ] ] ] } },
{ "type": "Feature", "properties": { "SECTOR_NO": "148", "LANDUSE_DE": "INDUSTRIAL", "ZONE": "CONFORMING", "TOTAL_INDU": 0, "RED": 0, "GREEN": 0, "ORANGE": 0, "WHITE": 0, "SEC(IN HAC": 55.028524329100001, "IND(IN HAC": 0.0, "AREA(%AGE)": 0.0, "AREA(sqmtr": 425086.4 }, "geometry": { "type": "MultiPolygon", "coordinates": [ [ [ [ 8601361.960120202973485, 3286670.115234309341758 ], [ 8601606.488867163658142, 3286674.682087474036962 ], [ 8601620.33107634074986, 3285164.035659208893776 ], [ 8601135.467172591015697, 3285160.67935742624104 ], [ 8601361.960120202973485, 3286670.115234309341758 ] ] ] ] } },
{ "type": "Feature", "properties": { "SECTOR_NO": "138", "LANDUSE_DE": "INDUSTRIAL", "ZONE": "CONFORMING", "TOTAL_INDU": 0, "RED": 0, "GREEN": 0, "ORANGE": 0, "WHITE": 0, "SEC(IN HAC": 289.90770514600001, "IND(IN HAC": 0.0, "AREA(%AGE)": 0.0, "AREA(sqmtr": 2239983.0 }, "geometry": { "type": "MultiPolygon", "coordinates": [ [ [ [ 8607437.058076301589608, 3283133.729628022294492 ], [ 8607064.241242444142699, 3285443.994339807890356 ], [ 8608688.39378597587347, 3285447.685595587827265 ], [ 8608664.40062340348959, 3284177.432200035545975 ], [ 8608548.126066310331225, 3284245.720431976951659 ], [ 8608465.072811242192984, 3284127.600246992427856 ], [ 8608221.449929712340236, 3284254.948571430519223 ], [ 8608011.048350209370255, 3283918.121481435839087 ], [ 8608171.617976671084762, 3283434.566974153276533 ], [ 8608657.01811183989048, 3283648.659809439908713 ], [ 8608649.635600278154016, 3283155.87716270564124 ], [ 8608614.568670362234116, 3283152.185906928032637 ], [ 8608614.568670362234116, 3283128.19274435332045 ], [ 8607437.058076301589608, 3283133.729628022294492 ] ] ] ] } },
{ "type": "Feature", "properties": { "SECTOR_NO": "155", "LANDUSE_DE": "INDUSTRIAL", "ZONE": "CONFORMING", "TOTAL_INDU": 0, "RED": 0, "GREEN": 0, "ORANGE": 0, "WHITE": 0, "SEC(IN HAC": 277.13860957999998, "IND(IN HAC": 0.0, "AREA(%AGE)": 0.0, "AREA(sqmtr": 2139609.0 }, "geometry": { "type": "MultiPolygon", "coordinates": [ [ [ [ 8599039.85528802126646, 3289568.498320289887488 ], [ 8599502.313401384279132, 3290039.197830019053072 ], [ 8599790.08355057425797, 3290296.717208809219301 ], [ 8600321.246895672753453, 3290568.583618598524481 ], [ 8601031.0626933965832, 3290826.447735499124974 ], [ 8601160.684228099882603, 3290531.007163060363382 ], [ 8601320.642717726528645, 3290131.800415236502886 ], [ 8601593.675312094390392, 3289496.792790459003299 ], [ 8601149.997346250340343, 3289353.036992664914578 ], [ 8600558.771463247016072, 3289158.25995249254629 ], [ 8600425.35780918225646, 3289127.922997563146055 ], [ 8600342.620659375563264, 3289121.028235079254955 ], [ 8599323.9195023663342, 3289067.249087701551616 ], [ 8599039.85528802126646, 3289568.498320289887488 ] ] ] ] } },
{ "type": "Feature", "properties": { "SECTOR_NO": "150", "LANDUSE_DE": "INDUSTRIAL", "ZONE": "CONFORMING", "TOTAL_INDU": 0, "RED": 0, "GREEN": 0, "ORANGE": 0, "WHITE": 0, "SEC(IN HAC": 196.16966958699999, "IND(IN HAC": 0.0, "AREA(%AGE)": 0.0, "AREA(sqmtr": 1515036.0 }, "geometry": { "type": "MultiPolygon", "coordinates": [ [ [ [ 8603744.334872975945473, 3288283.39539126586169 ], [ 8603818.798307808116078, 3288159.289666553493589 ], [ 8603818.270427562296391, 3287409.748186546377838 ], [ 8603305.30009875074029, 3287772.412693205755204 ], [ 8602982.625214504078031, 3287340.800561705138534 ], [ 8603472.153350865468383, 3286967.793911321088672 ], [ 8603692.785750357434154, 3287264.268698134925216 ], [ 8603819.649380063638091, 3287377.342802872415632 ], [ 8603817.419355306774378, 3286861.350628941785544 ], [ 8603705.724203068763018, 3286863.074319561477751 ], [ 8603701.587345577776432, 3286674.157827498856932 ], [ 8602147.852619808167219, 3286734.4869992332533 ], [ 8602157.50528728403151, 3288090.342041714116931 ], [ 8602762.865433380007744, 3288068.278801762964576 ], [ 8603388.565128801390529, 3288053.110324300359935 ], [ 8603744.334872975945473, 3288283.39539126586169 ] ] ] ] } },
{ "type": "Feature", "properties": { "SECTOR_NO": "125", "LANDUSE_DE": "INDUSTRIAL", "ZONE": "CONFORMING", "TOTAL_INDU": 0, "RED": 0, "GREEN": 0, "ORANGE": 0, "WHITE": 0, "SEC(IN HAC": 109.44642879200001, "IND(IN HAC": 0.0, "AREA(%AGE)": 0.0, "AREA(sqmtr": 845601.2 }, "geometry": { "type": "MultiPolygon", "coordinates": [ [ [ [ 8613749.238528959453106, 3284935.083267711102962 ], [ 8613663.398736033588648, 3284973.693937624804676 ], [ 8613619.272256139665842, 3284911.641075265128165 ], [ 8613579.282633731141686, 3284939.220125203020871 ], [ 8613132.846762891858816, 3284456.931489448063076 ], [ 8613598.587968684732914, 3284202.859491911251098 ], [ 8613740.620075853541493, 3284311.79673915868625 ], [ 8613739.906258959323168, 3284139.751819831784815 ], [ 8612454.260312177240849, 3284153.802595207002014 ], [ 8612479.223279410973191, 3285221.905387047678232 ], [ 8613747.859576463699341, 3285216.389577058609575 ], [ 8613749.238528959453106, 3284935.083267711102962 ] ] ] ] } },
{ "type": "Feature", "properties": { "SECTOR_NO": "126", "LANDUSE_DE": "INDUSTRIAL", "ZONE": "CONFORMING", "TOTAL_INDU": 0, "RED": 0, "GREEN": 0, "ORANGE": 0, "WHITE": 0, "SEC(IN HAC": 229.619998428, "IND(IN HAC": 0.0, "AREA(%AGE)": 0.0, "AREA(sqmtr": 1774155.0 }, "geometry": { "type": "MultiPolygon", "coordinates": [ [ [ [ 8610786.903827708214521, 3284292.491404201369733 ], [ 8610792.419637698680162, 3284414.787253763992339 ], [ 8610722.78253660723567, 3285240.779799345880747 ], [ 8612409.586178317666054, 3285229.748179371003062 ], [ 8612384.765033377334476, 3283582.589421943761408 ], [ 8611569.114631520584226, 3283589.484184429980814 ], [ 8610847.922475690022111, 3283589.484184429980814 ], [ 8610786.903827708214521, 3284292.836142328567803 ], [ 8610804.830210166051984, 3284294.904571071267128 ], [ 8611159.221001844853163, 3284035.66150167491287 ], [ 8611429.49569121748209, 3284020.493024209979922 ], [ 8611592.212085841223598, 3284420.733986407518387 ], [ 8611145.431476878002286, 3284794.430113037582487 ], [ 8610786.903827708214521, 3284292.491404201369733 ] ] ] ] } },
{ "type": "Feature", "properties": { "SECTOR_NO": "118", "LANDUSE_DE": "INDUSTRIAL", "ZONE": "CONFORMING", "TOTAL_INDU": 3, "RED": 0, "GREEN": 1, "ORANGE": 2, "WHITE": 0, "SEC(IN HAC": 189.559248935, "IND(IN HAC": 1.196068, "AREA(%AGE)": 0.63, "AREA(sqmtr": 1464279.0 }, "geometry": { "type": "MultiPolygon", "coordinates": [ [ [ [ 8612484.221982199698687, 3285296.024083743337542 ], [ 8612506.285222148522735, 3286800.461257753428072 ], [ 8613750.100374262779951, 3286786.67173278471455 ], [ 8613755.616184249520302, 3285276.718748787883669 ], [ 8612484.221982199698687, 3285296.024083743337542 ] ] ] ] } },
{ "type": "Feature", "properties": { "SECTOR_NO": "73", "LANDUSE_DE": "INDUSTRIAL", "ZONE": "CONFORMING", "TOTAL_INDU": 1, "RED": 0, "GREEN": 1, "ORANGE": 0, "WHITE": 0, "SEC(IN HAC": 111.456614613, "IND(IN HAC": 0.169838, "AREA(%AGE)": 0.15, "AREA(sqmtr": 859938.2 }, "geometry": { "type": "MultiPolygon", "coordinates": [ [ [ [ 8610870.276588376611471, 3293610.170382701326162 ], [ 8610762.255051800981164, 3294608.779302794951946 ], [ 8611984.351702090352774, 3294621.19006454013288 ], [ 8611972.975343994796276, 3293647.305142488330603 ], [ 8612046.059826323762536, 3293474.936080391518772 ], [ 8612070.880971264094114, 3293378.064667491707951 ], [ 8612070.99947496317327, 3293191.313561796676368 ], [ 8612027.562471311539412, 3293206.826777384150773 ], [ 8612030.891348855569959, 3293473.212389768566936 ], [ 8611977.112201485782862, 3293473.212389768566936 ], [ 8611968.61225207336247, 3293740.481393648311496 ], [ 8611186.746186390519142, 3293644.299456994980574 ], [ 8611186.746186390519142, 3293644.299456994980574 ], [ 8610870.276588376611471, 3293610.170382701326162 ] ] ] ] } },
{ "type": "Feature", "properties": { "SECTOR_NO": "37", "LANDUSE_DE": "OPEN SPACE", "ZONE": "NON-CONFORMING", "TOTAL_INDU": 0, "RED": 0, "GREEN": 0, "ORANGE": 0, "WHITE": 0, "SEC(IN HAC": 11.544725361499999, "IND(IN HAC": 0.0, "AREA(%AGE)": 0.0, "AREA(sqmtr": 89751.92 }, "geometry": { "type": "MultiPolygon", "coordinates": [ [ [ [ 8605685.653964871540666, 3310541.508934735320508 ], [ 8605689.735200000926852, 3310561.558014397509396 ], [ 8605916.228147596120834, 3310556.90404972108081 ], [ 8606041.88519386947155, 3310515.01836763182655 ], [ 8606179.784080656245351, 3310393.151737013831735 ], [ 8606439.650725152343512, 3310133.457852689083666 ], [ 8606662.995563013479114, 3309896.041065630037338 ], [ 8606704.881245102733374, 3309794.235588327050209 ], [ 8606756.850517326965928, 3309363.93777092685923 ], [ 8606794.082234738394618, 3308954.001048988196999 ], [ 8606824.893068443983793, 3308577.259946730919182 ], [ 8606777.927870346233249, 3308594.713229807559401 ], [ 8606779.544375544413924, 3308870.932172071188688 ], [ 8606634.490029368549585, 3309849.501418864354491 ], [ 8606634.490029368549585, 3309849.501418864354491 ], [ 8606327.328360702842474, 3310164.419695320539176 ], [ 8606032.577264515683055, 3310466.927399306092411 ], [ 8605814.623520061373711, 3310533.097847512923181 ], [ 8605685.653964871540666, 3310541.508934735320508 ] ] ] ] } },
{ "type": "Feature", "properties": { "SECTOR_NO": "40", "LANDUSE_DE": "OPEN SPACE", "ZONE": "NON-CONFORMING", "TOTAL_INDU": 0, "RED": 0, "GREEN": 0, "ORANGE": 0, "WHITE": 0, "SEC(IN HAC": 2.9625811093799999, "IND(IN HAC": 0.0, "AREA(%AGE)": 0.0, "AREA(sqmtr": 22802.4 }, "geometry": { "type": "MultiPolygon", "coordinates": [ [ [ [ 8601873.61959732696414, 3310465.879035343416035 ], [ 8602250.715361967682838, 3310450.458762441761792 ], [ 8602268.939320854842663, 3310512.139854054432362 ], [ 8602360.05911528877914, 3310611.670706433709711 ], [ 8602417.534677928313613, 3310660.735211125575006 ], [ 8602584.003533136099577, 3310725.219988723285496 ], [ 8602580.498925656080246, 3310688.246379828080535 ], [ 8602502.170948525890708, 3310646.892011588439345 ], [ 8602418.060369053855538, 3310615.350544283632189 ], [ 8602310.994610592722893, 3310508.635246576741338 ], [ 8602261.404414778575301, 3310414.010844667907804 ], [ 8601860.477319285273552, 3310434.337568040937185 ], [ 8601873.61959732696414, 3310465.879035343416035 ] ] ] ] } },
{ "type": "Feature", "properties": { "SECTOR_NO": "40", "LANDUSE_DE": "OPEN SPACE", "ZONE": "NON-CONFORMING", "TOTAL_INDU": 0, "RED": 0, "GREEN": 0, "ORANGE": 0, "WHITE": 0, "SEC(IN HAC": 3.4764100242799998, "IND(IN HAC": 0.0, "AREA(%AGE)": 0.0, "AREA(sqmtr": 26757.73 }, "geometry": { "type": "MultiPolygon", "coordinates": [ [ [ [ 8602581.550307901576161, 3310529.312430697027594 ], [ 8602482.194685893133283, 3310484.803915726486593 ], [ 8602409.29885034635663, 3310410.506237187888473 ], [ 8602337.804857801645994, 3310270.321938067208976 ], [ 8601887.112336112186313, 3310287.144053960219026 ], [ 8601491.79261258803308, 3310348.825145576149225 ], [ 8601585.716093007475138, 3310363.369266610592604 ], [ 8601731.858224838972092, 3310333.930563793517649 ], [ 8602053.931652076542377, 3310307.29554696008563 ], [ 8602320.10659003444016, 3310294.854190413374454 ], [ 8602383.189524644985795, 3310428.029274579137564 ], [ 8602419.637442417442799, 3310486.906680211424828 ], [ 8602470.10379009693861, 3310520.550912002567202 ], [ 8602581.550307907164097, 3310569.615416696760803 ], [ 8602581.550307901576161, 3310529.312430697027594 ] ] ] ] } },
{ "type": "Feature", "properties": { "SECTOR_NO": "136", "LANDUSE_DE": "OPEN SPACE", "ZONE": "NON-CONFORMING", "TOTAL_INDU": 0, "RED": 0, "GREEN": 0, "ORANGE": 0, "WHITE": 0, "SEC(IN HAC": 5.5116457027100001, "IND(IN HAC": 0.0, "AREA(%AGE)": 0.0, "AREA(sqmtr": 42609.46 }, "geometry": { "type": "MultiPolygon", "coordinates": [ [ [ [ 8608795.745057679712772, 3280632.382186987902969 ], [ 8610285.904157361015677, 3280639.391401946544647 ], [ 8610625.851082734763622, 3280643.596930919680744 ], [ 8610619.542789274826646, 3280612.756385110318661 ], [ 8610332.515436820685863, 3280605.747170154005289 ], [ 8609158.121470909565687, 3280607.149013145826757 ], [ 8608793.992753939703107, 3280604.345327164046466 ], [ 8608795.745057679712772, 3280632.382186987902969 ] ] ] ] } },
{ "type": "Feature", "properties": { "SECTOR_NO": "135", "LANDUSE_DE": "OPEN SPACE", "ZONE": "NON-CONFORMING", "TOTAL_INDU": 0, "RED": 0, "GREEN": 0, "ORANGE": 0, "WHITE": 0, "SEC(IN HAC": 3.1554511870200002, "IND(IN HAC": 0.0, "AREA(%AGE)": 0.0, "AREA(sqmtr": 24394.14 }, "geometry": { "type": "MultiPolygon", "coordinates": [ [ [ [ 8610951.779578192159534, 3280648.503381389658898 ], [ 8612107.599124470725656, 3280644.998773909173906 ], [ 8612109.701888939365745, 3280617.31237482978031 ], [ 8610955.985107149928808, 3280621.517903802916408 ], [ 8610951.779578192159534, 3280648.503381389658898 ] ] ] ] } },
{ "type": "Feature", "properties": { "SECTOR_NO": "136-A", "LANDUSE_DE": "OPEN SPACE", "ZONE": "NON-CONFORMING", "TOTAL_INDU": 0, "RED": 0, "GREEN": 0, "ORANGE": 0, "WHITE": 0, "SEC(IN HAC": 5.3152889948600004, "IND(IN HAC": 0.0, "AREA(%AGE)": 0.0, "AREA(sqmtr": 41097.12 }, "geometry": { "type": "MultiPolygon", "coordinates": [ [ [ [ 8609629.841637443751097, 3279665.811444527935237 ], [ 8610120.486684374511242, 3279695.250147345941514 ], [ 8610735.545296782627702, 3279749.922024005558342 ], [ 8610737.998522000387311, 3279704.362126788590103 ], [ 8609629.140715936198831, 3279607.634960390627384 ], [ 8609629.841637443751097, 3279665.811444527935237 ] ] ] ] } },
{ "type": "Feature", "properties": { "SECTOR_NO": "136-A", "LANDUSE_DE": "OPEN SPACE", "ZONE": "NON-CONFORMING", "TOTAL_INDU": 0, "RED": 0, "GREEN": 0, "ORANGE": 0, "WHITE": 0, "SEC(IN HAC": 7.1430816779399997, "IND(IN HAC": 0.0, "AREA(%AGE)": 0.0, "AREA(sqmtr": 55223.26 }, "geometry": { "type": "MultiPolygon", "coordinates": [ [ [ [ 8610670.009136935696006, 3280471.520703743211925 ], [ 8608765.605433350428939, 3280457.502273828722537 ], [ 8608711.984938917681575, 3280495.001573845744133 ], [ 8610670.71005842462182, 3280507.618160764686763 ], [ 8610670.009136935696006, 3280471.520703743211925 ] ] ] ] } },
{ "type": "Feature", "properties": { "SECTOR_NO": "134-A", "LANDUSE_DE": "OPEN SPACE", "ZONE": "NON-CONFORMING", "TOTAL_INDU": 0, "RED": 0, "GREEN": 0, "ORANGE": 0, "WHITE": 0, "SEC(IN HAC": 14.0093823211, "IND(IN HAC": 0.0, "AREA(%AGE)": 0.0, "AREA(sqmtr": 108315.2 }, "geometry": { "type": "MultiPolygon", "coordinates": [ [ [ [ 8611008.72944968380034, 3279760.786307183094323 ], [ 8612559.518258741125464, 3279832.280299737118185 ], [ 8612741.757847601547837, 3279870.130060500465333 ], [ 8612999.346497237682343, 3279986.833489519543946 ], [ 8613188.595301060006022, 3280105.990143774077296 ], [ 8613422.352619843557477, 3280358.672342944890261 ], [ 8613484.033711459487677, 3280462.408724296372384 ], [ 8613502.958591841161251, 3280502.361249546520412 ], [ 8613564.639683455228806, 3280498.155720571056008 ], [ 8613467.912517057731748, 3280328.532718633767217 ], [ 8613253.781000148504972, 3280106.691065268125385 ], [ 8612969.557333674281836, 3279910.0825857501477 ], [ 8612745.262455075979233, 3279823.168320291675627 ], [ 8612528.327252183109522, 3279779.711187562905252 ], [ 8612038.383126746863127, 3279753.076170730870217 ], [ 8611612.222857410088181, 3279736.254054837394506 ], [ 8611012.234057158231735, 3279715.226409969385713 ], [ 8611008.72944968380034, 3279760.786307183094323 ] ] ] ] } },
{ "type": "Feature", "properties": { "SECTOR_NO": "134-A", "LANDUSE_DE": "OPEN SPACE", "ZONE": "NON-CONFORMING", "TOTAL_INDU": 0, "RED": 0, "GREEN": 0, "ORANGE": 0, "WHITE": 0, "SEC(IN HAC": 8.5504521369299997, "IND(IN HAC": 0.0, "AREA(%AGE)": 0.0, "AREA(sqmtr": 66101.6 }, "geometry": { "type": "MultiPolygon", "coordinates": [ [ [ [ 8610947.04835806787014, 3280510.421846746467054 ], [ 8613502.958591841161251, 3280502.361249546520412 ], [ 8613484.033711459487677, 3280462.408724296372384 ], [ 8612645.73160270228982, 3280476.427154208533466 ], [ 8610954.057573024183512, 3280472.572085982654244 ], [ 8610947.04835806787014, 3280510.421846746467054 ] ] ] ] } },
{ "type": "Feature", "properties": { "SECTOR_NO": "145", "LANDUSE_DE": "OPEN SPACE", "ZONE": "NON-CONFORMING", "TOTAL_INDU": 0, "RED": 0, "GREEN": 0, "ORANGE": 0, "WHITE": 0, "SEC(IN HAC": 11.3642457842, "IND(IN HAC": 0.0, "AREA(%AGE)": 0.0, "AREA(sqmtr": 87803.67 }, "geometry": { "type": "MultiPolygon", "coordinates": [ [ [ [ 8604388.350693196058273, 3284422.001868224702775 ], [ 8604381.867169348523021, 3284543.173671781551093 ], [ 8604770.177677921950817, 3284666.535855009220541 ], [ 8605352.643440781161189, 3284667.937697998248041 ], [ 8605346.860838452354074, 3284548.167737435083836 ], [ 8604793.483317665755749, 3284555.176952393725514 ], [ 8604388.350693196058273, 3284422.001868224702775 ] ] ] ] } },
{ "type": "Feature", "properties": { "SECTOR_NO": "121-A", "LANDUSE_DE": "OPEN SPACE", "ZONE": "NON-CONFORMING", "TOTAL_INDU": 0, "RED": 0, "GREEN": 0, "ORANGE": 0, "WHITE": 0, "SEC(IN HAC": 4.8580427776799997, "IND(IN HAC": 0.0, "AREA(%AGE)": 0.0, "AREA(sqmtr": 37519.54 }, "geometry": { "type": "MultiPolygon", "coordinates": [ [ [ [ 8616726.64738062210381, 3287336.376398711465299 ], [ 8616723.427411263808608, 3287370.332439204212278 ], [ 8617905.741614142432809, 3287372.674235098063946 ], [ 8617909.254307989031076, 3287113.905788614880294 ], [ 8617875.005543014034629, 3287117.418482454493642 ], [ 8617876.176440957933664, 3287336.376398711465299 ], [ 8616726.64738062210381, 3287336.376398711465299 ] ] ] ] } },
{ "type": "Feature", "properties": { "SECTOR_NO": "95", "LANDUSE_DE": "OPEN SPACE", "ZONE": "NON-CONFORMING", "TOTAL_INDU": 2, "RED": 0, "GREEN": 2, "ORANGE": 0, "WHITE": 0, "SEC(IN HAC": 43.251188744899999, "IND(IN HAC": 0.670594, "AREA(%AGE)": 1.55, "AREA(sqmtr": 333383.0 }, "geometry": { "type": "MultiPolygon", "coordinates": [ [ [ [ 8616899.208465687930584, 3300906.790890295058489 ], [ 8617866.955619623884559, 3300920.548941180109978 ], [ 8617865.784721674397588, 3300687.247525065205991 ], [ 8618043.761209756135941, 3300687.247525065205991 ], [ 8618040.248515913262963, 3300570.1577302752994 ], [ 8617995.754393890500069, 3300374.03232400259003 ], [ 8617952.43116982281208, 3300122.289265204686671 ], [ 8617549.642275748774409, 3300427.015456142369658 ], [ 8617333.318879872560501, 3300563.132342588156462 ], [ 8617238.476146092638373, 3300648.90061727212742 ], [ 8616899.208465687930584, 3300906.790890295058489 ] ] ] ] } },
{ "type": "Feature", "properties": { "SECTOR_NO": "43", "LANDUSE_DE": "OPEN SPACE", "ZONE": "NON-CONFORMING", "TOTAL_INDU": 0, "RED": 0, "GREEN": 0, "ORANGE": 0, "WHITE": 0, "SEC(IN HAC": 6.0986592280199998, "IND(IN HAC": 0.0, "AREA(%AGE)": 0.0, "AREA(sqmtr": 46963.49 }, "geometry": { "type": "MultiPolygon", "coordinates": [ [ [ [ 8605157.656144620850682, 3307365.229619029443711 ], [ 8605301.929049605503678, 3307387.723781635053456 ], [ 8605333.343311179429293, 3306977.399229284841567 ], [ 8605202.64446983486414, 3306912.63155419845134 ], [ 8605157.656144620850682, 3307365.229619029443711 ] ] ] ] } },
{ "type": "Feature", "properties": { "SECTOR_NO": "27-B", "LANDUSE_DE": "OPEN SPACE", "ZONE": "NON-CONFORMING", "TOTAL_INDU": 1, "RED": 0, "GREEN": 1, "ORANGE": 0, "WHITE": 0, "SEC(IN HAC": 1.51790188889, "IND(IN HAC": 0.255704, "AREA(%AGE)": 16.85, "AREA(sqmtr": 11688.54 }, "geometry": { "type": "MultiPolygon", "coordinates": [ [ [ [ 8605601.067477032542229, 3307395.165276517625898 ], [ 8605692.595449013635516, 3307395.165276517625898 ], [ 8605701.127717586234212, 3307278.040498820599169 ], [ 8605596.413512356579304, 3307204.352724771015346 ], [ 8605601.067477032542229, 3307395.165276517625898 ] ] ] ] } },
{ "type": "Feature", "properties": { "SECTOR_NO": "44", "LANDUSE_DE": "OPEN SPACE", "ZONE": "NON-CONFORMING", "TOTAL_INDU": 0, "RED": 0, "GREEN": 0, "ORANGE": 0, "WHITE": 0, "SEC(IN HAC": 36.046191902399997, "IND(IN HAC": 0.0, "AREA(%AGE)": 0.0, "AREA(sqmtr": 277646.0 }, "geometry": { "type": "MultiPolygon", "coordinates": [ [ [ [ 8604670.130754580721259, 3306220.252596700564027 ], [ 8603913.145231269299984, 3305524.153766676783562 ], [ 8603151.476116167381406, 3304846.203854848630726 ], [ 8603063.658770071342587, 3304920.555874539073557 ], [ 8603183.090360756963491, 3305018.911302161403 ], [ 8603247.489747893065214, 3305038.816567278001457 ], [ 8603283.787584271281958, 3305096.190566723234951 ], [ 8603364.579542679712176, 3305190.155127043835819 ], [ 8603371.604930363595486, 3305360.228053973522037 ], [ 8603424.295338025316596, 3305373.107931400183588 ], [ 8603536.701541021466255, 3305463.267073387280107 ], [ 8603592.611918030306697, 3305527.959185007493943 ], [ 8603607.833591353148222, 3305555.18256229814142 ], [ 8603609.004489302635193, 3305680.468642722349614 ], [ 8603700.334529235959053, 3305742.526233960408717 ], [ 8603839.671385034918785, 3305781.165866239927709 ], [ 8604004.475271202623844, 3305895.035691672936082 ], [ 8604155.228381993249059, 3305991.342047886922956 ], [ 8604412.825930533930659, 3306128.337107791565359 ], [ 8604591.973316559568048, 3306227.863433361984789 ], [ 8604669.545305607840419, 3306300.459106132388115 ], [ 8604670.130754580721259, 3306220.252596700564027 ] ] ] ] } },
{ "type": "Feature", "properties": { "SECTOR_NO": "71", "LANDUSE_DE": "OPEN SPACE", "ZONE": "NON-CONFORMING", "TOTAL_INDU": 0, "RED": 0, "GREEN": 0, "ORANGE": 0, "WHITE": 0, "SEC(IN HAC": 24.514346536000001, "IND(IN HAC": 0.0, "AREA(%AGE)": 0.0, "AREA(sqmtr": 189185.0 }, "geometry": { "type": "MultiPolygon", "coordinates": [ [ [ [ 8613181.454838320612907, 3293056.057713384274393 ], [ 8613606.02970389649272, 3293065.086949392221868 ], [ 8613598.95479697920382, 3292894.825397272128612 ], [ 8613530.051355734467506, 3292833.303607922978699 ], [ 8613377.479450130835176, 3292774.242690162733197 ], [ 8613279.045962648466229, 3292720.103515563998371 ], [ 8613201.52959125302732, 3292641.355625260155648 ], [ 8613133.856568608433008, 3292547.534896618686616 ], [ 8613059.108639044687152, 3292103.962796500418335 ], [ 8612996.357290774583817, 3291757.595123948063701 ], [ 8612920.378942620009184, 3291290.64474566327408 ], [ 8612852.57466783374548, 3291288.32679701782763 ], [ 8612864.597409913316369, 3291448.113250130321831 ], [ 8612871.19052654132247, 3291511.717101498972625 ], [ 8612940.612166296690702, 3291906.528453237377107 ], [ 8612982.88567877933383, 3292136.124028955586255 ], [ 8613025.934852037578821, 3292372.312539434526116 ], [ 8613072.086668414995074, 3292541.406786220148206 ], [ 8613131.81254842877388, 3292769.451055378187448 ], [ 8613181.454838320612907, 3293056.057713384274393 ] ] ] ] } },
{ "type": "Feature", "properties": { "SECTOR_NO": "149", "LANDUSE_DE": "OPEN SPACE", "ZONE": "NON-CONFORMING", "TOTAL_INDU": 0, "RED": 0, "GREEN": 0, "ORANGE": 0, "WHITE": 0, "SEC(IN HAC": 67.743983962900003, "IND(IN HAC": 0.0, "AREA(%AGE)": 0.0, "AREA(sqmtr": 527483.2 }, "geometry": { "type": "MultiPolygon", "coordinates": [ [ [ [ 8604483.019478593021631, 3285946.460445831995457 ], [ 8604077.78461236692965, 3286304.864398945588619 ], [ 8602148.180652983486652, 3286365.308712353929877 ], [ 8602150.02628087438643, 3285153.654002328403294 ], [ 8602118.189199768006802, 3285149.501339572481811 ], [ 8602116.343571877107024, 3285504.784708471503109 ], [ 8602105.269804533571005, 3286662.916209676302969 ], [ 8604023.3385896012187, 3286587.245466169435531 ], [ 8604511.579396355897188, 3286045.468160737771541 ], [ 8604483.019478593021631, 3285946.460445831995457 ] ] ] ] } },
{ "type": "Feature", "properties": { "SECTOR_NO": "148", "LANDUSE_DE": "OPEN SPACE", "ZONE": "NON-CONFORMING", "TOTAL_INDU": 0, "RED": 0, "GREEN": 0, "ORANGE": 0, "WHITE": 0, "SEC(IN HAC": 5.8538897389100004, "IND(IN HAC": 0.0, "AREA(%AGE)": 0.0, "AREA(sqmtr": 45220.25 }, "geometry": { "type": "MultiPolygon", "coordinates": [ [ [ [ 8600082.923043662682176, 3286689.447110597509891 ], [ 8600093.073997059836984, 3285820.387077719904482 ], [ 8600162.285042949020863, 3285527.855057096574455 ], [ 8600195.50634497590363, 3285408.350651198066771 ], [ 8600260.103321136906743, 3285166.573397560045123 ], [ 8600263.333169946447015, 3285154.346112783066928 ], [ 8600230.573274902999401, 3285151.577670949976891 ], [ 8600182.586949752643704, 3285291.383983645122498 ], [ 8600055.238625315949321, 3285817.849339372012764 ], [ 8600046.010485861450434, 3286688.062889678403735 ], [ 8600082.923043662682176, 3286689.447110597509891 ] ] ] ] } },
{ "type": "Feature", "properties": { "SECTOR_NO": "148", "LANDUSE_DE": "OPEN SPACE", "ZONE": "NON-CONFORMING", "TOTAL_INDU": 0, "RED": 0, "GREEN": 0, "ORANGE": 0, "WHITE": 0, "SEC(IN HAC": 5.6802035389799999, "IND(IN HAC": 0.0, "AREA(%AGE)": 0.0, "AREA(sqmtr": 43878.49 }, "geometry": { "type": "MultiPolygon", "coordinates": [ [ [ [ 8601996.954517731443048, 3286662.224099213723093 ], [ 8602032.944261591881514, 3286656.917919028550386 ], [ 8602040.326773153617978, 3285152.731188369914889 ], [ 8602000.645773513242602, 3285161.72862433642149 ], [ 8601996.954517731443048, 3286662.224099213723093 ] ] ] ] } },
{ "type": "Feature", "properties": { "SECTOR_NO": "45", "LANDUSE_DE": "OPEN SPACE", "ZONE": "NON-CONFORMING", "TOTAL_INDU": 0, "RED": 0, "GREEN": 0, "ORANGE": 0, "WHITE": 0, "SEC(IN HAC": 7.1698151515799999, "IND(IN HAC": 0.0, "AREA(%AGE)": 0.0, "AREA(sqmtr": 55216.65 }, "geometry": { "type": "MultiPolygon", "coordinates": [ [ [ [ 8604694.004913687705994, 3306302.574351132847369 ], [ 8604931.062549289315939, 3306496.080939100123942 ], [ 8605072.915204469114542, 3306669.074069438502192 ], [ 8605161.922278914600611, 3306813.734804814681411 ], [ 8605242.590999979525805, 3306886.646918084472418 ], [ 8605348.468696378171444, 3306920.1942467992194 ], [ 8605385.506498599424958, 3306717.940698544960469 ], [ 8605306.396028636023402, 3306712.894796816632152 ], [ 8605208.347046960145235, 3306698.591180667746812 ], [ 8604692.724755082279444, 3306235.107876692898571 ], [ 8604694.004913687705994, 3306302.574351132847369 ] ] ] ] } },
{ "type": "Feature", "properties": { "SECTOR_NO": "133", "LANDUSE_DE": "OPEN SPACE", "ZONE": "NON-CONFORMING", "TOTAL_INDU": 0, "RED": 0, "GREEN": 0, "ORANGE": 0, "WHITE": 0, "SEC(IN HAC": 4.3498565504700002, "IND(IN HAC": 0.0, "AREA(%AGE)": 0.0, "AREA(sqmtr": 33626.62 }, "geometry": { "type": "MultiPolygon", "coordinates": [ [ [ [ 8614712.061813214793801, 3280627.482304633129388 ], [ 8616589.757488189265132, 3280593.453540403395891 ], [ 8616178.643875610083342, 3280599.913238019216806 ], [ 8615160.318687092512846, 3280599.913238019216806 ], [ 8613828.236757207661867, 3280610.06419141869992 ], [ 8613845.078111711889505, 3280638.556071977131069 ], [ 8614712.061813214793801, 3280627.482304633129388 ] ] ] ] } },
{ "type": "Feature", "properties": { "SECTOR_NO": "154", "LANDUSE_DE": "OPEN SPACE", "ZONE": "NON-CONFORMING", "TOTAL_INDU": 0, "RED": 0, "GREEN": 0, "ORANGE": 0, "WHITE": 0, "SEC(IN HAC": 18.942962367900002, "IND(IN HAC": 0.0, "AREA(%AGE)": 0.0, "AREA(sqmtr": 146225.2 }, "geometry": { "type": "MultiPolygon", "coordinates": [ [ [ [ 8602850.211361743509769, 3290142.270838255062699 ], [ 8602839.981735518202186, 3291405.524293086957186 ], [ 8602990.45992674306035, 3291452.451770245563239 ], [ 8602997.400186005979776, 3291167.517131365370005 ], [ 8602995.554558115079999, 3290548.078270653262734 ], [ 8602993.708930224180222, 3290199.254599374253303 ], [ 8602850.211361743509769, 3290142.270838255062699 ] ] ] ] } },
{ "type": "Feature", "properties": { "SECTOR_NO": "138", "LANDUSE_DE": "OPEN SPACE", "ZONE": "NON-CONFORMING", "TOTAL_INDU": 0, "RED": 0, "GREEN": 0, "ORANGE": 0, "WHITE": 0, "SEC(IN HAC": 46.313117572099998, "IND(IN HAC": 0.0, "AREA(%AGE)": 0.0, "AREA(sqmtr": 357817.4 }, "geometry": { "type": "MultiPolygon", "coordinates": [ [ [ [ 8607064.241242444142699, 3285443.994339807890356 ], [ 8607049.688109181821346, 3285562.978275496512651 ], [ 8608806.035031020641327, 3285558.294683706015348 ], [ 8608761.540909003466368, 3283165.564727186691016 ], [ 8608649.635600278154016, 3283155.87716270564124 ], [ 8608657.01811183989048, 3283648.659809439908713 ], [ 8608664.40062340348959, 3284177.432200035545975 ], [ 8608688.39378597587347, 3285447.685595587827265 ], [ 8607064.241242444142699, 3285443.994339807890356 ] ] ] ] } },
{ "type": "Feature", "properties": { "SECTOR_NO": "138", "LANDUSE_DE": "OPEN SPACE", "ZONE": "NON-CONFORMING", "TOTAL_INDU": 0, "RED": 0, "GREEN": 0, "ORANGE": 0, "WHITE": 0, "SEC(IN HAC": 13.3287741811, "IND(IN HAC": 0.0, "AREA(%AGE)": 0.0, "AREA(sqmtr": 103005.0 }, "geometry": { "type": "MultiPolygon", "coordinates": [ [ [ [ 8608614.568670362234116, 3283128.19274435332045 ], [ 8608614.00776756554842, 3283015.104340884368867 ], [ 8607454.526074670255184, 3283018.617034726776183 ], [ 8607437.058076301589608, 3283133.729628022294492 ], [ 8608614.568670362234116, 3283128.19274435332045 ] ] ] ] } },
{ "type": "Feature", "properties": { "SECTOR_NO": "128", "LANDUSE_DE": "OPEN SPACE", "ZONE": "NON-CONFORMING", "TOTAL_INDU": 0, "RED": 0, "GREEN": 0, "ORANGE": 0, "WHITE": 0, "SEC(IN HAC": 38.8542782038, "IND(IN HAC": 0.0, "AREA(%AGE)": 0.0, "AREA(sqmtr": 300275.1 }, "geometry": { "type": "MultiPolygon", "coordinates": [ [ [ [ 8612850.755629729479551, 3283507.247384617570788 ], [ 8612846.072037938982248, 3283045.913593146950006 ], [ 8612669.705534588545561, 3283074.234687248710543 ], [ 8612487.04545471444726, 3282591.239283746108413 ], [ 8612702.490677131339908, 3282483.51667253812775 ], [ 8612765.719166312366724, 3282483.51667253812775 ], [ 8612832.021262565627694, 3282435.875762294046581 ], [ 8612827.337670775130391, 3282180.620009653270245 ], [ 8612423.816965527832508, 3282181.425001982599497 ], [ 8612442.551332697272301, 3283508.052376942709088 ], [ 8612850.755629729479551, 3283507.247384617570788 ] ] ] ] } },
{ "type": "Feature", "properties": { "SECTOR_NO": "125", "LANDUSE_DE": "OPEN SPACE", "ZONE": "NON-CONFORMING", "TOTAL_INDU": 0, "RED": 0, "GREEN": 0, "ORANGE": 0, "WHITE": 0, "SEC(IN HAC": 73.449512981400005, "IND(IN HAC": 0.0, "AREA(%AGE)": 0.0, "AREA(sqmtr": 567553.2 }, "geometry": { "type": "MultiPolygon", "coordinates": [ [ [ [ 8613739.906258959323168, 3284139.751819831784815 ], [ 8613737.564463065937161, 3283573.037213054485619 ], [ 8612447.234924487769604, 3283580.062600741162896 ], [ 8612454.260312177240849, 3284153.802595207002014 ], [ 8613739.906258959323168, 3284139.751819831784815 ] ] ] ] } },
{ "type": "Feature", "properties": { "SECTOR_NO": "142", "LANDUSE_DE": "OPEN SPACE", "ZONE": "NON-CONFORMING", "TOTAL_INDU": 0, "RED": 0, "GREEN": 0, "ORANGE": 0, "WHITE": 0, "SEC(IN HAC": 31.426724895300001, "IND(IN HAC": 0.0, "AREA(%AGE)": 0.0, "AREA(sqmtr": 242718.3 }, "geometry": { "type": "MultiPolygon", "coordinates": [ [ [ [ 8607271.865994809195399, 3286856.235058943741024 ], [ 8606929.963794024661183, 3286849.209671255201101 ], [ 8606880.786080211400986, 3287470.371032611466944 ], [ 8607815.162642631679773, 3287458.662053134758025 ], [ 8607794.086479568853974, 3287194.039116909727454 ], [ 8607770.668520607054234, 3287245.558626617304981 ], [ 8607583.32484894990921, 3287259.609401992056519 ], [ 8607468.576850054785609, 3287306.445319907274097 ], [ 8607234.397260475903749, 3287198.722708701621741 ], [ 8607187.561342559754848, 3286969.226710914168507 ], [ 8607271.865994809195399, 3286856.235058943741024 ] ] ] ] } },
{ "type": "Feature", "properties": { "SECTOR_NO": "98", "LANDUSE_DE": "OPEN SPACE", "ZONE": "NON-CONFORMING", "TOTAL_INDU": 0, "RED": 0, "GREEN": 0, "ORANGE": 0, "WHITE": 0, "SEC(IN HAC": 40.096578015200002, "IND(IN HAC": 0.0, "AREA(%AGE)": 0.0, "AREA(sqmtr": 309169.2 }, "geometry": { "type": "MultiPolygon", "coordinates": [ [ [ [ 8613729.221815196797252, 3298763.681740030180663 ], [ 8613772.799225080758333, 3298050.052684269845486 ], [ 8613775.90186819434166, 3297991.10246503399685 ], [ 8613775.90186819434166, 3297991.10246503399685 ], [ 8613164.849004307761788, 3298002.598073901142925 ], [ 8613164.849004307761788, 3298002.598073901142925 ], [ 8613165.069004388526082, 3298343.834204488899559 ], [ 8613286.622390892356634, 3298510.767783285118639 ], [ 8613825.23544692248106, 3298869.062555342447013 ], [ 8614110.349097231402993, 3299048.209941369947046 ], [ 8614288.325585313141346, 3299336.250836548861116 ], [ 8614288.325585313141346, 3299493.151161566376686 ], [ 8614335.161503229290247, 3299497.834753357805312 ], [ 8614321.110727855935693, 3299340.934428340755403 ], [ 8614150.159627458080649, 3299022.450186513364315 ], [ 8613729.221815196797252, 3298763.681740030180663 ] ] ] ] } },
{ "type": "Feature", "properties": { "SECTOR_NO": "84-A", "LANDUSE_DE": "OPEN SPACE", "ZONE": "NON-CONFORMING", "TOTAL_INDU": 0, "RED": 0, "GREEN": 0, "ORANGE": 0, "WHITE": 0, "SEC(IN HAC": 22.897545382200001, "IND(IN HAC": 0.0, "AREA(%AGE)": 0.0, "AREA(sqmtr": 176542.2 }, "geometry": { "type": "MultiPolygon", "coordinates": [ [ [ [ 8613096.423025408759713, 3299116.39234082121402 ], [ 8613208.118177652359009, 3299096.225160554517061 ], [ 8613481.150772018358111, 3299034.172298198100179 ], [ 8613923.005425572395325, 3299029.475574200041592 ], [ 8613213.441269150003791, 3298575.167170418892056 ], [ 8613139.472198667004704, 3298457.080678287893534 ], [ 8613096.423025408759713, 3299116.39234082121402 ] ] ] ] } },
{ "type": "Feature", "properties": { "SECTOR_NO": "84-A", "LANDUSE_DE": "OPEN SPACE", "ZONE": "NON-CONFORMING", "TOTAL_INDU": 0, "RED": 0, "GREEN": 0, "ORANGE": 0, "WHITE": 0, "SEC(IN HAC": 109.489285467, "IND(IN HAC": 0.0, "AREA(%AGE)": 0.0, "AREA(sqmtr": 844034.0 }, "geometry": { "type": "MultiPolygon", "coordinates": [ [ [ [ 8613363.444248732179403, 3300789.29872690141201 ], [ 8613697.60757059790194, 3300412.89149963716045 ], [ 8613902.514711482450366, 3300258.332970514893532 ], [ 8614149.574178485199809, 3299947.752289835363626 ], [ 8614201.093688199296594, 3299758.652271250728518 ], [ 8614203.435484090819955, 3299365.816009732894599 ], [ 8614055.902342654764652, 3299118.756542727351189 ], [ 8614019.604506269097328, 3299087.14229813683778 ], [ 8613795.962998226284981, 3299082.458706342615187 ], [ 8613558.270714798942208, 3299077.775114553049207 ], [ 8613850.995201775804162, 3299399.186601247638464 ], [ 8613853.922446645796299, 3299761.579516120720655 ], [ 8613381.172400183975697, 3300227.889623869210482 ], [ 8613266.424401288852096, 3300457.385621657129377 ], [ 8613060.34636246226728, 3300253.649378723464906 ], [ 8613069.713546043261886, 3300034.106013492215425 ], [ 8613106.01138242892921, 3299458.316947617102414 ], [ 8613513.483868293464184, 3299080.702359419781715 ], [ 8613060.742629557847977, 3299192.407097205054015 ], [ 8612967.663336021825671, 3299194.346249158959836 ], [ 8612862.367385206744075, 3300880.826698878314346 ], [ 8613363.444248732179403, 3300789.29872690141201 ] ] ] ] } },
{ "type": "Feature", "properties": { "SECTOR_NO": "84-A", "LANDUSE_DE": "OPEN SPACE", "ZONE": "NON-CONFORMING", "TOTAL_INDU": 0, "RED": 0, "GREEN": 0, "ORANGE": 0, "WHITE": 0, "SEC(IN HAC": 5.14494677233, "IND(IN HAC": 0.0, "AREA(%AGE)": 0.0, "AREA(sqmtr": 39654.73 }, "geometry": { "type": "MultiPolygon", "coordinates": [ [ [ [ 8613372.752178085967898, 3300877.724055760074407 ], [ 8612978.716502122581005, 3301043.715462563559413 ], [ 8612986.473109917715192, 3301423.789244490675628 ], [ 8613082.655046569183469, 3301163.167222597636282 ], [ 8613372.752178085967898, 3300877.724055760074407 ] ] ] ] } },
{ "type": "Feature", "properties": { "SECTOR_NO": "54-A", "LANDUSE_DE": "OPEN SPACE", "ZONE": "NON-CONFORMING", "TOTAL_INDU": 0, "RED": 0, "GREEN": 0, "ORANGE": 0, "WHITE": 0, "SEC(IN HAC": 71.218014422300001, "IND(IN HAC": 0.0, "AREA(%AGE)": 0.0, "AREA(sqmtr": 574050.0 }, "geometry": { "type": "MultiPolygon", "coordinates": [ [ [ [ 8601138.409819295629859, 3290955.109687780030072 ], [ 8601113.820962389931083, 3290948.084300091490149 ], [ 8600878.763199349865317, 3291472.939305235631764 ], [ 8601687.560956856235862, 3291739.025863892398775 ], [ 8602292.622471427544951, 3291933.980372217483819 ], [ 8602341.937977232038975, 3291352.218213210813701 ], [ 8601384.298388348892331, 3291048.781523610465229 ], [ 8601380.785694507881999, 3291165.871318399906158 ], [ 8601063.472350627183914, 3291128.402584067545831 ], [ 8601138.409819295629859, 3290955.109687780030072 ] ] ] ] } },
{ "type": "Feature", "properties": { "SECTOR_NO": "54-A", "LANDUSE_DE": "OPEN SPACE", "ZONE": "NON-CONFORMING", "TOTAL_INDU": 0, "RED": 0, "GREEN": 0, "ORANGE": 0, "WHITE": 0, "SEC(IN HAC": 23.672971646800001, "IND(IN HAC": 0.0, "AREA(%AGE)": 0.0, "AREA(sqmtr": 210535.5 }, "geometry": { "type": "MultiPolygon", "coordinates": [ [ [ [ 8602409.061804668977857, 3291366.349031414836645 ], [ 8602329.652119031175971, 3291940.566673173103482 ], [ 8602478.79524514824152, 3292002.77062665252015 ], [ 8602588.859652245417237, 3292005.697871525771916 ], [ 8602616.375754024833441, 3291978.767218722961843 ], [ 8602779.130568778142333, 3291874.850025848485529 ], [ 8602950.667118148878217, 3291752.930277023930103 ], [ 8603014.123319244012237, 3291596.723202663473785 ], [ 8602409.061804668977857, 3291366.349031414836645 ] ] ] ] } },
{ "type": "Feature", "properties": { "SECTOR_NO": "156", "LANDUSE_DE": "OPEN SPACE", "ZONE": "NON-CONFORMING", "TOTAL_INDU": 0, "RED": 0, "GREEN": 0, "ORANGE": 0, "WHITE": 0, "SEC(IN HAC": 87.796993262499996, "IND(IN HAC": 0.0, "AREA(%AGE)": 0.0, "AREA(sqmtr": 677530.8 }, "geometry": { "type": "MultiPolygon", "coordinates": [ [ [ [ 8598842.754620775580406, 3293074.874060156755149 ], [ 8600126.644220652058721, 3293073.703162208199501 ], [ 8600144.207689873874187, 3292935.53720435500145 ], [ 8600171.13834267668426, 3292833.669082887005061 ], [ 8600221.486954433843493, 3292729.166441037319601 ], [ 8600328.038667695596814, 3292491.474157612770796 ], [ 8598653.361877702176571, 3292458.689015072304755 ], [ 8598654.240051163360476, 3292786.833164970390499 ], [ 8598850.950906408950686, 3292795.029450607486069 ], [ 8598842.754620775580406, 3293074.874060156755149 ] ] ] ] } },
{ "type": "Feature", "properties": { "SECTOR_NO": "156-A", "LANDUSE_DE": "OPEN SPACE", "ZONE": "NON-CONFORMING", "TOTAL_INDU": 0, "RED": 0, "GREEN": 0, "ORANGE": 0, "WHITE": 0, "SEC(IN HAC": 8.4891883035499998, "IND(IN HAC": 0.0, "AREA(%AGE)": 0.0, "AREA(sqmtr": 65529.38 }, "geometry": { "type": "MultiPolygon", "coordinates": [ [ [ [ 8600370.379587529227138, 3290823.538233294151723 ], [ 8600940.447902172803879, 3291039.476696467958391 ], [ 8601003.500421395525336, 3290909.298305503092706 ], [ 8600513.968973031267524, 3290713.537920184899122 ], [ 8600370.379587529227138, 3290823.538233294151723 ] ] ] ] } },
{ "type": "Feature", "properties": { "SECTOR_NO": "151", "LANDUSE_DE": "OPEN SPACE", "ZONE": "NON-CONFORMING", "TOTAL_INDU": 0, "RED": 0, "GREEN": 0, "ORANGE": 0, "WHITE": 0, "SEC(IN HAC": 4.9552539059400003, "IND(IN HAC": 0.0, "AREA(%AGE)": 0.0, "AREA(sqmtr": 38269.86 }, "geometry": { "type": "MultiPolygon", "coordinates": [ [ [ [ 8601993.571536168456078, 3286738.543058726005256 ], [ 8602008.740013625472784, 3288088.882291221991181 ], [ 8602044.929436547681689, 3288119.049570397939533 ], [ 8602030.113777328282595, 3286733.716724984813482 ], [ 8601993.571536168456078, 3286738.543058726005256 ] ] ] ] } },
{ "type": "Feature", "properties": { "SECTOR_NO": "152", "LANDUSE_DE": "OPEN SPACE", "ZONE": "NON-CONFORMING", "TOTAL_INDU": 0, "RED": 0, "GREEN": 0, "ORANGE": 0, "WHITE": 0, "SEC(IN HAC": 17.601505474500001, "IND(IN HAC": 0.0, "AREA(%AGE)": 0.0, "AREA(sqmtr": 135924.4 }, "geometry": { "type": "MultiPolygon", "coordinates": [ [ [ [ 8600335.036420641466975, 3288047.858454439789057 ], [ 8602008.740013625472784, 3288256.080281458795071 ], [ 8602010.808442367240787, 3288211.953801558353007 ], [ 8601977.0241061989218, 3288149.900939202401787 ], [ 8600328.141658153384924, 3287938.231730945874006 ], [ 8600335.036420641466975, 3288047.858454439789057 ] ] ] ] } },
{ "type": "Feature", "properties": { "SECTOR_NO": "152", "LANDUSE_DE": "OPEN SPACE", "ZONE": "NON-CONFORMING", "TOTAL_INDU": 0, "RED": 0, "GREEN": 0, "ORANGE": 0, "WHITE": 0, "SEC(IN HAC": 4.9132477803399999, "IND(IN HAC": 0.0, "AREA(%AGE)": 0.0, "AREA(sqmtr": 37936.21 }, "geometry": { "type": "MultiPolygon", "coordinates": [ [ [ [ 8601654.349221946671605, 3289453.183417744003236 ], [ 8602046.844349417835474, 3288484.722455797716975 ], [ 8602052.360159404575825, 3288290.117784687783569 ], [ 8602010.808442367240787, 3288211.953801558353007 ], [ 8602008.740013625472784, 3288256.080281458795071 ], [ 8602011.497918620705605, 3288472.575823456048965 ], [ 8601763.286469193175435, 3289079.659660172183067 ], [ 8601764.320683564990759, 3289079.659660172183067 ], [ 8601617.462242657318711, 3289444.047857453580946 ], [ 8601654.349221946671605, 3289453.183417744003236 ] ] ] ] } },
{ "type": "Feature", "properties": { "SECTOR_NO": "153", "LANDUSE_DE": "OPEN SPACE", "ZONE": "NON-CONFORMING", "TOTAL_INDU": 0, "RED": 0, "GREEN": 0, "ORANGE": 0, "WHITE": 0, "SEC(IN HAC": 15.246322421, "IND(IN HAC": 0.0, "AREA(%AGE)": 0.0, "AREA(sqmtr": 117726.3 }, "geometry": { "type": "MultiPolygon", "coordinates": [ [ [ [ 8602443.231246812269092, 3288950.945756398141384 ], [ 8602201.225083611905575, 3288504.940808192826807 ], [ 8602162.442044638097286, 3288453.747196745593101 ], [ 8601652.463935330510139, 3289648.558363097254187 ], [ 8601685.375653142109513, 3289667.093423810321838 ], [ 8601981.505701825022697, 3288956.243411710951477 ], [ 8602443.231246812269092, 3288950.945756398141384 ] ] ] ] } },
{ "type": "Feature", "properties": { "SECTOR_NO": "153", "LANDUSE_DE": "OPEN SPACE", "ZONE": "NON-CONFORMING", "TOTAL_INDU": 0, "RED": 0, "GREEN": 0, "ORANGE": 0, "WHITE": 0, "SEC(IN HAC": 7.8213042830599999, "IND(IN HAC": 0.0, "AREA(%AGE)": 0.0, "AREA(sqmtr": 60392.79 }, "geometry": { "type": "MultiPolygon", "coordinates": [ [ [ [ 8602476.196829941123724, 3288900.527805730700493 ], [ 8602662.772585120052099, 3288948.044242863543332 ], [ 8602656.918095380067825, 3288624.876409244723618 ], [ 8602314.859387807548046, 3288613.145486930850893 ], [ 8602476.196829941123724, 3288900.527805730700493 ] ] ] ] } },
{ "type": "Feature", "properties": { "SECTOR_NO": "153", "LANDUSE_DE": "OPEN SPACE", "ZONE": "NON-CONFORMING", "TOTAL_INDU": 0, "RED": 0, "GREEN": 0, "ORANGE": 0, "WHITE": 0, "SEC(IN HAC": 3.9929512331599999, "IND(IN HAC": 0.0, "AREA(%AGE)": 0.0, "AREA(sqmtr": 30833.9 }, "geometry": { "type": "MultiPolygon", "coordinates": [ [ [ [ 8602252.806525448337197, 3288501.06250429386273 ], [ 8602292.768833588808775, 3288514.812002141959965 ], [ 8602285.74344589933753, 3288147.150046504568309 ], [ 8602135.097309211269021, 3288153.773856569547206 ], [ 8602167.483839707449079, 3288356.78959930781275 ], [ 8602209.369521796703339, 3288421.9451047857292 ], [ 8602252.806525448337197, 3288501.06250429386273 ] ] ] ] } },
{ "type": "Feature", "properties": { "SECTOR_NO": "153", "LANDUSE_DE": "OPEN SPACE", "ZONE": "NON-CONFORMING", "TOTAL_INDU": 0, "RED": 0, "GREEN": 0, "ORANGE": 0, "WHITE": 0, "SEC(IN HAC": 58.791211007199998, "IND(IN HAC": 0.0, "AREA(%AGE)": 0.0, "AREA(sqmtr": 453969.5 }, "geometry": { "type": "MultiPolygon", "coordinates": [ [ [ [ 8603119.422784799709916, 3288950.386038759723306 ], [ 8603555.579976914450526, 3288939.695981747936457 ], [ 8603260.484142603352666, 3289552.295628451742232 ], [ 8603086.736128002405167, 3289884.967918305192143 ], [ 8602966.767260782420635, 3290119.734580887015909 ], [ 8603005.561072815209627, 3290130.502260728273541 ], [ 8603188.961754895746708, 3289763.011420330964029 ], [ 8603560.934190902858973, 3289011.827047700062394 ], [ 8603856.030025219544768, 3288427.495927182026207 ], [ 8603374.775603834539652, 3288121.368472892791033 ], [ 8602976.573235157877207, 3288126.073883442208171 ], [ 8602981.256826950237155, 3288672.883225108962506 ], [ 8603115.910090956836939, 3288677.56681689992547 ], [ 8603119.422784799709916, 3288950.386038759723306 ] ] ] ] } },
{ "type": "Feature", "properties": { "SECTOR_NO": "126", "LANDUSE_DE": "OPEN SPACE", "ZONE": "NON-CONFORMING", "TOTAL_INDU": 0, "RED": 0, "GREEN": 0, "ORANGE": 0, "WHITE": 0, "SEC(IN HAC": 18.261093237299999, "IND(IN HAC": 0.0, "AREA(%AGE)": 0.0, "AREA(sqmtr": 141095.4 }, "geometry": { "type": "MultiPolygon", "coordinates": [ [ [ [ 8610722.78253660723567, 3285240.779799345880747 ], [ 8610792.419637698680162, 3284414.787253763992339 ], [ 8610786.903827708214521, 3284292.836142328567803 ], [ 8610786.903827708214521, 3284292.836142328567803 ], [ 8610847.922475690022111, 3283589.484184429980814 ], [ 8610731.056251589208841, 3283594.310518166981637 ], [ 8610617.982146849855781, 3285242.158751841634512 ], [ 8610722.78253660723567, 3285240.779799345880747 ] ] ] ] } },
{ "type": "Feature", "properties": { "SECTOR_NO": "92", "LANDUSE_DE": "OPEN SPACE", "ZONE": "NON-CONFORMING", "TOTAL_INDU": 0, "RED": 0, "GREEN": 0, "ORANGE": 0, "WHITE": 0, "SEC(IN HAC": 53.703719697099999, "IND(IN HAC": 0.0, "AREA(%AGE)": 0.0, "AREA(sqmtr": 413851.3 }, "geometry": { "type": "MultiPolygon", "coordinates": [ [ [ [ 8613391.055617908015847, 3303012.633393567521125 ], [ 8613477.929625205695629, 3302833.024830861017108 ], [ 8613541.361440058797598, 3302627.560908839572221 ], [ 8613571.698394989594817, 3302443.815488639753312 ], [ 8613586.866872454062104, 3301692.286377885844558 ], [ 8613430.872871270403266, 3301699.353509427513927 ], [ 8613007.534454753622413, 3301954.459721334278584 ], [ 8613008.913407247513533, 3302379.521828473545611 ], [ 8613037.871409684419632, 3302496.732790702022612 ], [ 8613080.618937082588673, 3302600.498966084327549 ], [ 8613148.187609426677227, 3302668.067638427950442 ], [ 8613230.924759235233068, 3302731.499453281983733 ], [ 8613323.314576517790556, 3302840.781438651960343 ], [ 8613391.055617908015847, 3303012.633393567521125 ] ] ] ] } },
{ "type": "Feature", "properties": { "SECTOR_NO": "92", "LANDUSE_DE": "OPEN SPACE", "ZONE": "NON-CONFORMING", "TOTAL_INDU": 0, "RED": 0, "GREEN": 0, "ORANGE": 0, "WHITE": 0, "SEC(IN HAC": 2.79603970917, "IND(IN HAC": 0.0, "AREA(%AGE)": 0.0, "AREA(sqmtr": 21548.12 }, "geometry": { "type": "MultiPolygon", "coordinates": [ [ [ [ 8613008.22393099963665, 3301897.577930842526257 ], [ 8613324.693529013544321, 3301709.868022215086967 ], [ 8613011.671312244608998, 3301718.831213442608714 ], [ 8613008.22393099963665, 3301897.577930842526257 ] ] ] ] } },
{ "type": "Feature", "properties": { "SECTOR_NO": "98", "LANDUSE_DE": "OPEN SPACE", "ZONE": "NON-CONFORMING", "TOTAL_INDU": 0, "RED": 0, "GREEN": 0, "ORANGE": 0, "WHITE": 0, "SEC(IN HAC": 32.377581026000001, "IND(IN HAC": 0.0, "AREA(%AGE)": 0.0, "AREA(sqmtr": 249545.3 }, "geometry": { "type": "MultiPolygon", "coordinates": [ [ [ [ 8613585.315550908446312, 3301540.94634135812521 ], [ 8613610.136695846915245, 3300689.443174585234374 ], [ 8613149.566561916843057, 3301200.345074648968875 ], [ 8613011.671312239021063, 3301478.893479001242667 ], [ 8613011.671312239021063, 3301608.515013701748103 ], [ 8613527.399546040222049, 3301591.967583738733083 ], [ 8613585.315550908446312, 3301540.94634135812521 ] ] ] ] } },
{ "type": "Feature", "properties": { "SECTOR_NO": "99", "LANDUSE_DE": "OPEN SPACE", "ZONE": "NON-CONFORMING", "TOTAL_INDU": 0, "RED": 0, "GREEN": 0, "ORANGE": 0, "WHITE": 0, "SEC(IN HAC": 181.86656836, "IND(IN HAC": 0.0, "AREA(%AGE)": 0.0, "AREA(sqmtr": 1402690.0 }, "geometry": { "type": "MultiPolygon", "coordinates": [ [ [ [ 8613803.190045397728682, 3295112.959277525544167 ], [ 8613396.399058843031526, 3295100.548705054912716 ], [ 8613349.514673953875899, 3295565.255696475505829 ], [ 8613302.630289064720273, 3296352.982310273684561 ], [ 8613250.230094183236361, 3296513.28553802613169 ], [ 8613190.935136821120977, 3296602.917450316715986 ], [ 8613088.892652058973908, 3296700.823077592533082 ], [ 8613056.403777364641428, 3296749.730106167495251 ], [ 8613064.416245236992836, 3296814.241920453961939 ], [ 8613138.879680069163442, 3296914.905452719889581 ], [ 8613177.490349976345897, 3297022.808485594578087 ], [ 8613229.890544857829809, 3297020.050580599345267 ], [ 8613591.176099017262459, 3296707.028363828547299 ], [ 8613941.430033205077052, 3297217.930263891816139 ], [ 8613378.817414512857795, 3297656.781895997002721 ], [ 8613230.23528298176825, 3297020.740056849550456 ], [ 8613175.76665935665369, 3297022.119009343907237 ], [ 8613178.179826224222779, 3297157.773461217526346 ], [ 8613203.000971170142293, 3297233.615848541259766 ], [ 8613247.127451062202454, 3297356.514989817515016 ], [ 8613240.922164829447865, 3297417.878375926520675 ], [ 8613225.753687366843224, 3297618.860702336300164 ], [ 8613207.342516859993339, 3297872.814196165185422 ], [ 8614302.575537441298366, 3297838.685121868737042 ], [ 8613803.190045397728682, 3295112.959277525544167 ] ] ] ] } },
{ "type": "Feature", "properties": { "SECTOR_NO": "118", "LANDUSE_DE": "OPEN SPACE", "ZONE": "NON-CONFORMING", "TOTAL_INDU": 0, "RED": 0, "GREEN": 0, "ORANGE": 0, "WHITE": 0, "SEC(IN HAC": 42.769095424299998, "IND(IN HAC": 0.0, "AREA(%AGE)": 0.0, "AREA(sqmtr": 330324.9 }, "geometry": { "type": "MultiPolygon", "coordinates": [ [ [ [ 8613750.100374262779951, 3286786.67173278471455 ], [ 8613277.11966785416007, 3286792.187542774248868 ], [ 8612720.36759727075696, 3287362.384400201495737 ], [ 8613759.063565487042069, 3287353.42120897071436 ], [ 8613750.100374262779951, 3286786.67173278471455 ] ] ] ] } },
{ "type": "Feature", "properties": { "SECTOR_NO": "118", "LANDUSE_DE": "OPEN SPACE", "ZONE": "NON-CONFORMING", "TOTAL_INDU": 0, "RED": 0, "GREEN": 0, "ORANGE": 0, "WHITE": 0, "SEC(IN HAC": 25.1779650635, "IND(IN HAC": 0.0, "AREA(%AGE)": 0.0, "AREA(sqmtr": 194462.1 }, "geometry": { "type": "MultiPolygon", "coordinates": [ [ [ [ 8612688.306951727718115, 3287361.694923951756209 ], [ 8612968.923784822225571, 3287057.635898408014327 ], [ 8613238.508997946977615, 3286791.498066526837647 ], [ 8612506.285222148522735, 3286800.461257753428072 ], [ 8612514.55893712490797, 3287365.831781441345811 ], [ 8612688.306951727718115, 3287361.694923951756209 ] ] ] ] } },
{ "type": "Feature", "properties": { "SECTOR_NO": "73", "LANDUSE_DE": "OPEN SPACE", "ZONE": "NON-CONFORMING", "TOTAL_INDU": 0, "RED": 0, "GREEN": 0, "ORANGE": 0, "WHITE": 0, "SEC(IN HAC": 1.63595251979, "IND(IN HAC": 0.0, "AREA(%AGE)": 0.0, "AREA(sqmtr": 12623.12 }, "geometry": { "type": "MultiPolygon", "coordinates": [ [ [ [ 8611240.406830091029406, 3293606.798764589708298 ], [ 8610876.36337093450129, 3293565.429535054136068 ], [ 8610870.276588376611471, 3293610.170382701326162 ], [ 8611232.822591338306665, 3293650.581199198961258 ], [ 8611240.406830091029406, 3293606.798764589708298 ] ] ] ] } },
{ "type": "Feature", "properties": { "SECTOR_NO": "73", "LANDUSE_DE": "OPEN SPACE", "ZONE": "NON-CONFORMING", "TOTAL_INDU": 0, "RED": 0, "GREEN": 0, "ORANGE": 0, "WHITE": 0, "SEC(IN HAC": 6.7508674856299997, "IND(IN HAC": 0.0, "AREA(%AGE)": 0.0, "AREA(sqmtr": 52081.79 }, "geometry": { "type": "MultiPolygon", "coordinates": [ [ [ [ 8610762.255051800981164, 3294608.779302794951946 ], [ 8610756.04976556263864, 3294666.696190936490893 ], [ 8611979.870106469839811, 3294673.591058573685586 ], [ 8611984.351702090352774, 3294621.19006454013288 ], [ 8610762.255051800981164, 3294608.779302794951946 ] ] ] ] } },
{ "type": "Feature", "properties": { "SECTOR_NO": "105-A", "LANDUSE_DE": "OPEN SPACE", "ZONE": "NON-CONFORMING", "TOTAL_INDU": 0, "RED": 0, "GREEN": 0, "ORANGE": 0, "WHITE": 0, "SEC(IN HAC": 44.826062211599996, "IND(IN HAC": 0.0, "AREA(%AGE)": 0.0, "AREA(sqmtr": 354955.0 }, "geometry": { "type": "MultiPolygon", "coordinates": [ [ [ [ 8613378.204198099672794, 3294725.779165643267334 ], [ 8613391.658909626305103, 3294445.653999742120504 ], [ 8613482.669774416834116, 3294348.43784871743992 ], [ 8613548.85949425958097, 3294257.42698393156752 ], [ 8613621.254500342532992, 3294129.184401729144156 ], [ 8613648.144074030220509, 3294015.420820742845535 ], [ 8613635.733501557260752, 3293658.6168621936813 ], [ 8613622.030161065980792, 3293146.228278990834951 ], [ 8613245.059022251516581, 3293143.125635872595012 ], [ 8613286.169043622910976, 3293358.177586955949664 ], [ 8613269.67651060782373, 3294728.317824999801815 ], [ 8613378.204198099672794, 3294725.779165643267334 ] ] ] ] } },
{ "type": "Feature", "properties": { "SECTOR_NO": "105-A", "LANDUSE_DE": "OPEN SPACE", "ZONE": "NON-CONFORMING", "TOTAL_INDU": 0, "RED": 0, "GREEN": 0, "ORANGE": 0, "WHITE": 0, "SEC(IN HAC": 18.692471581300001, "IND(IN HAC": 0.0, "AREA(%AGE)": 0.0, "AREA(sqmtr": 144222.5 }, "geometry": { "type": "MultiPolygon", "coordinates": [ [ [ [ 8613447.797358490526676, 3294613.87543130479753 ], [ 8613803.049995478242636, 3294601.46485883416608 ], [ 8613803.146953070536256, 3293110.547883135266602 ], [ 8613705.41369485668838, 3293124.509777165949345 ], [ 8613712.52391872741282, 3293360.763122885022312 ], [ 8613733.983866957947612, 3293991.633890170138329 ], [ 8613721.57329449057579, 3294103.84614959731698 ], [ 8613667.794147113338113, 3294243.465089899487793 ], [ 8613600.570212893188, 3294344.042437633965164 ], [ 8613447.797358490526676, 3294613.87543130479753 ] ] ] ] } },
{ "type": "Feature", "properties": { "SECTOR_NO": "99", "LANDUSE_DE": "OPEN SPACE", "ZONE": "NON-CONFORMING", "TOTAL_INDU": 0, "RED": 0, "GREEN": 0, "ORANGE": 0, "WHITE": 0, "SEC(IN HAC": 31.097445135099999, "IND(IN HAC": 0.0, "AREA(%AGE)": 0.0, "AREA(sqmtr": 239819.4 }, "geometry": { "type": "MultiPolygon", "coordinates": [ [ [ [ 8615710.884640166535974, 3297346.39908051257953 ], [ 8615706.747782681137323, 3297762.41181188961491 ], [ 8616097.163708351552486, 3297768.358544536400586 ], [ 8616091.475529287010431, 3296772.410103717818856 ], [ 8615704.679353933781385, 3296756.89688813034445 ], [ 8615713.987283285707235, 3297059.404592113569379 ], [ 8615778.108574397861958, 3296991.663550711702555 ], [ 8615885.666869150474668, 3297105.427131698932499 ], [ 8615983.917234545573592, 3297295.20546907139942 ], [ 8615780.177003147080541, 3297429.653337511233985 ], [ 8615710.884640166535974, 3297346.39908051257953 ] ] ] ] } },
{ "type": "Feature", "properties": { "SECTOR_NO": "111", "LANDUSE_DE": "OPEN SPACE", "ZONE": "NON-CONFORMING", "TOTAL_INDU": 0, "RED": 0, "GREEN": 0, "ORANGE": 0, "WHITE": 0, "SEC(IN HAC": 47.211260445500002, "IND(IN HAC": 0.0, "AREA(%AGE)": 0.0, "AREA(sqmtr": 364484.5 }, "geometry": { "type": "MultiPolygon", "coordinates": [ [ [ [ 8615448.064912755042315, 3290055.446307281963527 ], [ 8616654.993085574358702, 3290066.305558196268976 ], [ 8616656.544407125562429, 3289634.003950447775424 ], [ 8616297.672019831836224, 3289627.79866421315819 ], [ 8616085.658073451370001, 3289661.92773850960657 ], [ 8615875.195448635146022, 3289686.748883453197777 ], [ 8615732.473865212872624, 3289698.125241550151259 ], [ 8615451.167555863037705, 3289744.664888320490718 ], [ 8615448.064912755042315, 3290055.446307281963527 ] ] ] ] } },
{ "type": "Feature", "properties": { "SECTOR_NO": "114", "LANDUSE_DE": "OPEN SPACE", "ZONE": "NON-CONFORMING", "TOTAL_INDU": 0, "RED": 0, "GREEN": 0, "ORANGE": 0, "WHITE": 0, "SEC(IN HAC": 29.677692357800002, "IND(IN HAC": 0.0, "AREA(%AGE)": 0.0, "AREA(sqmtr": 229195.2 }, "geometry": { "type": "MultiPolygon", "coordinates": [ [ [ [ 8615449.616234306246042, 3287796.205010338686407 ], [ 8616655.510192755609751, 3287800.34186782874167 ], [ 8616656.02729994058609, 3287489.043341676238924 ], [ 8615845.203231820836663, 3287489.043341676238924 ], [ 8615844.169017450883985, 3287683.475643726997077 ], [ 8615449.616234306246042, 3287680.373000608291477 ], [ 8615449.616234306246042, 3287796.205010338686407 ] ] ] ] } },
{ "type": "Feature", "properties": { "SECTOR_NO": "119", "LANDUSE_DE": "OPEN SPACE", "ZONE": "NON-CONFORMING", "TOTAL_INDU": 0, "RED": 0, "GREEN": 0, "ORANGE": 0, "WHITE": 0, "SEC(IN HAC": 30.1347154555, "IND(IN HAC": 0.0, "AREA(%AGE)": 0.0, "AREA(sqmtr": 232728.8 }, "geometry": { "type": "MultiPolygon", "coordinates": [ [ [ [ 8614226.269908314570785, 3287153.957884952425957 ], [ 8614077.472315462306142, 3287157.060528073459864 ], [ 8614081.609172958880663, 3287368.04026008117944 ], [ 8614189.167467705905437, 3287374.245546319056302 ], [ 8614319.478478655219078, 3287402.16933437762782 ], [ 8614426.002559030428529, 3287456.982696125283837 ], [ 8614542.610229540616274, 3287580.571313652675599 ], [ 8614607.765735013410449, 3287661.240034714341164 ], [ 8614666.715954251587391, 3287725.36132581718266 ], [ 8614735.749763624742627, 3287783.535884273704141 ], [ 8614792.631554115563631, 3287814.562315452843904 ], [ 8614865.026560198515654, 3287837.315031650010496 ], [ 8614941.558423772454262, 3287840.417674767319113 ], [ 8615379.031103376299143, 3287834.212388533167541 ], [ 8615378.901826579123735, 3287099.920183983631432 ], [ 8615359.251753501594067, 3287099.920183983631432 ], [ 8615290.993604904040694, 3287163.007260711397976 ], [ 8615250.659244377166033, 3287310.899915996007621 ], [ 8615221.701241940259933, 3287460.343892834149301 ], [ 8615183.43531015701592, 3287533.773113287519664 ], [ 8615073.032925879582763, 3287617.544477468822151 ], [ 8615018.219564132392406, 3287645.468265532050282 ], [ 8614639.697103761136532, 3287605.133904997259378 ], [ 8614226.269908314570785, 3287153.957884952425957 ] ] ] ] } },
{ "type": "Feature", "properties": { "SECTOR_NO": "113", "LANDUSE_DE": "OPEN SPACE", "ZONE": "NON-CONFORMING", "TOTAL_INDU": 0, "RED": 0, "GREEN": 0, "ORANGE": 0, "WHITE": 0, "SEC(IN HAC": 32.334710889100002, "IND(IN HAC": 0.0, "AREA(%AGE)": 0.0, "AREA(sqmtr": 249715.1 }, "geometry": { "type": "MultiPolygon", "coordinates": [ [ [ [ 8617876.917366800829768, 3287800.600421421695501 ], [ 8617876.917366800829768, 3287654.776194886304438 ], [ 8617638.272400323301554, 3287652.707766140811145 ], [ 8617642.409257814288139, 3287489.301895270124078 ], [ 8616722.217019794508815, 3287483.096609034109861 ], [ 8616726.353877279907465, 3287801.634635795839131 ], [ 8617876.917366800829768, 3287800.600421421695501 ] ] ] ] } },
{ "type": "Feature", "properties": { "SECTOR_NO": "93", "LANDUSE_DE": "PUBLIC AND SEMI-PUBLIC USES", "ZONE": "NON-CONFORMING", "TOTAL_INDU": 1, "RED": 0, "GREEN": 1, "ORANGE": 0, "WHITE": 0, "SEC(IN HAC": 94.2066525611, "IND(IN HAC": 0.169838, "AREA(%AGE)": 0.18, "AREA(sqmtr": 725985.7 }, "geometry": { "type": "MultiPolygon", "coordinates": [ [ [ [ 8614349.431821912527084, 3302402.027569754980505 ], [ 8614574.976039124652743, 3302320.064713401254267 ], [ 8614594.881304243579507, 3302400.85667180782184 ], [ 8614724.850976454094052, 3302318.893815454095602 ], [ 8614833.744485607370734, 3302463.499712017830461 ], [ 8614939.125300919637084, 3302444.765344854444265 ], [ 8615190.868359714746475, 3302722.560882991179824 ], [ 8615071.436769029125571, 3302747.149739897809923 ], [ 8615079.633054668083787, 3302772.909494750201702 ], [ 8614813.839220494031906, 3303068.561226591467857 ], [ 8614774.02869026735425, 3303070.903022490441799 ], [ 8614578.488732971251011, 3303136.47330757137388 ], [ 8614491.842284822836518, 3303148.182287050411105 ], [ 8614442.664571009576321, 3303099.00457323808223 ], [ 8614442.664571009576321, 3303279.322857212275267 ], [ 8614738.609027344733477, 3303151.402256406378001 ], [ 8614877.945883141830564, 3303110.420828229747713 ], [ 8614965.763229234144092, 3303099.882746697869152 ], [ 8615365.478516196832061, 3302926.882574896793813 ], [ 8615289.370149584487081, 3302546.926190806552768 ], [ 8615063.386845638975501, 3301471.456425667274743 ], [ 8614320.15937321819365, 3301594.693434682674706 ], [ 8614349.431821912527084, 3302402.027569754980505 ] ] ] ] } },
{ "type": "Feature", "properties": { "SECTOR_NO": "116", "LANDUSE_DE": "PUBLIC AND SEMI-PUBLIC USES", "ZONE": "NON-CONFORMING", "TOTAL_INDU": 0, "RED": 0, "GREEN": 0, "ORANGE": 0, "WHITE": 0, "SEC(IN HAC": 85.999063389, "IND(IN HAC": 0.0, "AREA(%AGE)": 0.0, "AREA(sqmtr": 664105.9 }, "geometry": { "type": "MultiPolygon", "coordinates": [ [ [ [ 8613203.000971162691712, 3288878.19793230574578 ], [ 8613765.268851725384593, 3288878.542670431081206 ], [ 8613759.753041740506887, 3287506.829674236476421 ], [ 8613038.905624039471149, 3287510.966531726997346 ], [ 8613043.042481530457735, 3288033.589528016280383 ], [ 8613193.348303681239486, 3288036.347433009184897 ], [ 8613193.348303681239486, 3288325.927457338199019 ], [ 8613220.927353616803885, 3288332.822219820227474 ], [ 8613209.895733645185828, 3288566.554668028373271 ], [ 8613146.463918792083859, 3288617.575910408981144 ], [ 8613203.000971162691712, 3288878.19793230574578 ] ] ] ] } },
{ "type": "Feature", "properties": { "SECTOR_NO": "85", "LANDUSE_DE": "PUBLIC AND SEMI-PUBLIC USES", "ZONE": "NON-CONFORMING", "TOTAL_INDU": 0, "RED": 0, "GREEN": 0, "ORANGE": 0, "WHITE": 0, "SEC(IN HAC": 37.503855052699997, "IND(IN HAC": 0.0, "AREA(%AGE)": 0.0, "AREA(sqmtr": 289107.4 }, "geometry": { "type": "MultiPolygon", "coordinates": [ [ [ [ 8610753.291860595345497, 3300856.813533881679177 ], [ 8610827.227415129542351, 3299215.09517500596121 ], [ 8610690.711117941886187, 3299207.338567213155329 ], [ 8610599.183145966380835, 3299210.441210329532623 ], [ 8610525.883202310651541, 3300855.617723545059562 ], [ 8610753.291860595345497, 3300856.813533881679177 ] ] ] ] } },
{ "type": "Feature", "properties": { "SECTOR_NO": "73", "LANDUSE_DE": "PUBLIC AND SEMI-PUBLIC USES", "ZONE": "NON-CONFORMING", "TOTAL_INDU": 0, "RED": 0, "GREEN": 0, "ORANGE": 0, "WHITE": 0, "SEC(IN HAC": 36.337241595899997, "IND(IN HAC": 0.0, "AREA(%AGE)": 0.0, "AREA(sqmtr": 280386.3 }, "geometry": { "type": "MultiPolygon", "coordinates": [ [ [ [ 8611240.406830091029406, 3293606.798764589708298 ], [ 8611232.822591338306665, 3293650.581199198961258 ], [ 8611968.61225207336247, 3293740.481393648311496 ], [ 8611977.112201485782862, 3293473.212389768566936 ], [ 8612030.891348855569959, 3293473.212389768566936 ], [ 8612027.562471311539412, 3293206.826777384150773 ], [ 8611773.630523642525077, 3293221.467374597676098 ], [ 8611682.10255166888237, 3293229.223982393275946 ], [ 8611589.023258130997419, 3293223.018696155399084 ], [ 8611506.803215509280562, 3293210.608123686164618 ], [ 8611278.565031154081225, 3293177.254710168112069 ], [ 8611240.406830091029406, 3293606.798764589708298 ] ] ] ] } },
{ "type": "Feature", "properties": { "SECTOR_NO": "76", "LANDUSE_DE": "PUBLIC AND SEMI-PUBLIC USES", "ZONE": "NON-CONFORMING", "TOTAL_INDU": 0, "RED": 0, "GREEN": 0, "ORANGE": 0, "WHITE": 0, "SEC(IN HAC": 23.987204157899999, "IND(IN HAC": 0.0, "AREA(%AGE)": 0.0, "AREA(sqmtr": 185037.8 }, "geometry": { "type": "MultiPolygon", "coordinates": [ [ [ [ 8611752.590725006535649, 3294800.80967915430665 ], [ 8611742.507134865969419, 3296146.581131501123309 ], [ 8611962.794796233996749, 3296145.029809942469001 ], [ 8611911.601184785366058, 3295981.75321586523205 ], [ 8611868.164181139320135, 3295894.879208569880575 ], [ 8611834.035106845200062, 3295800.248593477066606 ], [ 8611826.278499050065875, 3295724.233837089501321 ], [ 8611827.829820606857538, 3295636.971999398898333 ], [ 8611858.85625178553164, 3295568.713850809261203 ], [ 8611899.190612317994237, 3295488.045129745732993 ], [ 8611945.730259083211422, 3295418.23565959604457 ], [ 8611970.551404023543, 3295334.464295413345098 ], [ 8611979.859333377331495, 3295244.487644998822361 ], [ 8611983.38212613388896, 3295106.226111040916294 ], [ 8611992.269905850291252, 3294799.646187984384596 ], [ 8611752.590725006535649, 3294800.80967915430665 ] ] ] ] } },
{ "type": "Feature", "properties": { "SECTOR_NO": "79", "LANDUSE_DE": "PUBLIC AND SEMI-PUBLIC USES", "ZONE": "NON-CONFORMING", "TOTAL_INDU": 0, "RED": 0, "GREEN": 0, "ORANGE": 0, "WHITE": 0, "SEC(IN HAC": 27.761110673400001, "IND(IN HAC": 0.0, "AREA(%AGE)": 0.0, "AREA(sqmtr": 214101.8 }, "geometry": { "type": "MultiPolygon", "coordinates": [ [ [ [ 8612230.30080758407712, 3297535.854225873015821 ], [ 8612230.785595530644059, 3296279.606955176219344 ], [ 8612012.049255724996328, 3296279.606955176219344 ], [ 8612007.427610298618674, 3297537.922654618509114 ], [ 8612230.30080758407712, 3297535.854225873015821 ] ] ] ] } },
{ "type": "Feature", "properties": { "SECTOR_NO": "81", "LANDUSE_DE": "PUBLIC AND SEMI-PUBLIC USES", "ZONE": "NON-CONFORMING", "TOTAL_INDU": 0, "RED": 0, "GREEN": 0, "ORANGE": 0, "WHITE": 0, "SEC(IN HAC": 19.651276233600001, "IND(IN HAC": 0.0, "AREA(%AGE)": 0.0, "AREA(sqmtr": 151517.6 }, "geometry": { "type": "MultiPolygon", "coordinates": [ [ [ [ 8610346.705562256276608, 3299128.996828488539904 ], [ 8610549.153025692328811, 3299127.445506928954273 ], [ 8610579.403796086087823, 3298146.622451312374324 ], [ 8610377.731993434950709, 3298162.135666901245713 ], [ 8610346.705562256276608, 3299128.996828488539904 ] ] ] ] } },
{ "type": "Feature", "properties": { "SECTOR_NO": "82", "LANDUSE_DE": "PUBLIC AND SEMI-PUBLIC USES", "ZONE": "NON-CONFORMING", "TOTAL_INDU": 0, "RED": 0, "GREEN": 0, "ORANGE": 0, "WHITE": 0, "SEC(IN HAC": 23.016020675499998, "IND(IN HAC": 0.0, "AREA(%AGE)": 0.0, "AREA(sqmtr": 177461.0 }, "geometry": { "type": "MultiPolygon", "coordinates": [ [ [ [ 8610602.285789091140032, 3299127.833337320014834 ], [ 8610697.692064961418509, 3299138.692588231526315 ], [ 8610779.136446801945567, 3299140.243909791577607 ], [ 8610830.168462285771966, 3299140.017675366718322 ], [ 8610864.45913253724575, 3298145.071129756048322 ], [ 8610629.04608597047627, 3298143.519808197394013 ], [ 8610602.285789091140032, 3299127.833337320014834 ] ] ] ] } },
{ "type": "Feature", "properties": { "SECTOR_NO": "104", "LANDUSE_DE": "PUBLIC AND SEMI-PUBLIC USES", "ZONE": "NON-CONFORMING", "TOTAL_INDU": 0, "RED": 0, "GREEN": 0, "ORANGE": 0, "WHITE": 0, "SEC(IN HAC": 140.49834227299999, "IND(IN HAC": 0.0, "AREA(%AGE)": 0.0, "AREA(sqmtr": 1083801.0 }, "geometry": { "type": "MultiPolygon", "coordinates": [ [ [ [ 8614209.270009564235806, 3295907.483696215320379 ], [ 8614290.972945000976324, 3296311.861515901517123 ], [ 8615178.328876687213778, 3296331.511588982772082 ], [ 8615163.946833020076156, 3294692.992830807343125 ], [ 8614066.386830098927021, 3294686.787544573191553 ], [ 8614052.845085708424449, 3295035.123872926458716 ], [ 8614062.153015060350299, 3295155.092740150168538 ], [ 8614086.974160000681877, 3295310.483449632767588 ], [ 8614146.958593610674143, 3295581.189061658456922 ], [ 8614320.965161802247167, 3295446.99974681250751 ], [ 8614389.223310394212604, 3295408.733815028797835 ], [ 8614475.063103320077062, 3295362.194168260786682 ], [ 8614500.40135545283556, 3295357.02309639705345 ], [ 8614592.446434611454606, 3295460.961640845984221 ], [ 8614757.662180636078119, 3295651.386362198740244 ], [ 8614636.659099040552974, 3295879.947738545946777 ], [ 8614536.081751307472587, 3296023.962089930195361 ], [ 8614482.302603932097554, 3295966.563192249275744 ], [ 8614324.584912113845348, 3296074.638594185933471 ], [ 8614209.270009564235806, 3295907.483696215320379 ] ] ] ] } },
{ "type": "Feature", "properties": { "SECTOR_NO": "97-A", "LANDUSE_DE": "PUBLIC AND SEMI-PUBLIC USES", "ZONE": "NON-CONFORMING", "TOTAL_INDU": 0, "RED": 0, "GREEN": 0, "ORANGE": 0, "WHITE": 0, "SEC(IN HAC": 41.726856259500003, "IND(IN HAC": 0.0, "AREA(%AGE)": 0.0, "AREA(sqmtr": 321756.1 }, "geometry": { "type": "MultiPolygon", "coordinates": [ [ [ [ 8616548.339728390797973, 3297942.365112711209804 ], [ 8614630.130620799958706, 3297900.47943062800914 ], [ 8614688.046625668182969, 3298135.246093207970262 ], [ 8615454.916582949459553, 3298151.793523168656975 ], [ 8616446.98671985976398, 3298173.512024995405227 ], [ 8616397.344429990276694, 3298054.060264954343438 ], [ 8616548.339728390797973, 3297942.365112711209804 ] ] ] ] } },
{ "type": "Feature", "properties": { "SECTOR_NO": "97-A", "LANDUSE_DE": "PUBLIC AND SEMI-PUBLIC USES", "ZONE": "NON-CONFORMING", "TOTAL_INDU": 0, "RED": 0, "GREEN": 0, "ORANGE": 0, "WHITE": 0, "SEC(IN HAC": 4.34568864389, "IND(IN HAC": 0.0, "AREA(%AGE)": 0.0, "AREA(sqmtr": 33509.59 }, "geometry": { "type": "MultiPolygon", "coordinates": [ [ [ [ 8616745.616119964048266, 3297943.39932708395645 ], [ 8616738.376619353890419, 3297968.220472028013319 ], [ 8616893.508775243535638, 3298164.72120282240212 ], [ 8616885.235060261562467, 3298182.302847155835479 ], [ 8617001.325623570010066, 3298179.717311230488122 ], [ 8616998.22298045642674, 3297950.121720511000603 ], [ 8616745.616119964048266, 3297943.39932708395645 ] ] ] ] } },
{ "type": "Feature", "properties": { "SECTOR_NO": "96-A", "LANDUSE_DE": "PUBLIC AND SEMI-PUBLIC USES", "ZONE": "NON-CONFORMING", "TOTAL_INDU": 0, "RED": 0, "GREEN": 0, "ORANGE": 0, "WHITE": 0, "SEC(IN HAC": 25.124808945800002, "IND(IN HAC": 0.0, "AREA(%AGE)": 0.0, "AREA(sqmtr": 193736.3 }, "geometry": { "type": "MultiPolygon", "coordinates": [ [ [ [ 8617059.24162844195962, 3298187.473919027950615 ], [ 8618121.896896282210946, 3298206.089777730870992 ], [ 8618118.79425316862762, 3297970.28890078002587 ], [ 8617059.500182032585144, 3297949.604613328818232 ], [ 8617059.24162844195962, 3298187.473919027950615 ] ] ] ] } },
{ "type": "Feature", "properties": { "SECTOR_NO": "136", "LANDUSE_DE": "PUBLIC UTILITIES", "ZONE": "NON-CONFORMING", "TOTAL_INDU": 0, "RED": 0, "GREEN": 0, "ORANGE": 0, "WHITE": 0, "SEC(IN HAC": 8.4365954607500004, "IND(IN HAC": 0.0, "AREA(%AGE)": 0.0, "AREA(sqmtr": 65220.26 }, "geometry": { "type": "MultiPolygon", "coordinates": [ [ [ [ 8610292.913372317329049, 3280897.330512331798673 ], [ 8610606.926202353090048, 3280901.536041307263076 ], [ 8610625.851082734763622, 3280643.596930919680744 ], [ 8610285.904157361015677, 3280639.391401946544647 ], [ 8610292.913372317329049, 3280897.330512331798673 ] ] ] ] } },
{ "type": "Feature", "properties": { "SECTOR_NO": "137", "LANDUSE_DE": "PUBLIC UTILITIES", "ZONE": "NON-CONFORMING", "TOTAL_INDU": 0, "RED": 0, "GREEN": 0, "ORANGE": 0, "WHITE": 0, "SEC(IN HAC": 4.3249938409700004, "IND(IN HAC": 0.0, "AREA(%AGE)": 0.0, "AREA(sqmtr": 33435.28 }, "geometry": { "type": "MultiPolygon", "coordinates": [ [ [ [ 8608457.199975289404392, 3280631.330804744269699 ], [ 8608385.3555219899863, 3280772.216025365982205 ], [ 8608720.395996892824769, 3280777.823397328611463 ], [ 8608721.447379138320684, 3280630.629883249755949 ], [ 8608457.199975289404392, 3280631.330804744269699 ] ] ] ] } },
{ "type": "Feature", "properties": { "SECTOR_NO": "144", "LANDUSE_DE": "PUBLIC UTILITIES", "ZONE": "NON-CONFORMING", "TOTAL_INDU": 0, "RED": 0, "GREEN": 0, "ORANGE": 0, "WHITE": 0, "SEC(IN HAC": 2.03121783942, "IND(IN HAC": 0.0, "AREA(%AGE)": 0.0, "AREA(sqmtr": 15693.85 }, "geometry": { "type": "MultiPolygon", "coordinates": [ [ [ [ 8606802.674784844741225, 3284643.493060841225088 ], [ 8606922.882821345701814, 3284643.843521588481963 ], [ 8606948.46645593829453, 3284487.888488813303411 ], [ 8606802.674784844741225, 3284493.495860780123621 ], [ 8606802.674784844741225, 3284643.493060841225088 ] ] ] ] } },
{ "type": "Feature", "properties": { "SECTOR_NO": "131", "LANDUSE_DE": "PUBLIC UTILITIES", "ZONE": "NON-CONFORMING", "TOTAL_INDU": 0, "RED": 0, "GREEN": 0, "ORANGE": 0, "WHITE": 0, "SEC(IN HAC": 95.091413709199998, "IND(IN HAC": 0.0, "AREA(%AGE)": 0.0, "AREA(sqmtr": 734923.4 }, "geometry": { "type": "MultiPolygon", "coordinates": [ [ [ [ 8616692.398615619167686, 3282974.781542819458991 ], [ 8617851.587584031745791, 3282972.439746922347695 ], [ 8617848.074890188872814, 3282154.567530319560319 ], [ 8616683.61688101477921, 3282155.738428267184645 ], [ 8616692.398615619167686, 3282974.781542819458991 ] ] ] ] } },
{ "type": "Feature", "properties": { "SECTOR_NO": "121", "LANDUSE_DE": "PUBLIC UTILITIES", "ZONE": "NON-CONFORMING", "TOTAL_INDU": 0, "RED": 0, "GREEN": 0, "ORANGE": 0, "WHITE": 0, "SEC(IN HAC": 2.1591567816100001, "IND(IN HAC": 0.0, "AREA(%AGE)": 0.0, "AREA(sqmtr": 16681.51 }, "geometry": { "type": "MultiPolygon", "coordinates": [ [ [ [ 8617728.643299527466297, 3284833.582035093568265 ], [ 8617726.301503634080291, 3284984.627870368771255 ], [ 8617869.151053274050355, 3284985.798768319189548 ], [ 8617870.029226735234261, 3284832.996586117427796 ], [ 8617728.643299527466297, 3284833.582035093568265 ] ] ] ] } },
{ "type": "Feature", "properties": { "SECTOR_NO": "95", "LANDUSE_DE": "PUBLIC UTILITIES", "ZONE": "NON-CONFORMING", "TOTAL_INDU": 0, "RED": 0, "GREEN": 0, "ORANGE": 0, "WHITE": 0, "SEC(IN HAC": 3.99226358037, "IND(IN HAC": 0.0, "AREA(%AGE)": 0.0, "AREA(sqmtr": 30771.82 }, "geometry": { "type": "MultiPolygon", "coordinates": [ [ [ [ 8617866.955619623884559, 3300920.548941180109978 ], [ 8618026.783189512789249, 3300926.403430920094252 ], [ 8618043.761209756135941, 3300687.247525065205991 ], [ 8617865.784721674397588, 3300687.247525065205991 ], [ 8617866.955619623884559, 3300920.548941180109978 ] ] ] ] } },
{ "type": "Feature", "properties": { "SECTOR_NO": "153", "LANDUSE_DE": "PUBLIC UTILITIES", "ZONE": "NON-CONFORMING", "TOTAL_INDU": 0, "RED": 0, "GREEN": 0, "ORANGE": 0, "WHITE": 0, "SEC(IN HAC": 47.637140246599998, "IND(IN HAC": 0.0, "AREA(%AGE)": 0.0, "AREA(sqmtr": 367847.0 }, "geometry": { "type": "MultiPolygon", "coordinates": [ [ [ [ 8602662.772585120052099, 3288948.044242863543332 ], [ 8603119.422784799709916, 3288950.386038759723306 ], [ 8603115.910090956836939, 3288677.56681689992547 ], [ 8602981.256826950237155, 3288672.883225108962506 ], [ 8602976.573235157877207, 3288126.073883442208171 ], [ 8602285.74344589933753, 3288147.150046504568309 ], [ 8602292.768833588808775, 3288514.812002141959965 ], [ 8602252.806525448337197, 3288501.06250429386273 ], [ 8602252.806525448337197, 3288501.06250429386273 ], [ 8602314.859387807548046, 3288613.145486930850893 ], [ 8602656.918095380067825, 3288624.876409244723618 ], [ 8602662.772585120052099, 3288948.044242863543332 ] ] ] ] } },
{ "type": "Feature", "properties": { "SECTOR_NO": "105", "LANDUSE_DE": "PUBLIC UTILITIES", "ZONE": "NON-CONFORMING", "TOTAL_INDU": 0, "RED": 0, "GREEN": 0, "ORANGE": 0, "WHITE": 0, "SEC(IN HAC": 6.0151984034700003, "IND(IN HAC": 0.0, "AREA(%AGE)": 0.0, "AREA(sqmtr": 46408.04 }, "geometry": { "type": "MultiPolygon", "coordinates": [ [ [ [ 8614124.173558162525296, 3294582.849000127054751 ], [ 8614310.332145236432552, 3294590.605607921257615 ], [ 8614320.37891661375761, 3294272.409936408977956 ], [ 8614128.351653164252639, 3294265.384548724163324 ], [ 8614124.173558162525296, 3294582.849000127054751 ] ] ] ] } },
{ "type": "Feature", "properties": { "SECTOR_NO": "148", "LANDUSE_DE": "PUBLIC UTILITIES", "ZONE": "NON-CONFORMING", "TOTAL_INDU": 0, "RED": 0, "GREEN": 0, "ORANGE": 0, "WHITE": 0, "SEC(IN HAC": 2.29340511861, "IND(IN HAC": 0.0, "AREA(%AGE)": 0.0, "AREA(sqmtr": 17717.65 }, "geometry": { "type": "MultiPolygon", "coordinates": [ [ [ [ 8600195.50634497590363, 3285408.350651198066771 ], [ 8600338.542506478726864, 3285408.350651198066771 ], [ 8600336.696878589689732, 3285268.08293153019622 ], [ 8600260.103321136906743, 3285166.573397560045123 ], [ 8600225.036391219124198, 3285286.539210432209074 ], [ 8600195.50634497590363, 3285408.350651198066771 ] ] ] ] } },
{ "type": "Feature", "properties": { "SECTOR_NO": "138", "LANDUSE_DE": "PUBLIC UTILITIES", "ZONE": "NON-CONFORMING", "TOTAL_INDU": 0, "RED": 0, "GREEN": 0, "ORANGE": 0, "WHITE": 0, "SEC(IN HAC": 2.0826081525300002, "IND(IN HAC": 0.0, "AREA(%AGE)": 0.0, "AREA(sqmtr": 16094.49 }, "geometry": { "type": "MultiPolygon", "coordinates": [ [ [ [ 8608761.540909003466368, 3283165.564727186691016 ], [ 8608757.735490677878261, 3283016.275238829664886 ], [ 8608614.00776756554842, 3283015.104340884368867 ], [ 8608614.568670362234116, 3283128.19274435332045 ], [ 8608614.568670362234116, 3283152.185906928032637 ], [ 8608649.635600278154016, 3283155.87716270564124 ], [ 8608761.540909003466368, 3283165.564727186691016 ] ] ] ] } },
{ "type": "Feature", "properties": { "SECTOR_NO": "54-A", "LANDUSE_DE": "PUBLIC UTILITIES", "ZONE": "NON-CONFORMING", "TOTAL_INDU": 0, "RED": 0, "GREEN": 0, "ORANGE": 0, "WHITE": 0, "SEC(IN HAC": 4.3458021534600002, "IND(IN HAC": 0.0, "AREA(%AGE)": 0.0, "AREA(sqmtr": 33544.89 }, "geometry": { "type": "MultiPolygon", "coordinates": [ [ [ [ 8601063.472350627183914, 3291128.402584067545831 ], [ 8601380.785694507881999, 3291165.871318399906158 ], [ 8601384.298388348892331, 3291048.781523610465229 ], [ 8601138.409819295629859, 3290955.109687780030072 ], [ 8601063.472350627183914, 3291128.402584067545831 ] ] ] ] } },
{ "type": "Feature", "properties": { "SECTOR_NO": "147", "LANDUSE_DE": "PUBLIC UTILITIES", "ZONE": "NON-CONFORMING", "TOTAL_INDU": 0, "RED": 0, "GREEN": 0, "ORANGE": 0, "WHITE": 0, "SEC(IN HAC": 4.0242164958700002, "IND(IN HAC": 0.0, "AREA(%AGE)": 0.0, "AREA(sqmtr": 31098.7 }, "geometry": { "type": "MultiPolygon", "coordinates": [ [ [ [ 8602388.709284188225865, 3283264.87150940997526 ], [ 8602388.123835215345025, 3283121.143786306027323 ], [ 8602326.066243978217244, 3283112.947500669397414 ], [ 8602121.744552064687014, 3283109.142082339618355 ], [ 8602122.91545001976192, 3283262.529713514260948 ], [ 8602388.709284188225865, 3283264.87150940997526 ] ] ] ] } },
{ "type": "Feature", "properties": { "SECTOR_NO": "133", "LANDUSE_DE": "PUBLIC UTILITIES", "ZONE": "NON-CONFORMING", "TOTAL_INDU": 0, "RED": 0, "GREEN": 0, "ORANGE": 0, "WHITE": 0, "SEC(IN HAC": 7.8586720505900001, "IND(IN HAC": 0.0, "AREA(%AGE)": 0.0, "AREA(sqmtr": 60752.95 }, "geometry": { "type": "MultiPolygon", "coordinates": [ [ [ [ 8616593.218040481209755, 3280824.618433677125722 ], [ 8616593.530920263379812, 3280622.667108848225325 ], [ 8616201.022113775834441, 3280626.905545919202268 ], [ 8616199.176485884934664, 3280824.618433677125722 ], [ 8616593.218040481209755, 3280824.618433677125722 ] ] ] ] } },
{ "type": "Feature", "properties": { "SECTOR_NO": "134", "LANDUSE_DE": "PUBLIC UTILITIES", "ZONE": "NON-CONFORMING", "TOTAL_INDU": 0, "RED": 0, "GREEN": 0, "ORANGE": 0, "WHITE": 0, "SEC(IN HAC": 4.6051969492599998, "IND(IN HAC": 0.0, "AREA(%AGE)": 0.0, "AREA(sqmtr": 35601.23 }, "geometry": { "type": "MultiPolygon", "coordinates": [ [ [ [ 8612402.258508410304785, 3280846.881320102605969 ], [ 8612404.104136295616627, 3280647.553507941775024 ], [ 8612169.878473127260804, 3280648.42686370247975 ], [ 8612173.400650000199676, 3280846.881320102605969 ], [ 8612402.258508410304785, 3280846.881320102605969 ] ] ] ] } },
{ "type": "Feature", "properties": { "SECTOR_NO": "156", "LANDUSE_DE": "PUBLIC UTILITIES", "ZONE": "NON-CONFORMING", "TOTAL_INDU": 0, "RED": 0, "GREEN": 0, "ORANGE": 0, "WHITE": 0, "SEC(IN HAC": 5.36898094948, "IND(IN HAC": 0.0, "AREA(%AGE)": 0.0, "AREA(sqmtr": 41431.46 }, "geometry": { "type": "MultiPolygon", "coordinates": [ [ [ [ 8598663.607234744355083, 3293078.386754001490772 ], [ 8598842.754620775580406, 3293074.874060156755149 ], [ 8598850.950906408950686, 3292795.029450607486069 ], [ 8598654.240051163360476, 3292786.833164970390499 ], [ 8598663.607234744355083, 3293078.386754001490772 ] ] ] ] } },
{ "type": "Feature", "properties": { "SECTOR_NO": "152", "LANDUSE_DE": "PUBLIC UTILITIES", "ZONE": "NON-CONFORMING", "TOTAL_INDU": 0, "RED": 0, "GREEN": 0, "ORANGE": 0, "WHITE": 0, "SEC(IN HAC": 7.8947842454400003, "IND(IN HAC": 0.0, "AREA(%AGE)": 0.0, "AREA(sqmtr": 60966.35 }, "geometry": { "type": "MultiPolygon", "coordinates": [ [ [ [ 8599982.024581456556916, 3288033.379453225526959 ], [ 8600179.214788503944874, 3288153.34832044923678 ], [ 8600344.689088117331266, 3288310.548905081115663 ], [ 8600328.141658153384924, 3287938.231730945874006 ], [ 8600057.866968782618642, 3287901.000013533513993 ], [ 8599982.024581456556916, 3288033.379453225526959 ] ] ] ] } },
{ "type": "Feature", "properties": { "SECTOR_NO": "150", "LANDUSE_DE": "PUBLIC UTILITIES", "ZONE": "NON-CONFORMING", "TOTAL_INDU": 0, "RED": 0, "GREEN": 0, "ORANGE": 0, "WHITE": 0, "SEC(IN HAC": 4.2835315509700003, "IND(IN HAC": 0.0, "AREA(%AGE)": 0.0, "AREA(sqmtr": 33085.26 }, "geometry": { "type": "MultiPolygon", "coordinates": [ [ [ [ 8603930.493460051715374, 3286856.179557075258344 ], [ 8603931.872412545606494, 3286668.642017513979226 ], [ 8603701.587345577776432, 3286674.157827498856932 ], [ 8603705.724203068763018, 3286863.074319561477751 ], [ 8603930.493460051715374, 3286856.179557075258344 ] ] ] ] } },
{ "type": "Feature", "properties": { "SECTOR_NO": "141", "LANDUSE_DE": "PUBLIC UTILITIES", "ZONE": "NON-CONFORMING", "TOTAL_INDU": 0, "RED": 0, "GREEN": 0, "ORANGE": 0, "WHITE": 0, "SEC(IN HAC": 2.63294079927, "IND(IN HAC": 0.0, "AREA(%AGE)": 0.0, "AREA(sqmtr": 20334.61 }, "geometry": { "type": "MultiPolygon", "coordinates": [ [ [ [ 8608500.137942148372531, 3287423.535114694852382 ], [ 8608497.796146251261234, 3287295.907238375861198 ], [ 8608292.889005372300744, 3287292.394544533453882 ], [ 8608290.547209473326802, 3287418.851522902958095 ], [ 8608500.137942148372531, 3287423.535114694852382 ] ] ] ] } },
{ "type": "Feature", "properties": { "SECTOR_NO": "127", "LANDUSE_DE": "PUBLIC UTILITIES", "ZONE": "NON-CONFORMING", "TOTAL_INDU": 0, "RED": 0, "GREEN": 0, "ORANGE": 0, "WHITE": 0, "SEC(IN HAC": 2.0427921805499998, "IND(IN HAC": 0.0, "AREA(%AGE)": 0.0, "AREA(sqmtr": 15785.86 }, "geometry": { "type": "MultiPolygon", "coordinates": [ [ [ [ 8610730.711513459682465, 3283523.897756301797926 ], [ 8610894.806860579177737, 3283517.002993816975504 ], [ 8610892.048955582082272, 3283384.623554124962538 ], [ 8610750.016848413273692, 3283388.760411615949124 ], [ 8610730.711513459682465, 3283523.897756301797926 ] ] ] ] } },
{ "type": "Feature", "properties": { "SECTOR_NO": "99", "LANDUSE_DE": "PUBLIC UTILITIES", "ZONE": "NON-CONFORMING", "TOTAL_INDU": 0, "RED": 0, "GREEN": 0, "ORANGE": 0, "WHITE": 0, "SEC(IN HAC": 16.8543322604, "IND(IN HAC": 0.0, "AREA(%AGE)": 0.0, "AREA(sqmtr": 130023.8 }, "geometry": { "type": "MultiPolygon", "coordinates": [ [ [ [ 8613803.190045397728682, 3295112.959277525544167 ], [ 8613804.989147422835231, 3294679.030936778523028 ], [ 8613462.147082908079028, 3294669.723007427528501 ], [ 8613459.044439788907766, 3294769.00758719490841 ], [ 8613396.991577435284853, 3294855.881594493519515 ], [ 8613394.847737286239862, 3295105.20275078387931 ], [ 8613803.190045397728682, 3295112.959277525544167 ] ] ] ] } },
{ "type": "Feature", "properties": { "SECTOR_NO": "74", "LANDUSE_DE": "PUBLIC UTILITIES", "ZONE": "NON-CONFORMING", "TOTAL_INDU": 0, "RED": 0, "GREEN": 0, "ORANGE": 0, "WHITE": 0, "SEC(IN HAC": 28.901769456299998, "IND(IN HAC": 0.0, "AREA(%AGE)": 0.0, "AREA(sqmtr": 223017.4 }, "geometry": { "type": "MultiPolygon", "coordinates": [ [ [ [ 8609963.496818043291569, 3293458.030830380506814 ], [ 8610742.604978734627366, 3293520.084624436683953 ], [ 8610781.215648643672466, 3293157.41467278636992 ], [ 8609993.833772974088788, 3293088.466012848541141 ], [ 8609963.496818043291569, 3293458.030830380506814 ] ] ] ] } },
{ "type": "Feature", "properties": { "SECTOR_NO": "73", "LANDUSE_DE": "PUBLIC UTILITIES", "ZONE": "NON-CONFORMING", "TOTAL_INDU": 0, "RED": 0, "GREEN": 0, "ORANGE": 0, "WHITE": 0, "SEC(IN HAC": 15.359560177000001, "IND(IN HAC": 0.0, "AREA(%AGE)": 0.0, "AREA(sqmtr": 118519.2 }, "geometry": { "type": "MultiPolygon", "coordinates": [ [ [ [ 8610876.36337093450129, 3293565.429535054136068 ], [ 8611240.406830091029406, 3293606.798764589708298 ], [ 8611278.565031154081225, 3293177.254710168112069 ], [ 8610931.069001961499453, 3293141.574314314872026 ], [ 8610876.36337093450129, 3293565.429535054136068 ] ] ] ] } },
{ "type": "Feature", "properties": { "SECTOR_NO": "117", "LANDUSE_DE": "PUBLIC UTILITIES", "ZONE": "NON-CONFORMING", "TOTAL_INDU": 0, "RED": 0, "GREEN": 0, "ORANGE": 0, "WHITE": 0, "SEC(IN HAC": 4.4445864759000004, "IND(IN HAC": 0.0, "AREA(%AGE)": 0.0, "AREA(sqmtr": 34326.43 }, "geometry": { "type": "MultiPolygon", "coordinates": [ [ [ [ 8610642.975660845637321, 3287395.220706532709301 ], [ 8610649.180947080254555, 3287177.001473914366215 ], [ 8610452.680216286331415, 3287179.069902659393847 ], [ 8610436.649893509224057, 3287402.718760737217963 ], [ 8610642.975660845637321, 3287395.220706532709301 ] ] ] ] } },
{ "type": "Feature", "properties": { "SECTOR_NO": "100", "LANDUSE_DE": "PUBLIC UTILITIES", "ZONE": "NON-CONFORMING", "TOTAL_INDU": 0, "RED": 0, "GREEN": 0, "ORANGE": 0, "WHITE": 0, "SEC(IN HAC": 4.0656808995400002, "IND(IN HAC": 0.0, "AREA(%AGE)": 0.0, "AREA(sqmtr": 31357.14 }, "geometry": { "type": "MultiPolygon", "coordinates": [ [ [ [ 8618065.532212978228927, 3296691.482829057611525 ], [ 8618060.361141115427017, 3296470.678060509264469 ], [ 8617875.23676841892302, 3296462.404345529619604 ], [ 8617879.373625909909606, 3296680.106470959726721 ], [ 8618065.532212978228927, 3296691.482829057611525 ] ] ] ] } },
{ "type": "Feature", "properties": { "SECTOR_NO": "115", "LANDUSE_DE": "PUBLIC UTILITIES", "ZONE": "NON-CONFORMING", "TOTAL_INDU": 0, "RED": 0, "GREEN": 0, "ORANGE": 0, "WHITE": 0, "SEC(IN HAC": 4.4233816682600002, "IND(IN HAC": 0.0, "AREA(%AGE)": 0.0, "AREA(sqmtr": 34161.06 }, "geometry": { "type": "MultiPolygon", "coordinates": [ [ [ [ 8614080.574958587065339, 3287721.741575511172414 ], [ 8614340.162766104564071, 3287721.741575511172414 ], [ 8614341.196980476379395, 3287563.506776503752917 ], [ 8614322.581121768802404, 3287550.061989661306143 ], [ 8614082.643387330695987, 3287551.096204032655805 ], [ 8614080.574958587065339, 3287721.741575511172414 ] ] ] ] } },
{ "type": "Feature", "properties": { "SECTOR_NO": "114", "LANDUSE_DE": "PUBLIC UTILITIES", "ZONE": "NON-CONFORMING", "TOTAL_INDU": 0, "RED": 0, "GREEN": 0, "ORANGE": 0, "WHITE": 0, "SEC(IN HAC": 7.6266780220100001, "IND(IN HAC": 0.0, "AREA(%AGE)": 0.0, "AREA(sqmtr": 58900.04 }, "geometry": { "type": "MultiPolygon", "coordinates": [ [ [ [ 8615449.616234306246042, 3287680.373000608291477 ], [ 8615844.169017450883985, 3287683.475643726997077 ], [ 8615845.203231820836663, 3287489.043341676238924 ], [ 8615453.753091780468822, 3287486.716359349433333 ], [ 8615449.616234306246042, 3287680.373000608291477 ] ] ] ] } },
{ "type": "Feature", "properties": { "SECTOR_NO": "113", "LANDUSE_DE": "PUBLIC UTILITIES", "ZONE": "NON-CONFORMING", "TOTAL_INDU": 0, "RED": 0, "GREEN": 0, "ORANGE": 0, "WHITE": 0, "SEC(IN HAC": 3.90260710553, "IND(IN HAC": 0.0, "AREA(%AGE)": 0.0, "AREA(sqmtr": 30139.49 }, "geometry": { "type": "MultiPolygon", "coordinates": [ [ [ [ 8617876.917366800829768, 3287654.776194886304438 ], [ 8617876.917366778478026, 3287488.267680908087641 ], [ 8617642.409257814288139, 3287489.301895270124078 ], [ 8617638.272400323301554, 3287652.707766140811145 ], [ 8617876.917366800829768, 3287654.776194886304438 ] ] ] ] } },
{ "type": "Feature", "properties": { "SECTOR_NO": "119", "LANDUSE_DE": "PUBLIC UTILITIES", "ZONE": "NON-CONFORMING", "TOTAL_INDU": 0, "RED": 0, "GREEN": 0, "ORANGE": 0, "WHITE": 0, "SEC(IN HAC": 2.0510838040200001, "IND(IN HAC": 0.0, "AREA(%AGE)": 0.0, "AREA(sqmtr": 15845.52 }, "geometry": { "type": "MultiPolygon", "coordinates": [ [ [ [ 8614082.772664099931717, 3285416.283823801670223 ], [ 8614231.699533754959702, 3285414.732502242550254 ], [ 8614227.045569073408842, 3285278.216205060947686 ], [ 8614079.67002097889781, 3285275.889222718309611 ], [ 8614082.772664099931717, 3285416.283823801670223 ] ] ] ] } },
{ "type": "Feature", "properties": { "SECTOR_NO": "124", "LANDUSE_DE": "PUBLIC UTILITIES", "ZONE": "NON-CONFORMING", "TOTAL_INDU": 0, "RED": 0, "GREEN": 0, "ORANGE": 0, "WHITE": 0, "SEC(IN HAC": 4.6662720861000002, "IND(IN HAC": 0.0, "AREA(%AGE)": 0.0, "AREA(sqmtr": 36058.03 }, "geometry": { "type": "MultiPolygon", "coordinates": [ [ [ [ 8614063.639698224142194, 3283716.606367728672922 ], [ 8614393.209344957023859, 3283711.090557741001248 ], [ 8614393.209344957023859, 3283571.816355566028506 ], [ 8614058.727179935202003, 3283574.865133387036622 ], [ 8614063.639698224142194, 3283716.606367728672922 ] ] ] ] } },
{ "type": "Feature", "properties": { "SECTOR_NO": "122", "LANDUSE_DE": "RESIDENTIAL", "ZONE": "NON-CONFORMING", "TOTAL_INDU": 0, "RED": 0, "GREEN": 0, "ORANGE": 0, "WHITE": 0, "SEC(IN HAC": 200.348790143, "IND(IN HAC": 0.0, "AREA(%AGE)": 0.0, "AREA(sqmtr": 1548110.0 }, "geometry": { "type": "MultiPolygon", "coordinates": [ [ [ [ 8616707.620288964360952, 3284771.524443855043501 ], [ 8617868.565604297444224, 3284765.669954115524888 ], [ 8617858.027522770687938, 3283039.766378921456635 ], [ 8616697.374931922182441, 3283045.620868662372231 ], [ 8616707.620288964360952, 3284771.524443855043501 ] ] ] ] } },
{ "type": "Feature", "properties": { "SECTOR_NO": "94", "LANDUSE_DE": "RESIDENTIAL", "ZONE": "NON-CONFORMING", "TOTAL_INDU": 0, "RED": 0, "GREEN": 0, "ORANGE": 0, "WHITE": 0, "SEC(IN HAC": 67.107887513600005, "IND(IN HAC": 0.0, "AREA(%AGE)": 0.0, "AREA(sqmtr": 517159.0 }, "geometry": { "type": "MultiPolygon", "coordinates": [ [ [ [ 8615671.082880595698953, 3302786.374821151141077 ], [ 8616113.68230489641428, 3302590.83486385224387 ], [ 8616114.853202845901251, 3301228.495101480279118 ], [ 8616049.282917765900493, 3301342.072202425450087 ], [ 8615996.592510109767318, 3301509.510608973912895 ], [ 8615770.609206167981029, 3301631.283995553851128 ], [ 8615576.53287130407989, 3301621.916811971925199 ], [ 8615420.803444234654307, 3301435.744038255885243 ], [ 8615421.974342182278633, 3301353.488457419443876 ], [ 8615385.676505792886019, 3301382.760906113311648 ], [ 8615671.082880595698953, 3302786.374821151141077 ] ] ] ] } },
{ "type": "Feature", "properties": { "SECTOR_NO": "102", "LANDUSE_DE": "RESIDENTIAL", "ZONE": "NON-CONFORMING", "TOTAL_INDU": 0, "RED": 0, "GREEN": 0, "ORANGE": 0, "WHITE": 0, "SEC(IN HAC": 156.68645503499999, "IND(IN HAC": 0.0, "AREA(%AGE)": 0.0, "AREA(sqmtr": 1208653.0 }, "geometry": { "type": "MultiPolygon", "coordinates": [ [ [ [ 8618048.517982708290219, 3296401.687854651827365 ], [ 8618033.296309385448694, 3295912.837961407378316 ], [ 8618007.536554532125592, 3295546.932352690957487 ], [ 8617891.032208716496825, 3295213.81188651593402 ], [ 8617853.563474383205175, 3295052.227969704195857 ], [ 8617853.563474383205175, 3294881.276869314257056 ], [ 8617886.348616925999522, 3294656.464463320560753 ], [ 8617052.669278025627136, 3294647.097279735840857 ], [ 8617064.378257501870394, 3296370.073610058519989 ], [ 8618048.517982708290219, 3296401.687854651827365 ] ] ] ] } },
{ "type": "Feature", "properties": { "SECTOR_NO": "34", "LANDUSE_DE": "RESIDENTIAL", "ZONE": "NON-CONFORMING", "TOTAL_INDU": 0, "RED": 0, "GREEN": 0, "ORANGE": 0, "WHITE": 0, "SEC(IN HAC": 52.590529318400002, "IND(IN HAC": 0.0, "AREA(%AGE)": 0.0, "AREA(sqmtr": 428604.8 }, "geometry": { "type": "MultiPolygon", "coordinates": [ [ [ [ 8606176.26560284756124, 3308827.000560932792723 ], [ 8606806.880637587979436, 3308547.360885361209512 ], [ 8606814.337621659040451, 3308373.826647364068776 ], [ 8606811.995825765654445, 3308214.584526449907571 ], [ 8606842.561033438891172, 3307824.832869302947074 ], [ 8606870.484821498394012, 3307684.826098610647023 ], [ 8606881.344072412699461, 3307532.796585839707404 ], [ 8606457.144460713490844, 3307525.223642756231129 ], [ 8606388.164326012134552, 3307991.464300207328051 ], [ 8606334.85247952491045, 3308225.020961010362953 ], [ 8606223.627466464415193, 3308607.089194172527641 ], [ 8606177.138266995549202, 3308797.250646600499749 ], [ 8606176.26560284756124, 3308827.000560932792723 ] ] ] ] } },
{ "type": "Feature", "properties": { "SECTOR_NO": "44", "LANDUSE_DE": "RESIDENTIAL", "ZONE": "NON-CONFORMING", "TOTAL_INDU": 0, "RED": 0, "GREEN": 0, "ORANGE": 0, "WHITE": 0, "SEC(IN HAC": 96.719548846899997, "IND(IN HAC": 0.0, "AREA(%AGE)": 0.0, "AREA(sqmtr": 745004.1 }, "geometry": { "type": "MultiPolygon", "coordinates": [ [ [ [ 8604670.130754580721259, 3306220.252596700564027 ], [ 8604688.865121750161052, 3305791.118498796597123 ], [ 8604617.796242102980614, 3305286.652645195834339 ], [ 8603963.493843033909798, 3304867.865466884337366 ], [ 8603437.175215449184179, 3304544.11218429217115 ], [ 8603404.390072911977768, 3304614.366061165928841 ], [ 8603332.965298091992736, 3304699.841611360665411 ], [ 8603277.933094536885619, 3304725.601366213988513 ], [ 8603151.476116167381406, 3304846.203854848630726 ], [ 8603913.145231269299984, 3305524.153766676783562 ], [ 8604670.130754580721259, 3306220.252596700564027 ] ] ] ] } },
{ "type": "Feature", "properties": { "SECTOR_NO": "149", "LANDUSE_DE": "RESIDENTIAL", "ZONE": "NON-CONFORMING", "TOTAL_INDU": 1, "RED": 0, "GREEN": 1, "ORANGE": 0, "WHITE": 0, "SEC(IN HAC": 286.87132354200003, "IND(IN HAC": 0.234394, "AREA(%AGE)": 0.08, "AREA(sqmtr": 2318600.0 }, "geometry": { "type": "MultiPolygon", "coordinates": [ [ [ [ 8602148.180652983486652, 3286365.308712353929877 ], [ 8604077.78461236692965, 3286304.864398945588619 ], [ 8604483.019478593021631, 3285946.460445831995457 ], [ 8604088.892613489180803, 3284828.815664109773934 ], [ 8603088.989470100030303, 3284841.281481884419918 ], [ 8602980.097424568608403, 3284854.20087711699307 ], [ 8602782.61524030007422, 3284988.931713114958256 ], [ 8602607.741997683420777, 3285107.513305069878697 ], [ 8602447.172371227294207, 3285148.117118657100946 ], [ 8602150.02628087438643, 3285153.654002328403294 ], [ 8602148.180652983486652, 3286365.308712353929877 ] ] ] ] } },
{ "type": "Feature", "properties": { "SECTOR_NO": "47", "LANDUSE_DE": "RESIDENTIAL", "ZONE": "NON-CONFORMING", "TOTAL_INDU": 0, "RED": 0, "GREEN": 0, "ORANGE": 0, "WHITE": 0, "SEC(IN HAC": 91.330024262799995, "IND(IN HAC": 0.0, "AREA(%AGE)": 0.0, "AREA(sqmtr": 703582.5 }, "geometry": { "type": "MultiPolygon", "coordinates": [ [ [ [ 8603463.075173130258918, 3304512.21424102364108 ], [ 8604608.294397553429008, 3305227.120680371299386 ], [ 8604344.95756291039288, 3303917.417454203590751 ], [ 8604329.05651693046093, 3303875.919602499343455 ], [ 8603464.459394043311477, 3303883.316537376958877 ], [ 8603578.888323251157999, 3304224.757697098422796 ], [ 8603536.438881771638989, 3304350.721800616476685 ], [ 8603463.075173130258918, 3304512.21424102364108 ] ] ] ] } },
{ "type": "Feature", "properties": { "SECTOR_NO": "89", "LANDUSE_DE": "RESIDENTIAL", "ZONE": "NON-CONFORMING", "TOTAL_INDU": 1, "RED": 0, "GREEN": 1, "ORANGE": 0, "WHITE": 0, "SEC(IN HAC": 167.3825, "IND(IN HAC": 0.169838, "AREA(%AGE)": 0.1, "AREA(sqmtr": 443589.8 }, "geometry": { "type": "MultiPolygon", "coordinates": [ [ [ [ 8611894.941542042419314, 3303164.444474068935961 ], [ 8611995.528262067586184, 3303145.065381220076233 ], [ 8612408.948909513652325, 3302886.677476565353572 ], [ 8612703.095854545012116, 3302706.267350281588733 ], [ 8612851.438196232542396, 3302557.463601619936526 ], [ 8612854.206638066098094, 3302049.454524792265147 ], [ 8612468.931815950199962, 3302292.615999349858612 ], [ 8612399.720770061016083, 3302325.837301374878734 ], [ 8611922.856663884595037, 3302428.269649289548397 ], [ 8611894.941542042419314, 3303164.444474068935961 ] ] ] ] } },
{ "type": "Feature", "properties": { "SECTOR_NO": "89", "LANDUSE_DE": "RESIDENTIAL", "ZONE": "NON-CONFORMING", "TOTAL_INDU": 1, "RED": 0, "GREEN": 1, "ORANGE": 0, "WHITE": 0, "SEC(IN HAC": 167.3825, "IND(IN HAC": 0.169838, "AREA(%AGE)": 0.1, "AREA(sqmtr": 368680.5 }, "geometry": { "type": "MultiPolygon", "coordinates": [ [ [ [ 8611918.242594162002206, 3302376.59206836251542 ], [ 8612408.256799053400755, 3302276.928162279073149 ], [ 8612856.744376415386796, 3301994.547095051500946 ], [ 8612862.281260093674064, 3301708.474772044923156 ], [ 8611940.390128843486309, 3301728.77667883830145 ], [ 8611918.242594162002206, 3302376.59206836251542 ] ] ] ] } },
{ "type": "Feature", "properties": { "SECTOR_NO": "17", "LANDUSE_DE": "RESIDENTIAL", "ZONE": "NON-CONFORMING", "TOTAL_INDU": 1, "RED": 0, "GREEN": 1, "ORANGE": 0, "WHITE": 0, "SEC(IN HAC": 113.043550651, "IND(IN HAC": 0.130857, "AREA(%AGE)": 0.12, "AREA(sqmtr": 871345.8 }, "geometry": { "type": "MultiPolygon", "coordinates": [ [ [ [ 8607870.699396580457687, 3301564.086887968238443 ], [ 8608372.939751269295812, 3301590.459354468621314 ], [ 8608433.396759115159512, 3301325.89917450491339 ], [ 8608473.775652602314949, 3301174.317346293944865 ], [ 8608537.379836518317461, 3300913.30749401031062 ], [ 8608686.306706167757511, 3300329.234927085228264 ], [ 8608728.192388262599707, 3300176.429753532167524 ], [ 8608805.758466202765703, 3299872.370727988891304 ], [ 8607999.846916355192661, 3299833.587689015548676 ], [ 8607870.699396580457687, 3301564.086887968238443 ] ] ] ] } },
{ "type": "Feature", "properties": { "SECTOR_NO": "16", "LANDUSE_DE": "RESIDENTIAL", "ZONE": "NON-CONFORMING", "TOTAL_INDU": 0, "RED": 0, "GREEN": 0, "ORANGE": 0, "WHITE": 0, "SEC(IN HAC": 122.312994612, "IND(IN HAC": 0.0, "AREA(%AGE)": 0.0, "AREA(sqmtr": 942802.0 }, "geometry": { "type": "MultiPolygon", "coordinates": [ [ [ [ 8607118.696270901709795, 3299771.534826657734811 ], [ 8607059.746051663532853, 3300580.936850016005337 ], [ 8607335.881289150565863, 3300584.039493135176599 ], [ 8607242.026334831491113, 3301505.13666872959584 ], [ 8607835.019000723958015, 3301551.676315498072654 ], [ 8607892.805728795006871, 3300939.679705967195332 ], [ 8607957.961234265938401, 3299829.7093874537386 ], [ 8607118.696270901709795, 3299771.534826657734811 ] ] ] ] } },
{ "type": "Feature", "properties": { "SECTOR_NO": "89", "LANDUSE_DE": "RESIDENTIAL", "ZONE": "NON-CONFORMING", "TOTAL_INDU": 1, "RED": 0, "GREEN": 1, "ORANGE": 0, "WHITE": 0, "SEC(IN HAC": 167.3825, "IND(IN HAC": 0.169838, "AREA(%AGE)": 0.1, "AREA(sqmtr": 477675.9 }, "geometry": { "type": "MultiPolygon", "coordinates": [ [ [ [ 8611940.382475305348635, 3301621.843630835413933 ], [ 8612146.460514131933451, 3301597.254773927852511 ], [ 8612278.479257753118873, 3301606.621957510244101 ], [ 8612858.073741964995861, 3301610.134651355911046 ], [ 8612854.99860779941082, 3300933.183801491279155 ], [ 8611959.886068316176534, 3300914.567942784167826 ], [ 8611940.382475305348635, 3301621.843630835413933 ] ] ] ] } },
{ "type": "Feature", "properties": { "SECTOR_NO": "124", "LANDUSE_DE": "RESIDENTIAL", "ZONE": "NON-CONFORMING", "TOTAL_INDU": 0, "RED": 0, "GREEN": 0, "ORANGE": 0, "WHITE": 0, "SEC(IN HAC": 167.02811166699999, "IND(IN HAC": 0.0, "AREA(%AGE)": 0.0, "AREA(sqmtr": 1290516.0 }, "geometry": { "type": "MultiPolygon", "coordinates": [ [ [ [ 8614070.24584255553782, 3285209.074370743706822 ], [ 8615363.502626003697515, 3285197.365391261875629 ], [ 8615350.622748579829931, 3283904.694056791253388 ], [ 8614067.904046662151814, 3283908.206750635057688 ], [ 8614070.24584255553782, 3285209.074370743706822 ] ] ] ] } },
{ "type": "Feature", "properties": { "SECTOR_NO": "123", "LANDUSE_DE": "RESIDENTIAL", "ZONE": "NON-CONFORMING", "TOTAL_INDU": 0, "RED": 0, "GREEN": 0, "ORANGE": 0, "WHITE": 0, "SEC(IN HAC": 156.70744850299999, "IND(IN HAC": 0.0, "AREA(%AGE)": 0.0, "AREA(sqmtr": 1210778.0 }, "geometry": { "type": "MultiPolygon", "coordinates": [ [ [ [ 8615439.025543643161654, 3285193.852697419002652 ], [ 8616643.29408304952085, 3285183.314615888055414 ], [ 8616630.414205625653267, 3283887.130587571766227 ], [ 8615419.120278529822826, 3283895.326873208861798 ], [ 8615439.025543643161654, 3285193.852697419002652 ] ] ] ] } },
{ "type": "Feature", "properties": { "SECTOR_NO": "139", "LANDUSE_DE": "RESIDENTIAL", "ZONE": "NON-CONFORMING", "TOTAL_INDU": 0, "RED": 0, "GREEN": 0, "ORANGE": 0, "WHITE": 0, "SEC(IN HAC": 354.21621192100002, "IND(IN HAC": 0.0, "AREA(%AGE)": 0.0, "AREA(sqmtr": 2736944.0 }, "geometry": { "type": "MultiPolygon", "coordinates": [ [ [ [ 8609439.570280790328979, 3285475.077833534684032 ], [ 8609108.621681556105614, 3285304.087723929435015 ], [ 8609108.621681556105614, 3285081.731633819174021 ], [ 8609431.296565808355808, 3284775.604179529007524 ], [ 8609657.444775285199285, 3284767.330464547034353 ], [ 8609825.676979895681143, 3285112.413326875306666 ], [ 8609809.1295499317348, 3285167.571426745969802 ], [ 8609730.52925761602819, 3285317.877248896751553 ], [ 8609722.255542634055018, 3285397.856493710074574 ], [ 8609651.928965300321579, 3285475.077833534684032 ], [ 8609439.570280790328979, 3285475.077833534684032 ], [ 8609437.340256, 3285560.653686341829598 ], [ 8610304.701376484706998, 3285551.69049511058256 ], [ 8610468.796723604202271, 3283013.728424751199782 ], [ 8608829.911681160330772, 3283016.486329747363925 ], [ 8608865.764446077868342, 3285558.585257595870644 ], [ 8609437.684994127601385, 3285559.96421009209007 ], [ 8609439.570280790328979, 3285475.077833534684032 ] ] ] ] } },
{ "type": "Feature", "properties": { "SECTOR_NO": "142", "LANDUSE_DE": "RESIDENTIAL", "ZONE": "NON-CONFORMING", "TOTAL_INDU": 0, "RED": 0, "GREEN": 0, "ORANGE": 0, "WHITE": 0, "SEC(IN HAC": 88.711726609199999, "IND(IN HAC": 0.0, "AREA(%AGE)": 0.0, "AREA(sqmtr": 685250.6 }, "geometry": { "type": "MultiPolygon", "coordinates": [ [ [ [ 8607271.865994809195399, 3286856.235058943741024 ], [ 8607356.156200205907226, 3286749.138369518797845 ], [ 8607412.693252572789788, 3286627.790549801196903 ], [ 8607761.568234266713262, 3286629.169502297881991 ], [ 8607798.799951678141952, 3286699.496079633478075 ], [ 8607793.284141687676311, 3285633.56579960975796 ], [ 8607038.997125940397382, 3285643.218467082828283 ], [ 8606929.963794024661183, 3286849.209671255201101 ], [ 8607271.865994809195399, 3286856.235058943741024 ] ] ] ] } },
{ "type": "Feature", "properties": { "SECTOR_NO": "141", "LANDUSE_DE": "RESIDENTIAL", "ZONE": "NON-CONFORMING", "TOTAL_INDU": 0, "RED": 0, "GREEN": 0, "ORANGE": 0, "WHITE": 0, "SEC(IN HAC": 85.317799814400004, "IND(IN HAC": 0.0, "AREA(%AGE)": 0.0, "AREA(sqmtr": 659022.8 }, "geometry": { "type": "MultiPolygon", "coordinates": [ [ [ [ 8607869.023948235437274, 3286851.551467150449753 ], [ 8608503.650635991245508, 3286841.013385619968176 ], [ 8608515.510511890053749, 3286802.917516891844571 ], [ 8608540.331656828522682, 3286756.033132003620267 ], [ 8608605.142424182966352, 3286642.959027263335884 ], [ 8608720.974433911964297, 3286505.06377758551389 ], [ 8608760.964056314900517, 3286429.221390262246132 ], [ 8608813.36425119638443, 3286294.084045575466007 ], [ 8608796.816821238026023, 3285850.061341605149209 ], [ 8607864.644933393225074, 3285855.577151592355222 ], [ 8607869.023948235437274, 3286851.551467150449753 ] ] ] ] } },
{ "type": "Feature", "properties": { "SECTOR_NO": "108", "LANDUSE_DE": "RESIDENTIAL", "ZONE": "NON-CONFORMING", "TOTAL_INDU": 0, "RED": 0, "GREEN": 0, "ORANGE": 0, "WHITE": 0, "SEC(IN HAC": 134.36896735100001, "IND(IN HAC": 0.0, "AREA(%AGE)": 0.0, "AREA(sqmtr": 1037101.0 }, "geometry": { "type": "MultiPolygon", "coordinates": [ [ [ [ 8615588.071683440357447, 3292133.73240819433704 ], [ 8615721.83007563278079, 3292133.73240819433704 ], [ 8615826.63046539016068, 3292205.437938028015196 ], [ 8616642.625605370849371, 3292223.364320487249643 ], [ 8616650.899320352822542, 3291075.386366898193955 ], [ 8615315.039089078083634, 3291058.838936938904226 ], [ 8615588.071683440357447, 3292133.73240819433704 ] ] ] ] } },
{ "type": "Feature", "properties": { "SECTOR_NO": "109", "LANDUSE_DE": "RESIDENTIAL", "ZONE": "NON-CONFORMING", "TOTAL_INDU": 0, "RED": 0, "GREEN": 0, "ORANGE": 0, "WHITE": 0, "SEC(IN HAC": 195.16162473200001, "IND(IN HAC": 0.0, "AREA(%AGE)": 0.0, "AREA(sqmtr": 1506272.0 }, "geometry": { "type": "MultiPolygon", "coordinates": [ [ [ [ 8615523.950392344966531, 3292125.45869321282953 ], [ 8615238.507225506007671, 3291055.219186634290963 ], [ 8614240.490355951711535, 3291049.013900400139391 ], [ 8614242.558784693479538, 3291165.53538638073951 ], [ 8614066.742341354489326, 3291164.156433883588761 ], [ 8614057.779150126501918, 3292665.490964773111045 ], [ 8614688.994655532762408, 3292676.522584748920053 ], [ 8614972.024655500426888, 3292470.713924599345773 ], [ 8615459.31199405901134, 3292138.731110996566713 ], [ 8615523.950392344966531, 3292125.45869321282953 ] ] ] ] } },
{ "type": "Feature", "properties": { "SECTOR_NO": "110-A", "LANDUSE_DE": "RESIDENTIAL", "ZONE": "NON-CONFORMING", "TOTAL_INDU": 0, "RED": 0, "GREEN": 0, "ORANGE": 0, "WHITE": 0, "SEC(IN HAC": 84.269909590599994, "IND(IN HAC": 0.0, "AREA(%AGE)": 0.0, "AREA(sqmtr": 650578.9 }, "geometry": { "type": "MultiPolygon", "coordinates": [ [ [ [ 8613578.205326998606324, 3291170.038528153672814 ], [ 8613786.082415888085961, 3291170.038528153672814 ], [ 8613764.407006427645683, 3288938.527104045264423 ], [ 8613216.295759774744511, 3288947.111427495721728 ], [ 8613578.205326998606324, 3291170.038528153672814 ] ] ] ] } },
{ "type": "Feature", "properties": { "SECTOR_NO": "84", "LANDUSE_DE": "RESIDENTIAL", "ZONE": "NON-CONFORMING", "TOTAL_INDU": 0, "RED": 0, "GREEN": 0, "ORANGE": 0, "WHITE": 0, "SEC(IN HAC": 155.50874843599999, "IND(IN HAC": 0.0, "AREA(%AGE)": 0.0, "AREA(sqmtr": 1198776.0 }, "geometry": { "type": "MultiPolygon", "coordinates": [ [ [ [ 8612862.367385206744075, 3300880.826698878314346 ], [ 8612967.663336021825671, 3299194.346249158959836 ], [ 8611991.494245080277324, 3299208.308143186382949 ], [ 8611972.296640789136291, 3300854.066401987802237 ], [ 8612862.367385206744075, 3300880.826698878314346 ] ] ] ] } },
{ "type": "Feature", "properties": { "SECTOR_NO": "85", "LANDUSE_DE": "RESIDENTIAL", "ZONE": "NON-CONFORMING", "TOTAL_INDU": 0, "RED": 0, "GREEN": 0, "ORANGE": 0, "WHITE": 0, "SEC(IN HAC": 188.32499243300001, "IND(IN HAC": 0.0, "AREA(%AGE)": 0.0, "AREA(sqmtr": 1451748.0 }, "geometry": { "type": "MultiPolygon", "coordinates": [ [ [ [ 8610753.291860595345497, 3300856.813533881679177 ], [ 8611918.776047008112073, 3300858.720366663765162 ], [ 8611940.300633637234569, 3299194.346249158959836 ], [ 8611232.704087583348155, 3299195.121909937355667 ], [ 8611111.119260407984257, 3299201.327196172438562 ], [ 8611017.458221292123199, 3299246.509436575230211 ], [ 8610941.44346490316093, 3299241.079811119474471 ], [ 8610827.227415129542351, 3299215.09517500596121 ], [ 8610753.291860595345497, 3300856.813533881679177 ] ] ] ] } },
{ "type": "Feature", "properties": { "SECTOR_NO": "106", "LANDUSE_DE": "RESIDENTIAL", "ZONE": "NON-CONFORMING", "TOTAL_INDU": 0, "RED": 0, "GREEN": 0, "ORANGE": 0, "WHITE": 0, "SEC(IN HAC": 171.55198499700001, "IND(IN HAC": 0.0, "AREA(%AGE)": 0.0, "AREA(sqmtr": 1323650.0 }, "geometry": { "type": "MultiPolygon", "coordinates": [ [ [ [ 8616713.814028004184365, 3294566.032243484631181 ], [ 8617905.228985236957669, 3294590.853388426359743 ], [ 8617946.59756014123559, 3294497.084618644788861 ], [ 8617963.144990099593997, 3294375.736798925790936 ], [ 8617965.902895094826818, 3294163.378114419057965 ], [ 8617932.808035172522068, 3293368.412000014446676 ], [ 8617818.354977939277887, 3293358.759332535322756 ], [ 8617819.733930435031652, 3293178.116555454209447 ], [ 8616719.674576114863157, 3293157.432268004864454 ], [ 8616713.814028004184365, 3294566.032243484631181 ] ] ] ] } },
{ "type": "Feature", "properties": { "SECTOR_NO": "77", "LANDUSE_DE": "RESIDENTIAL", "ZONE": "NON-CONFORMING", "TOTAL_INDU": 0, "RED": 0, "GREEN": 0, "ORANGE": 0, "WHITE": 0, "SEC(IN HAC": 132.53588234, "IND(IN HAC": 0.0, "AREA(%AGE)": 0.0, "AREA(sqmtr": 1022372.0 }, "geometry": { "type": "MultiPolygon", "coordinates": [ [ [ [ 8612230.397765142843127, 3296158.991703970357776 ], [ 8613164.293343601748347, 3296168.299633322283626 ], [ 8613205.241768961772323, 3295466.229670305736363 ], [ 8613223.599074073135853, 3295190.87009359896183 ], [ 8613248.420219019055367, 3294842.598403625655919 ], [ 8613256.596976350992918, 3294797.707036034669727 ], [ 8613256.596976350992918, 3294797.707036034669727 ], [ 8613256.596976350992918, 3294797.707036034669727 ], [ 8612238.930033719167113, 3294800.80967915430665 ], [ 8612230.397765142843127, 3296158.991703970357776 ] ] ] ] } },
{ "type": "Feature", "properties": { "SECTOR_NO": "81", "LANDUSE_DE": "RESIDENTIAL", "ZONE": "NON-CONFORMING", "TOTAL_INDU": 1, "RED": 0, "GREEN": 1, "ORANGE": 0, "WHITE": 0, "SEC(IN HAC": 75.045384647099993, "IND(IN HAC": 0.09577, "AREA(%AGE)": 0.13, "AREA(sqmtr": 585949.6 }, "geometry": { "type": "MultiPolygon", "coordinates": [ [ [ [ 8609439.182450300082564, 3298900.95255932956934 ], [ 8609637.751609835773706, 3298894.747273094020784 ], [ 8609716.188076263293624, 3298925.99107106262818 ], [ 8609827.25442311167717, 3299012.940154024399817 ], [ 8610079.878254123032093, 3299121.240220693871379 ], [ 8610346.705562256276608, 3299128.996828488539904 ], [ 8610377.731993434950709, 3298162.135666901245713 ], [ 8609682.739935049787164, 3298172.994917816948146 ], [ 8609495.030026419088244, 3298241.25306640798226 ], [ 8609439.182450300082564, 3298900.95255932956934 ] ] ] ] } },
{ "type": "Feature", "properties": { "SECTOR_NO": "83", "LANDUSE_DE": "RESIDENTIAL", "ZONE": "NON-CONFORMING", "TOTAL_INDU": 0, "RED": 0, "GREEN": 0, "ORANGE": 0, "WHITE": 0, "SEC(IN HAC": 86.561824763000004, "IND(IN HAC": 0.0, "AREA(%AGE)": 0.0, "AREA(sqmtr": 667421.8 }, "geometry": { "type": "MultiPolygon", "coordinates": [ [ [ [ 8611993.433397030457854, 3299112.12620653398335 ], [ 8612979.298247711732984, 3299116.780171210877597 ], [ 8613043.678092403337359, 3298117.923002474941313 ], [ 8612039.197383020073175, 3298103.961108445189893 ], [ 8612076.429100433364511, 3298162.911327683366835 ], [ 8612126.071390312165022, 3298268.401193688157946 ], [ 8612201.407443562522531, 3298437.365966796409339 ], [ 8612200.373229192569852, 3298488.301024646963924 ], [ 8612202.086146701127291, 3298556.171342863701284 ], [ 8612580.608607072383165, 3298705.679958102293313 ], [ 8612754.356621667742729, 3298598.638770539313555 ], [ 8612875.35970326513052, 3298803.413216312415898 ], [ 8612718.676225813105702, 3298912.005725437309593 ], [ 8612580.608607072383165, 3298705.679958102293313 ], [ 8612202.086146701127291, 3298556.171342863701284 ], [ 8612192.778217347338796, 3298602.710989631246775 ], [ 8612186.572931114584208, 3298660.885548089630902 ], [ 8612164.854429287835956, 3298713.630481090862304 ], [ 8612100.668499788269401, 3298751.831774480175227 ], [ 8612040.166958993300796, 3298789.8391526741907 ], [ 8611994.402973007410765, 3298839.48144255625084 ], [ 8611993.433397030457854, 3299112.12620653398335 ] ] ] ] } },
{ "type": "Feature", "properties": { "SECTOR_NO": "98", "LANDUSE_DE": "RESIDENTIAL", "ZONE": "NON-CONFORMING", "TOTAL_INDU": 0, "RED": 0, "GREEN": 0, "ORANGE": 0, "WHITE": 0, "SEC(IN HAC": 51.858903676399997, "IND(IN HAC": 0.0, "AREA(%AGE)": 0.0, "AREA(sqmtr": 399697.1 }, "geometry": { "type": "MultiPolygon", "coordinates": [ [ [ [ 8613610.912356616929173, 3301579.438507550396025 ], [ 8613963.579457672312856, 3301550.480505116749555 ], [ 8614179.730261543765664, 3301519.454073940403759 ], [ 8614422.770639108493924, 3301479.119713406078517 ], [ 8615046.401905780658126, 3301386.04041987657547 ], [ 8614905.748751107603312, 3300713.283970498479903 ], [ 8614394.071190267801285, 3301049.66219518892467 ], [ 8614215.152103804051876, 3301157.220489937346429 ], [ 8613610.912356616929173, 3301579.438507550396025 ] ] ] ] } },
{ "type": "Feature", "properties": { "SECTOR_NO": "98", "LANDUSE_DE": "RESIDENTIAL", "ZONE": "NON-CONFORMING", "TOTAL_INDU": 0, "RED": 0, "GREEN": 0, "ORANGE": 0, "WHITE": 0, "SEC(IN HAC": 131.71536424799999, "IND(IN HAC": 0.0, "AREA(%AGE)": 0.0, "AREA(sqmtr": 1015285.0 }, "geometry": { "type": "MultiPolygon", "coordinates": [ [ [ [ 8613585.315550908446312, 3301540.94634135812521 ], [ 8613880.325200673192739, 3301328.124415008816868 ], [ 8614320.900523403659463, 3301046.818105662707239 ], [ 8614896.440821753814816, 3300656.402180007193238 ], [ 8614648.229372331872582, 3299488.515599748119712 ], [ 8614328.65713119879365, 3299561.944820200558752 ], [ 8614324.520273702219129, 3299762.840962079353631 ], [ 8614269.706911955028772, 3299985.197052188683301 ], [ 8614186.194101372733712, 3300089.911257414147258 ], [ 8614107.593809057027102, 3300196.693891385570168 ], [ 8614017.875712228938937, 3300314.852883454877883 ], [ 8613808.964408967643976, 3300478.517307919915766 ], [ 8613707.869954043999314, 3300559.444582573603839 ], [ 8613610.136695846915245, 3300689.443174585234374 ], [ 8613585.315550908446312, 3301540.94634135812521 ] ] ] ] } },
{ "type": "Feature", "properties": { "SECTOR_NO": "98", "LANDUSE_DE": "RESIDENTIAL", "ZONE": "NON-CONFORMING", "TOTAL_INDU": 0, "RED": 0, "GREEN": 0, "ORANGE": 0, "WHITE": 0, "SEC(IN HAC": 80.383570131799999, "IND(IN HAC": 0.0, "AREA(%AGE)": 0.0, "AREA(sqmtr": 619783.2 }, "geometry": { "type": "MultiPolygon", "coordinates": [ [ [ [ 8614335.161503229290247, 3299497.834753357805312 ], [ 8614635.560246270149946, 3299426.979844579938799 ], [ 8614574.541598282754421, 3299127.574783710297197 ], [ 8614496.975520342588425, 3298756.550377538893372 ], [ 8614427.941710971295834, 3298462.316388536244631 ], [ 8614315.761770689859986, 3297997.307751265820116 ], [ 8613775.90186819434166, 3297991.10246503399685 ], [ 8613729.221815196797252, 3298763.681740030180663 ], [ 8614150.159627458080649, 3299022.450186513364315 ], [ 8614321.110727855935693, 3299340.934428340755403 ], [ 8614335.161503229290247, 3299497.834753357805312 ] ] ] ] } },
{ "type": "Feature", "properties": { "SECTOR_NO": "96", "LANDUSE_DE": "RESIDENTIAL", "ZONE": "NON-CONFORMING", "TOTAL_INDU": 0, "RED": 0, "GREEN": 0, "ORANGE": 0, "WHITE": 0, "SEC(IN HAC": 192.801138885, "IND(IN HAC": 0.0, "AREA(%AGE)": 0.0, "AREA(sqmtr": 1486257.0 }, "geometry": { "type": "MultiPolygon", "coordinates": [ [ [ [ 8617545.06382998265326, 3299099.650995653588325 ], [ 8617656.758982226252556, 3299099.650995653588325 ], [ 8617651.587910363450646, 3299185.490788578987122 ], [ 8617679.511698422953486, 3299187.559217323549092 ], [ 8617677.443269675597548, 3299551.602676476817578 ], [ 8617263.757520638406277, 3299539.192104009911418 ], [ 8617274.099664364010096, 3299189.627646070439368 ], [ 8617098.283221008256078, 3299283.999707571230829 ], [ 8616820.338108373805881, 3299485.930063819978386 ], [ 8616509.556689409539104, 3299675.708401192445308 ], [ 8616451.640684546902776, 3299880.74140056129545 ], [ 8616357.527176639065146, 3300183.249104546383023 ], [ 8616313.055958615615964, 3300360.358315854333341 ], [ 8616246.866238767281175, 3300544.965581363067031 ], [ 8616217.908236335963011, 3300673.208163562696427 ], [ 8616177.573875803500414, 3300788.264512517489493 ], [ 8616174.471232689917088, 3301031.304890078026801 ], [ 8616226.181951317936182, 3301025.099603842478245 ], [ 8616416.477395871654153, 3300964.080955859273672 ], [ 8616514.727761270478368, 3300942.362454034388065 ], [ 8616775.866890355944633, 3300888.58330665808171 ], [ 8616843.866485353559256, 3300816.705407763365656 ], [ 8616955.561637597158551, 3300720.523471110034734 ], [ 8617131.119527345523238, 3300602.364479041192681 ], [ 8617265.308842189610004, 3300490.410773206502199 ], [ 8617438.022642409428954, 3300371.47612035786733 ], [ 8617653.914892695844173, 3300204.450499184429646 ], [ 8617840.073479760438204, 3300060.694701394531876 ], [ 8617948.665988883003592, 3299997.349071072414517 ], [ 8617954.871275117620826, 3299290.463547399733216 ], [ 8617968.316061960533261, 3299108.441817822400481 ], [ 8618005.547779373824596, 3298933.659588853828609 ], [ 8618070.703284852206707, 3298729.919357451144606 ], [ 8617620.820032769814134, 3299072.76142196636647 ], [ 8617545.06382998265326, 3299099.650995653588325 ] ] ] ] } },
{ "type": "Feature", "properties": { "SECTOR_NO": "96", "LANDUSE_DE": "RESIDENTIAL", "ZONE": "NON-CONFORMING", "TOTAL_INDU": 0, "RED": 0, "GREEN": 0, "ORANGE": 0, "WHITE": 0, "SEC(IN HAC": 105.609283534, "IND(IN HAC": 0.0, "AREA(%AGE)": 0.0, "AREA(sqmtr": 814272.6 }, "geometry": { "type": "MultiPolygon", "coordinates": [ [ [ [ 8616799.912374515086412, 3299452.059543116018176 ], [ 8617054.329110169783235, 3299258.402901847846806 ], [ 8617253.932484082877636, 3299139.2096954039298 ], [ 8617388.380352525040507, 3299081.293690542224795 ], [ 8617454.570072367787361, 3299060.609403088223189 ], [ 8617540.409865293651819, 3299052.335688108578324 ], [ 8617605.30681717582047, 3299025.187560825608671 ], [ 8617714.933540672063828, 3298912.45819421345368 ], [ 8617870.065696561709046, 3298819.120347085408866 ], [ 8618099.402733681723475, 3298658.558565738145262 ], [ 8618123.18966425023973, 3298558.75687878485769 ], [ 8618124.223878627642989, 3298246.424138258211315 ], [ 8617062.602825151756406, 3298222.637207688298076 ], [ 8616774.05701519921422, 3298952.275447558611631 ], [ 8616758.802353207021952, 3299020.792149742599577 ], [ 8616634.696628490462899, 3299320.972871389240026 ], [ 8616566.438479898497462, 3299492.91101083625108 ], [ 8616799.912374515086412, 3299452.059543116018176 ] ] ] ] } },
{ "type": "Feature", "properties": { "SECTOR_NO": "94-A", "LANDUSE_DE": "RESIDENTIAL", "ZONE": "NON-CONFORMING", "TOTAL_INDU": 0, "RED": 0, "GREEN": 0, "ORANGE": 0, "WHITE": 0, "SEC(IN HAC": 84.578018551200003, "IND(IN HAC": 0.0, "AREA(%AGE)": 0.0, "AREA(sqmtr": 651933.3 }, "geometry": { "type": "MultiPolygon", "coordinates": [ [ [ [ 8615362.612950187176466, 3301258.573498457670212 ], [ 8615398.810453228652477, 3301232.718139140866697 ], [ 8615588.071683412417769, 3301158.25470431568101 ], [ 8615694.595763793215156, 3301116.886129410006106 ], [ 8615894.199137700721622, 3301068.278053900226951 ], [ 8616025.544363021850586, 3301042.422694581560791 ], [ 8616114.486799068748951, 3301031.046336486004293 ], [ 8616114.486799068748951, 3300762.15059960866347 ], [ 8616169.300160815939307, 3300581.163084405474365 ], [ 8616238.333970183506608, 3300343.035225112456828 ], [ 8616331.413263721391559, 3300041.561735500581563 ], [ 8615958.578982397913933, 3300029.151163028553128 ], [ 8615748.633464759215713, 3300159.46217397833243 ], [ 8615727.94917730987072, 3300190.488605153746903 ], [ 8615208.773562265560031, 3300509.285185508430004 ], [ 8615362.612950187176466, 3301258.573498457670212 ] ] ] ] } },
{ "type": "Feature", "properties": { "SECTOR_NO": "94-A", "LANDUSE_DE": "RESIDENTIAL", "ZONE": "NON-CONFORMING", "TOTAL_INDU": 0, "RED": 0, "GREEN": 0, "ORANGE": 0, "WHITE": 0, "SEC(IN HAC": 17.7229974786, "IND(IN HAC": 0.0, "AREA(%AGE)": 0.0, "AREA(sqmtr": 136618.6 }, "geometry": { "type": "MultiPolygon", "coordinates": [ [ [ [ 8615198.948525721207261, 3300465.331074673682451 ], [ 8615734.413017140701413, 3300131.538385918363929 ], [ 8615742.686732115224004, 3300107.751455347519368 ], [ 8615886.442529909312725, 3300028.116948657669127 ], [ 8615102.76658907532692, 3300013.6379474401474 ], [ 8615198.948525721207261, 3300465.331074673682451 ] ] ] ] } },
{ "type": "Feature", "properties": { "SECTOR_NO": "97", "LANDUSE_DE": "RESIDENTIAL", "ZONE": "NON-CONFORMING", "TOTAL_INDU": 1, "RED": 0, "GREEN": 1, "ORANGE": 0, "WHITE": 0, "SEC(IN HAC": 305.825, "IND(IN HAC": 0.123064, "AREA(%AGE)": 0.04, "AREA(sqmtr": 23916.9 }, "geometry": { "type": "MultiPolygon", "coordinates": [ [ [ [ 8616084.236028665676713, 3299958.307478507049382 ], [ 8616353.131765546277165, 3299966.581193489488214 ], [ 8616424.492557251825929, 3299738.019817145075649 ], [ 8616084.236028665676713, 3299958.307478507049382 ] ] ] ] } },
{ "type": "Feature", "properties": { "SECTOR_NO": "97", "LANDUSE_DE": "RESIDENTIAL", "ZONE": "NON-CONFORMING", "TOTAL_INDU": 1, "RED": 0, "GREEN": 1, "ORANGE": 0, "WHITE": 0, "SEC(IN HAC": 305.825, "IND(IN HAC": 0.123064, "AREA(%AGE)": 0.04, "AREA(sqmtr": 2333967.0 }, "geometry": { "type": "MultiPolygon", "coordinates": [ [ [ [ 8615994.259378246963024, 3299961.410121628083289 ], [ 8616447.245273448526859, 3299664.590596689842641 ], [ 8616719.243653444573283, 3298903.150264863856137 ], [ 8616936.428671693429351, 3298365.358791112434119 ], [ 8616986.070961572229862, 3298222.637207691557705 ], [ 8616830.938805682584643, 3298213.329278338700533 ], [ 8616534.636387955397367, 3298387.077292932663113 ], [ 8616460.431506702676415, 3298205.572670546825975 ], [ 8614701.23285891674459, 3298172.994917809963226 ], [ 8614960.820666439831257, 3299364.409875043667853 ], [ 8615084.926391148939729, 3299947.18967400258407 ], [ 8615994.259378246963024, 3299961.410121628083289 ] ] ] ] } },
{ "type": "Feature", "properties": { "SECTOR_NO": "99", "LANDUSE_DE": "RESIDENTIAL", "ZONE": "NON-CONFORMING", "TOTAL_INDU": 2, "RED": 0, "GREEN": 0, "ORANGE": 2, "WHITE": 0, "SEC(IN HAC": 181.215435732, "IND(IN HAC": 0.534715, "AREA(%AGE)": 0.3, "AREA(sqmtr": 1397564.0 }, "geometry": { "type": "MultiPolygon", "coordinates": [ [ [ [ 8614589.796260273084044, 3297739.659095692913979 ], [ 8615706.747782681137323, 3297762.41181188961491 ], [ 8615710.884640166535974, 3297346.39908051257953 ], [ 8615575.402557360008359, 3297192.042585399933159 ], [ 8615713.987283285707235, 3297059.404592113569379 ], [ 8615704.679353933781385, 3296756.89688813034445 ], [ 8616091.475529287010431, 3296772.410103717818856 ], [ 8616091.475529287010431, 3296420.518663441762328 ], [ 8614302.543218286707997, 3296386.38958914577961 ], [ 8614452.504302315413952, 3297057.594716964755207 ], [ 8614589.796260273084044, 3297739.659095692913979 ] ] ] ] } },
{ "type": "Feature", "properties": { "SECTOR_NO": "103", "LANDUSE_DE": "RESIDENTIAL", "ZONE": "NON-CONFORMING", "TOTAL_INDU": 3, "RED": 0, "GREEN": 0, "ORANGE": 3, "WHITE": 0, "SEC(IN HAC": 207.72199464900001, "IND(IN HAC": 1.04783, "AREA(%AGE)": 0.5, "AREA(sqmtr": 1602320.0 }, "geometry": { "type": "MultiPolygon", "coordinates": [ [ [ [ 8615211.617651805281639, 3296329.507798652630299 ], [ 8616992.534801425412297, 3296370.876373558305204 ], [ 8616985.295300813391805, 3295727.077926612459123 ], [ 8616768.110282571986318, 3295862.560009422712028 ], [ 8616779.745194263756275, 3296277.797080023679882 ], [ 8616208.341753398999572, 3296266.420721926726401 ], [ 8616205.2391102835536, 3296094.741136072203517 ], [ 8616172.144250357523561, 3296075.091062994673848 ], [ 8616170.075821613892913, 3295671.747457679826766 ], [ 8616527.913994535803795, 3295486.623084984254092 ], [ 8616632.369646163657308, 3295628.31045403284952 ], [ 8616671.669792324304581, 3295702.773888857103884 ], [ 8616684.080364797264338, 3295758.621464978903532 ], [ 8616717.175224719569087, 3295758.621464978903532 ], [ 8616749.235870270058513, 3295741.03982064453885 ], [ 8616771.988586466759443, 3295744.142463760450482 ], [ 8616767.851728975772858, 3295863.594223796855658 ], [ 8616985.295300813391805, 3295727.336480205878615 ], [ 8616985.413967180997133, 3294983.122091236524284 ], [ 8615207.151494801044464, 3294938.827021868433803 ], [ 8615211.617651805281639, 3296329.507798652630299 ] ] ] ] } },
{ "type": "Feature", "properties": { "SECTOR_NO": "107", "LANDUSE_DE": "RESIDENTIAL", "ZONE": "NON-CONFORMING", "TOTAL_INDU": 0, "RED": 0, "GREEN": 0, "ORANGE": 0, "WHITE": 0, "SEC(IN HAC": 154.94553918899999, "IND(IN HAC": 0.0, "AREA(%AGE)": 0.0, "AREA(sqmtr": 1195794.0 }, "geometry": { "type": "MultiPolygon", "coordinates": [ [ [ [ 8616718.46799268014729, 3293089.055615706369281 ], [ 8617927.98170144110918, 3293118.013618140481412 ], [ 8617872.134125316515565, 3291469.475908215623349 ], [ 8616719.760760653764009, 3291450.860049507580698 ], [ 8616717.692331904545426, 3292497.743548171129078 ], [ 8616856.21241944283247, 3292385.72520391875878 ], [ 8616854.402544291689992, 3291867.066696061752737 ], [ 8617553.531460165977478, 3291883.614126023836434 ], [ 8617554.565674537792802, 3292338.151342780329287 ], [ 8617329.106941314414144, 3292441.572780039161444 ], [ 8617154.324712339788675, 3292489.146641179919243 ], [ 8617033.58018434420228, 3292478.804497455712408 ], [ 8616856.21241944283247, 3292385.72520391875878 ], [ 8616717.821608703583479, 3292497.484994578640908 ], [ 8616718.46799268014729, 3293089.055615706369281 ] ] ] ] } },
{ "type": "Feature", "properties": { "SECTOR_NO": "101", "LANDUSE_DE": "RESIDENTIAL", "ZONE": "NON-CONFORMING", "TOTAL_INDU": 0, "RED": 0, "GREEN": 0, "ORANGE": 0, "WHITE": 0, "SEC(IN HAC": 119.205790045, "IND(IN HAC": 0.0, "AREA(%AGE)": 0.0, "AREA(sqmtr": 919315.8 }, "geometry": { "type": "MultiPolygon", "coordinates": [ [ [ [ 8618065.532212978228927, 3296691.482829057611525 ], [ 8617879.373625909909606, 3296680.106470959726721 ], [ 8617875.23676841892302, 3296462.404345529619604 ], [ 8617059.629458859562874, 3296444.564147610682994 ], [ 8617057.302476519718766, 3296996.576068984810263 ], [ 8617177.400620527565479, 3296999.937265696004033 ], [ 8617460.775358617305756, 3296774.478532468900084 ], [ 8617636.591801961883903, 3296958.568690790329129 ], [ 8617715.192094279453158, 3297097.153416719287634 ], [ 8617560.05993838980794, 3297192.301139000337571 ], [ 8617543.512508425861597, 3297171.616851545870304 ], [ 8617359.422350104898214, 3297264.696145080029964 ], [ 8617177.400620527565479, 3296999.937265696004033 ], [ 8617057.431753318756819, 3296996.317515392787755 ], [ 8617061.568610804155469, 3297788.525724804960191 ], [ 8618107.676448691636324, 3297812.312655372079462 ], [ 8618065.532212978228927, 3296691.482829057611525 ] ] ] ] } },
{ "type": "Feature", "properties": { "SECTOR_NO": "111", "LANDUSE_DE": "RESIDENTIAL", "ZONE": "NON-CONFORMING", "TOTAL_INDU": 0, "RED": 0, "GREEN": 0, "ORANGE": 0, "WHITE": 0, "SEC(IN HAC": 113.523319454, "IND(IN HAC": 0.0, "AREA(%AGE)": 0.0, "AREA(sqmtr": 876349.3 }, "geometry": { "type": "MultiPolygon", "coordinates": [ [ [ [ 8615448.064912755042315, 3290055.446307281963527 ], [ 8615442.89384088665247, 3290998.132707906886935 ], [ 8616643.616727478802204, 3291009.509066004771739 ], [ 8616654.993085574358702, 3290066.305558196268976 ], [ 8615448.064912755042315, 3290055.446307281963527 ] ] ] ] } },
{ "type": "Feature", "properties": { "SECTOR_NO": "114", "LANDUSE_DE": "RESIDENTIAL", "ZONE": "NON-CONFORMING", "TOTAL_INDU": 0, "RED": 0, "GREEN": 0, "ORANGE": 0, "WHITE": 0, "SEC(IN HAC": 218.01499532, "IND(IN HAC": 0.0, "AREA(%AGE)": 0.0, "AREA(sqmtr": 1683430.0 }, "geometry": { "type": "MultiPolygon", "coordinates": [ [ [ [ 8615443.928055264055729, 3289676.406739723403007 ], [ 8615988.95902962051332, 3289605.045948014128953 ], [ 8616282.158804250881076, 3289567.814230600371957 ], [ 8616651.373335270211101, 3289567.814230600371957 ], [ 8616655.510192755609751, 3287800.34186782874167 ], [ 8615449.616234306246042, 3287796.205010338686407 ], [ 8615443.928055264055729, 3289676.406739723403007 ] ] ] ] } },
{ "type": "Feature", "properties": { "SECTOR_NO": "110", "LANDUSE_DE": "RESIDENTIAL", "ZONE": "NON-CONFORMING", "TOTAL_INDU": 1, "RED": 0, "GREEN": 1, "ORANGE": 0, "WHITE": 0, "SEC(IN HAC": 203.60683551100001, "IND(IN HAC": 0.028049, "AREA(%AGE)": 0.01, "AREA(sqmtr": 1571920.0 }, "geometry": { "type": "MultiPolygon", "coordinates": [ [ [ [ 8614072.090342214331031, 3290640.359665169380605 ], [ 8615372.796597959473729, 3290658.815944073721766 ], [ 8615378.255442595109344, 3288940.046106434892863 ], [ 8614088.590119961649179, 3288935.909248944371939 ], [ 8614087.555905591696501, 3289406.476788477040827 ], [ 8614141.981436951085925, 3289439.313094803132117 ], [ 8614497.751181125640869, 3289426.902522331103683 ], [ 8614568.077758459374309, 3289600.650536929257214 ], [ 8614578.419902188703418, 3289662.703399285208434 ], [ 8614675.636053211987019, 3289660.634970540646464 ], [ 8614685.978196935728192, 3289921.256992434151471 ], [ 8614379.850742653012276, 3289921.256992434151471 ], [ 8614344.687453983351588, 3289803.356553961057216 ], [ 8614321.934737781062722, 3289813.698697684332728 ], [ 8614270.224019153043628, 3289724.756261642556638 ], [ 8614239.197587978094816, 3289743.372120348270983 ], [ 8614141.981436951085925, 3289439.313094803132117 ], [ 8614087.555905591696501, 3289406.21823488175869 ], [ 8614081.092065760865808, 3289455.601971175055951 ], [ 8614072.090342214331031, 3290640.359665169380605 ] ] ] ] } },
{ "type": "Feature", "properties": { "SECTOR_NO": "115", "LANDUSE_DE": "RESIDENTIAL", "ZONE": "NON-CONFORMING", "TOTAL_INDU": 0, "RED": 0, "GREEN": 0, "ORANGE": 0, "WHITE": 0, "SEC(IN HAC": 138.321893907, "IND(IN HAC": 0.0, "AREA(%AGE)": 0.0, "AREA(sqmtr": 1068127.0 }, "geometry": { "type": "MultiPolygon", "coordinates": [ [ [ [ 8614084.19470888748765, 3288879.544565634801984 ], [ 8615376.445567447692156, 3288882.647208755370229 ], [ 8615377.47978181950748, 3287936.341057825833559 ], [ 8614881.315436566248536, 3287936.341057825833559 ], [ 8614781.255196020007133, 3287912.554127257317305 ], [ 8614715.065476169809699, 3287885.664553568698466 ], [ 8614639.567826967686415, 3287841.19333554757759 ], [ 8614556.055016385391355, 3287754.31932824710384 ], [ 8614492.967939656227827, 3287681.665768575854599 ], [ 8614426.002559030428529, 3287599.962833137251437 ], [ 8614396.010342229157686, 3287561.696901351213455 ], [ 8614327.752193637192249, 3287513.864486617036164 ], [ 8614258.459830667823553, 3287483.872269814368337 ], [ 8614165.380537137389183, 3287468.35905422270298 ], [ 8614081.609172958880663, 3287466.290625477209687 ], [ 8614082.643387330695987, 3287551.096204032655805 ], [ 8614322.581121768802404, 3287550.061989661306143 ], [ 8614341.196980476379395, 3287563.506776503752917 ], [ 8614340.162766104564071, 3287721.741575511172414 ], [ 8614080.574958587065339, 3287721.741575511172414 ], [ 8614084.19470888748765, 3288879.544565634801984 ] ] ] ] } },
{ "type": "Feature", "properties": { "SECTOR_NO": "112", "LANDUSE_DE": "RESIDENTIAL", "ZONE": "NON-CONFORMING", "TOTAL_INDU": 0, "RED": 0, "GREEN": 0, "ORANGE": 0, "WHITE": 0, "SEC(IN HAC": 170.00579181000001, "IND(IN HAC": 0.0, "AREA(%AGE)": 0.0, "AREA(sqmtr": 1312399.0 }, "geometry": { "type": "MultiPolygon", "coordinates": [ [ [ [ 8616716.141010330989957, 3291153.84660938475281 ], [ 8617873.039062878116965, 3291171.298976923339069 ], [ 8617877.305197166278958, 3289543.187000857666135 ], [ 8617129.374290579929948, 3289533.879071506671607 ], [ 8616843.155462965369225, 3289633.939312054775655 ], [ 8616722.540211761370301, 3289640.144598288927227 ], [ 8616722.540211755782366, 3290055.898776075802743 ], [ 8616928.865979094058275, 3290071.411991664674133 ], [ 8617341.517513763159513, 3290069.86067010415718 ], [ 8617341.517513763159513, 3290399.516501372214407 ], [ 8617217.411789046600461, 3290486.390508670825511 ], [ 8617029.701880421489477, 3290480.185222435276955 ], [ 8617018.842629505321383, 3290377.797999547794461 ], [ 8616925.763335974887013, 3290266.102847307454795 ], [ 8616927.314657537266612, 3290071.024161273147911 ], [ 8616722.249338971450925, 3290055.7048608828336 ], [ 8616716.141010330989957, 3291153.84660938475281 ] ] ] ] } },
{ "type": "Feature", "properties": { "SECTOR_NO": "113", "LANDUSE_DE": "RESIDENTIAL", "ZONE": "NON-CONFORMING", "TOTAL_INDU": 0, "RED": 0, "GREEN": 0, "ORANGE": 0, "WHITE": 0, "SEC(IN HAC": 158.229467879, "IND(IN HAC": 0.0, "AREA(%AGE)": 0.0, "AREA(sqmtr": 1221810.0 }, "geometry": { "type": "MultiPolygon", "coordinates": [ [ [ [ 8616720.698017403483391, 3289561.608944369014353 ], [ 8616838.59845588169992, 3289563.160265929531306 ], [ 8617110.079728685319424, 3289466.978329276200384 ], [ 8617875.269087618216872, 3289478.61324096750468 ], [ 8617876.917366800829768, 3287800.600421421695501 ], [ 8616726.353877279907465, 3287801.634635795839131 ], [ 8616724.964151686057448, 3288575.744093689601868 ], [ 8616771.891628857702017, 3288592.032970057334751 ], [ 8617151.965410785749555, 3288590.481648498214781 ], [ 8617420.344040475785732, 3288835.590454804245383 ], [ 8617412.587432680651546, 3289204.029325041919947 ], [ 8616765.686342617496848, 3289205.5806466024369 ], [ 8616771.891628857702017, 3288592.032970057334751 ], [ 8616724.188490910455585, 3288575.356263297144324 ], [ 8616720.698017403483391, 3289561.608944369014353 ] ] ] ] } },
{ "type": "Feature", "properties": { "SECTOR_NO": "132", "LANDUSE_DE": "TRANSPORT AND COMMUNICATION", "ZONE": "NON-CONFORMING", "TOTAL_INDU": 2, "RED": 0, "GREEN": 1, "ORANGE": 1, "WHITE": 0, "SEC(IN HAC": 145.17404791300001, "IND(IN HAC": 0.748682, "AREA(%AGE)": 0.52, "AREA(sqmtr": 1122178.0 }, "geometry": { "type": "MultiPolygon", "coordinates": [ [ [ [ 8616663.238385204225779, 3280623.007361976895481 ], [ 8616677.256815114989877, 3282080.924072864465415 ], [ 8617840.786497838795185, 3282078.120386879425496 ], [ 8617839.38465484790504, 3281874.853153150994331 ], [ 8617836.580968862399459, 3281589.578104435000569 ], [ 8617808.894569789990783, 3281429.417542684823275 ], [ 8617754.222693124786019, 3281282.224028606433421 ], [ 8617649.084468787536025, 3281081.410020111128688 ], [ 8617489.624828532338142, 3280898.819970504380763 ], [ 8617360.655273342505097, 3280803.494647100102156 ], [ 8617108.673995666205883, 3280676.978317138273269 ], [ 8616889.986489031463861, 3280629.31565543776378 ], [ 8616663.238385204225779, 3280623.007361976895481 ] ] ] ] } },
{ "type": "Feature", "properties": { "SECTOR_NO": "67", "LANDUSE_DE": "TRANSPORT AND COMMUNICATION", "ZONE": "NON-CONFORMING", "TOTAL_INDU": 0, "RED": 0, "GREEN": 0, "ORANGE": 0, "WHITE": 0, "SEC(IN HAC": 54.853297466900003, "IND(IN HAC": 0.0, "AREA(%AGE)": 0.0, "AREA(sqmtr": 423600.8 }, "geometry": { "type": "MultiPolygon", "coordinates": [ [ [ [ 8611396.102005055174232, 3288507.212231119628996 ], [ 8611549.14754550345242, 3288504.181626357603818 ], [ 8611685.053541451692581, 3288410.08981693489477 ], [ 8611797.45974444784224, 3288283.632838561665267 ], [ 8612108.918598586693406, 3287953.43961725756526 ], [ 8612029.297538133338094, 3287845.717006052844226 ], [ 8611912.207743341103196, 3287735.652598951477557 ], [ 8611738.914847057312727, 3287609.19562057685107 ], [ 8611612.457868682220578, 3287567.043294454924762 ], [ 8611434.481380600482225, 3287548.30892728548497 ], [ 8611196.460916409268975, 3287549.919952147174627 ], [ 8611396.102005055174232, 3288507.212231119628996 ] ] ] ] } },
{ "type": "Feature", "properties": { "SECTOR_NO": "67", "LANDUSE_DE": "TRANSPORT AND COMMUNICATION", "ZONE": "NON-CONFORMING", "TOTAL_INDU": 0, "RED": 0, "GREEN": 0, "ORANGE": 0, "WHITE": 0, "SEC(IN HAC": 20.650387715000001, "IND(IN HAC": 0.0, "AREA(%AGE)": 0.0, "AREA(sqmtr": 159463.7 }, "geometry": { "type": "MultiPolygon", "coordinates": [ [ [ [ 8611623.018536558374763, 3288513.273440642748028 ], [ 8612357.940191173925996, 3288508.727533501107246 ], [ 8612300.360413070768118, 3288288.316430354956537 ], [ 8612259.378984889015555, 3288180.593819146975875 ], [ 8612131.751108570024371, 3287972.173984423745424 ], [ 8611792.190703684464097, 3288333.98145032254979 ], [ 8611727.574400825425982, 3288439.023623989894986 ], [ 8611623.018536558374763, 3288513.273440642748028 ] ] ] ] } },
{ "type": "Feature", "properties": { "SECTOR_NO": "148", "LANDUSE_DE": "VILLAGE ABADI", "ZONE": "NON-CONFORMING", "TOTAL_INDU": 0, "RED": 0, "GREEN": 0, "ORANGE": 0, "WHITE": 0, "SEC(IN HAC": 70.2493488633, "IND(IN HAC": 0.0, "AREA(%AGE)": 0.0, "AREA(sqmtr": 542668.6 }, "geometry": { "type": "MultiPolygon", "coordinates": [ [ [ [ 8601029.038040963932872, 3286435.903979157097638 ], [ 8601208.767116252332926, 3286243.889635983388871 ], [ 8601129.624760989099741, 3285919.128169853240252 ], [ 8601089.315356219187379, 3285536.583962686825544 ], [ 8600627.152567839249969, 3285362.671360907610506 ], [ 8600480.655854040756822, 3285334.064128608908504 ], [ 8600338.542506478726864, 3285408.350651198066771 ], [ 8600162.285042949020863, 3285527.855057096574455 ], [ 8600201.043228646740317, 3285832.383659007493407 ], [ 8600512.723638631403446, 3286072.315284753683954 ], [ 8601029.038040963932872, 3286435.903979157097638 ] ] ] ] } },
{ "type": "Feature", "properties": { "SECTOR_NO": "133", "LANDUSE_DE": "VILLAGE ABADI", "ZONE": "NON-CONFORMING", "TOTAL_INDU": 0, "RED": 0, "GREEN": 0, "ORANGE": 0, "WHITE": 0, "SEC(IN HAC": 43.329898334200003, "IND(IN HAC": 0.0, "AREA(%AGE)": 0.0, "AREA(sqmtr": 334937.8 }, "geometry": { "type": "MultiPolygon", "coordinates": [ [ [ [ 8615167.470495168119669, 3281840.982642558403313 ], [ 8615700.856955487281084, 3281514.30650596274063 ], [ 8615571.663003165274858, 3281076.431288970634341 ], [ 8615315.120726400986314, 3281089.350684199947864 ], [ 8615292.511784741654992, 3281039.057324185967445 ], [ 8615040.122170737013221, 3281031.674812627024949 ], [ 8614831.566219123080373, 3281197.781322760041803 ], [ 8615017.974636048078537, 3281547.066401014570147 ], [ 8615069.652216980233788, 3281547.066401014570147 ], [ 8615167.470495168119669, 3281840.982642558403313 ] ] ] ] } },
{ "type": "Feature", "properties": { "SECTOR_NO": "158", "LANDUSE_DE": "VILLAGE ABADI", "ZONE": "NON-CONFORMING", "TOTAL_INDU": 0, "RED": 0, "GREEN": 0, "ORANGE": 0, "WHITE": 0, "SEC(IN HAC": 19.0145055588, "IND(IN HAC": 0.0, "AREA(%AGE)": 0.0, "AREA(sqmtr": 146652.6 }, "geometry": { "type": "MultiPolygon", "coordinates": [ [ [ [ 8599985.989128852263093, 3296734.58450855826959 ], [ 8600062.275081653147936, 3296519.261254680808634 ], [ 8600057.35340727865696, 3296446.666557661257684 ], [ 8600095.496383680030704, 3296393.758558134548366 ], [ 8600037.666709784418344, 3296374.994674584362656 ], [ 8599906.011920269578695, 3296253.183233821298927 ], [ 8599769.435456378385425, 3296381.454372200649232 ], [ 8599739.905410135164857, 3296483.579115466214716 ], [ 8599782.970060911029577, 3296524.182929055765271 ], [ 8599677.154061865061522, 3296508.187487339135259 ], [ 8599587.333504531532526, 3296527.874184835702181 ], [ 8599479.056668298318982, 3296645.994369820691645 ], [ 8599651.315271396189928, 3296753.040787460748106 ], [ 8599746.0575031042099, 3296849.013437760062516 ], [ 8599855.564757930114865, 3296850.243856353219599 ], [ 8599862.947269493713975, 3296821.944228700362146 ], [ 8599985.989128852263093, 3296734.58450855826959 ] ] ] ] } },
{ "type": "Feature", "properties": { "SECTOR_NO": "93", "LANDUSE_DE": "VILLAGE ABADI", "ZONE": "NON-CONFORMING", "TOTAL_INDU": 0, "RED": 0, "GREEN": 0, "ORANGE": 0, "WHITE": 0, "SEC(IN HAC": 43.510052894700003, "IND(IN HAC": 0.0, "AREA(%AGE)": 0.0, "AREA(sqmtr": 335274.7 }, "geometry": { "type": "MultiPolygon", "coordinates": [ [ [ [ 8614442.664571009576321, 3303099.00457323808223 ], [ 8614491.842284822836518, 3303148.182287050411105 ], [ 8614578.488732971251011, 3303136.47330757137388 ], [ 8614774.02869026735425, 3303070.903022490441799 ], [ 8614813.839220494031906, 3303068.561226591467857 ], [ 8615079.633054668083787, 3302772.909494750201702 ], [ 8615071.436769029125571, 3302747.149739897809923 ], [ 8615190.868359714746475, 3302722.560882991179824 ], [ 8614939.125300919637084, 3302444.765344854444265 ], [ 8614833.744485607370734, 3302463.499712017830461 ], [ 8614724.850976454094052, 3302318.893815454095602 ], [ 8614594.881304243579507, 3302400.85667180782184 ], [ 8614574.976039124652743, 3302320.064713401254267 ], [ 8614349.431821912527084, 3302402.027569754980505 ], [ 8614359.085479171946645, 3302572.805383451282978 ], [ 8614412.608687993139029, 3302775.824451394379139 ], [ 8614442.664571009576321, 3303099.00457323808223 ] ] ] ] } },
{ "type": "Feature", "properties": { "SECTOR_NO": "138", "LANDUSE_DE": "VILLAGE ABADI", "ZONE": "NON-CONFORMING", "TOTAL_INDU": 0, "RED": 0, "GREEN": 0, "ORANGE": 0, "WHITE": 0, "SEC(IN HAC": 38.002176710199997, "IND(IN HAC": 0.0, "AREA(%AGE)": 0.0, "AREA(sqmtr": 293647.6 }, "geometry": { "type": "MultiPolygon", "coordinates": [ [ [ [ 8608664.40062340348959, 3284177.432200035545975 ], [ 8608657.01811183989048, 3283648.659809439908713 ], [ 8608171.617976671084762, 3283434.566974153276533 ], [ 8608011.048350209370255, 3283918.121481435839087 ], [ 8608221.449929712340236, 3284254.948571430519223 ], [ 8608465.072811242192984, 3284127.600246992427856 ], [ 8608548.126066310331225, 3284245.720431976951659 ], [ 8608664.40062340348959, 3284177.432200035545975 ] ] ] ] } },
{ "type": "Feature", "properties": { "SECTOR_NO": "130", "LANDUSE_DE": "VILLAGE ABADI", "ZONE": "NON-CONFORMING", "TOTAL_INDU": 0, "RED": 0, "GREEN": 0, "ORANGE": 0, "WHITE": 0, "SEC(IN HAC": 51.490435225100001, "IND(IN HAC": 0.0, "AREA(%AGE)": 0.0, "AREA(sqmtr": 397931.3 }, "geometry": { "type": "MultiPolygon", "coordinates": [ [ [ [ 8616627.340598458424211, 3283436.334877639077604 ], [ 8616617.680690387263894, 3282705.987282643094659 ], [ 8616567.332078630104661, 3282675.543935996014625 ], [ 8616388.184692598879337, 3282461.269611531868577 ], [ 8616192.644735302776098, 3282472.978591010440141 ], [ 8616020.815461449325085, 3282503.421937654260546 ], [ 8615872.111422069370747, 3282599.435569383203983 ], [ 8615757.363423174247146, 3282750.481404662132263 ], [ 8615921.289135877043009, 3282931.970586584415287 ], [ 8615867.427830277010798, 3283143.024941693525761 ], [ 8616324.07802995108068, 3283146.830360024701804 ], [ 8616627.340598458424211, 3283436.334877639077604 ] ] ] ] } },
{ "type": "Feature", "properties": { "SECTOR_NO": "128", "LANDUSE_DE": "VILLAGE ABADI", "ZONE": "NON-CONFORMING", "TOTAL_INDU": 0, "RED": 0, "GREEN": 0, "ORANGE": 0, "WHITE": 0, "SEC(IN HAC": 36.625380264599997, "IND(IN HAC": 0.0, "AREA(%AGE)": 0.0, "AREA(sqmtr": 283056.3 }, "geometry": { "type": "MultiPolygon", "coordinates": [ [ [ [ 8612669.705534588545561, 3283074.234687248710543 ], [ 8612846.072037938982248, 3283045.913593146950006 ], [ 8612984.237995788455009, 3282970.976124482695013 ], [ 8613192.657830514013767, 3282968.634328584652394 ], [ 8613176.265259249135852, 3282853.886329692788422 ], [ 8613306.820380436256528, 3282790.072391533758491 ], [ 8613079.666178546845913, 3282382.599905666895211 ], [ 8612949.111057357862592, 3282372.647273109294474 ], [ 8612832.021262565627694, 3282435.875762294046581 ], [ 8612765.719166312366724, 3282483.51667253812775 ], [ 8612702.490677131339908, 3282483.51667253812775 ], [ 8612487.04545471444726, 3282591.239283746108413 ], [ 8612669.705534588545561, 3283074.234687248710543 ] ] ] ] } },
{ "type": "Feature", "properties": { "SECTOR_NO": "139", "LANDUSE_DE": "VILLAGE ABADI", "ZONE": "NON-CONFORMING", "TOTAL_INDU": 0, "RED": 0, "GREEN": 0, "ORANGE": 0, "WHITE": 0, "SEC(IN HAC": 36.968444129200002, "IND(IN HAC": 0.0, "AREA(%AGE)": 0.0, "AREA(sqmtr": 285606.3 }, "geometry": { "type": "MultiPolygon", "coordinates": [ [ [ [ 8609108.621681556105614, 3285304.087723929435015 ], [ 8609439.570280790328979, 3285475.077833534684032 ], [ 8609651.928965300321579, 3285475.077833534684032 ], [ 8609722.255542634055018, 3285397.856493710074574 ], [ 8609730.52925761602819, 3285317.877248896751553 ], [ 8609809.1295499317348, 3285167.571426745969802 ], [ 8609825.676979895681143, 3285112.413326875306666 ], [ 8609657.444775285199285, 3284767.330464547034353 ], [ 8609431.296565808355808, 3284775.604179529007524 ], [ 8609108.621681556105614, 3285081.731633819174021 ], [ 8609108.621681556105614, 3285304.087723929435015 ] ] ] ] } },
{ "type": "Feature", "properties": { "SECTOR_NO": "152", "LANDUSE_DE": "VILLAGE ABADI", "ZONE": "NON-CONFORMING", "TOTAL_INDU": 0, "RED": 0, "GREEN": 0, "ORANGE": 0, "WHITE": 0, "SEC(IN HAC": 36.7980450652, "IND(IN HAC": 0.0, "AREA(%AGE)": 0.0, "AREA(sqmtr": 284131.1 }, "geometry": { "type": "MultiPolygon", "coordinates": [ [ [ [ 8601140.344678774476051, 3289274.436700349673629 ], [ 8601376.145555729046464, 3289177.565287448000163 ], [ 8601611.946432681754231, 3289025.880512800998986 ], [ 8601265.829355979338288, 3288630.121146217454225 ], [ 8601071.397053934633732, 3288612.194763757754117 ], [ 8600930.743899259716272, 3288639.773813695181161 ], [ 8600803.880269553512335, 3288761.121633412316442 ], [ 8600784.574934599921107, 3289093.793923268094659 ], [ 8601140.344678774476051, 3289274.436700349673629 ] ] ] ] } },
{ "type": "Feature", "properties": { "SECTOR_NO": "150", "LANDUSE_DE": "VILLAGE ABADI", "ZONE": "NON-CONFORMING", "TOTAL_INDU": 0, "RED": 0, "GREEN": 0, "ORANGE": 0, "WHITE": 0, "SEC(IN HAC": 34.152070147300002, "IND(IN HAC": 0.0, "AREA(%AGE)": 0.0, "AREA(sqmtr": 263760.9 }, "geometry": { "type": "MultiPolygon", "coordinates": [ [ [ [ 8603818.270427562296391, 3287409.748186546377838 ], [ 8603819.649380063638091, 3287377.342802872415632 ], [ 8603692.785750357434154, 3287264.268698134925216 ], [ 8603472.153350865468383, 3286967.793911321088672 ], [ 8602982.625214504078031, 3287340.800561705138534 ], [ 8603305.30009875074029, 3287772.412693205755204 ], [ 8603818.270427562296391, 3287409.748186546377838 ] ] ] ] } },
{ "type": "Feature", "properties": { "SECTOR_NO": "59", "LANDUSE_DE": "VILLAGE ABADI", "ZONE": "NON-CONFORMING", "TOTAL_INDU": 2, "RED": 0, "GREEN": 2, "ORANGE": 0, "WHITE": 0, "SEC(IN HAC": 11.925, "IND(IN HAC": 0.331337, "AREA(%AGE)": 2.78, "AREA(sqmtr": 28803.75 }, "geometry": { "type": "MultiPolygon", "coordinates": [ [ [ [ 8604742.410994175821543, 3286526.012005072552711 ], [ 8604814.547446668148041, 3286474.04273284971714 ], [ 8604829.28500147908926, 3286394.9253333453089 ], [ 8604831.611983817070723, 3286300.294718250632286 ], [ 8604794.811047773808241, 3286228.732248463202268 ], [ 8604635.369806613773108, 3286235.720958361402154 ], [ 8604635.369806613773108, 3286235.720958361402154 ], [ 8604742.410994175821543, 3286526.012005072552711 ] ] ] ] } },
{ "type": "Feature", "properties": { "SECTOR_NO": "59", "LANDUSE_DE": "VILLAGE ABADI", "ZONE": "NON-CONFORMING", "TOTAL_INDU": 2, "RED": 0, "GREEN": 2, "ORANGE": 0, "WHITE": 0, "SEC(IN HAC": 11.925, "IND(IN HAC": 0.331337, "AREA(%AGE)": 2.78, "AREA(sqmtr": 68012.73 }, "geometry": { "type": "MultiPolygon", "coordinates": [ [ [ [ 8605068.188521547242999, 3287087.202579014468938 ], [ 8605228.072195034474134, 3287094.793136018328369 ], [ 8605239.145962372422218, 3286653.226663248147815 ], [ 8604925.466938130557537, 3286832.785843350924551 ], [ 8605068.188521547242999, 3287087.202579014468938 ] ] ] ] } },
{ "type": "Feature", "properties": { "SECTOR_NO": "127", "LANDUSE_DE": "VILLAGE ABADI", "ZONE": "NON-CONFORMING", "TOTAL_INDU": 0, "RED": 0, "GREEN": 0, "ORANGE": 0, "WHITE": 0, "SEC(IN HAC": 47.618729848699999, "IND(IN HAC": 0.0, "AREA(%AGE)": 0.0, "AREA(sqmtr": 367862.2 }, "geometry": { "type": "MultiPolygon", "coordinates": [ [ [ [ 8616712.596605243161321, 3285258.032541203778237 ], [ 8616718.743819473311305, 3285933.347932650707662 ], [ 8617075.867693578824401, 3285923.980749067850411 ], [ 8617162.514141721650958, 3286034.045156167820096 ], [ 8617389.375619128346443, 3285815.965413374360651 ], [ 8617487.731046747416258, 3285587.640313534066081 ], [ 8617409.280884236097336, 3285510.068324488122016 ], [ 8617409.280884236097336, 3285258.032541203778237 ], [ 8616712.596605243161321, 3285258.032541203778237 ] ] ] ] } },
{ "type": "Feature", "properties": { "SECTOR_NO": "86", "LANDUSE_DE": "VILLAGE ABADI", "ZONE": "NON-CONFORMING", "TOTAL_INDU": 0, "RED": 0, "GREEN": 0, "ORANGE": 0, "WHITE": 0, "SEC(IN HAC": 10.134382709900001, "IND(IN HAC": 0.0, "AREA(%AGE)": 0.0, "AREA(sqmtr": 78131.05 }, "geometry": { "type": "MultiPolygon", "coordinates": [ [ [ [ 8609707.011653628200293, 3299543.016542558092624 ], [ 8609934.538815600797534, 3299544.395495055243373 ], [ 8609989.696915471926332, 3299530.605970086529851 ], [ 8609985.560057980939746, 3299221.720610804390162 ], [ 8609909.717670660465956, 3299121.057078535202891 ], [ 8609697.358986150473356, 3299268.604995693545789 ], [ 8609707.011653628200293, 3299543.016542558092624 ] ] ] ] } },
{ "type": "Feature", "properties": { "SECTOR_NO": "126", "LANDUSE_DE": "VILLAGE ABADI", "ZONE": "NON-CONFORMING", "TOTAL_INDU": 2, "RED": 0, "GREEN": 2, "ORANGE": 0, "WHITE": 0, "SEC(IN HAC": 35.89758501, "IND(IN HAC": 0.292116, "AREA(%AGE)": 0.81, "AREA(sqmtr": 277364.1 }, "geometry": { "type": "MultiPolygon", "coordinates": [ [ [ [ 8611592.212085841223598, 3284420.733986407518387 ], [ 8611429.49569121748209, 3284020.493024209979922 ], [ 8611159.221001844853163, 3284035.66150167491287 ], [ 8610804.830210166051984, 3284294.904571071267128 ], [ 8610786.903827708214521, 3284292.491404201369733 ], [ 8611145.431476878002286, 3284794.430113037582487 ], [ 8611592.212085841223598, 3284420.733986407518387 ] ] ] ] } },
{ "type": "Feature", "properties": { "SECTOR_NO": "125", "LANDUSE_DE": "VILLAGE ABADI", "ZONE": "NON-CONFORMING", "TOTAL_INDU": 0, "RED": 0, "GREEN": 0, "ORANGE": 0, "WHITE": 0, "SEC(IN HAC": 27.660695348600001, "IND(IN HAC": 0.0, "AREA(%AGE)": 0.0, "AREA(sqmtr": 213715.2 }, "geometry": { "type": "MultiPolygon", "coordinates": [ [ [ [ 8613749.238528959453106, 3284935.083267711102962 ], [ 8613740.620075853541493, 3284311.79673915868625 ], [ 8613598.587968684732914, 3284202.859491911251098 ], [ 8613132.846762891858816, 3284456.931489448063076 ], [ 8613579.282633731141686, 3284939.220125203020871 ], [ 8613619.272256139665842, 3284911.641075265128165 ], [ 8613663.398736033588648, 3284973.693937624804676 ], [ 8613749.238528959453106, 3284935.083267711102962 ] ] ] ] } },
{ "type": "Feature", "properties": { "SECTOR_NO": "105-A", "LANDUSE_DE": "VILLAGE ABADI", "ZONE": "NON-CONFORMING", "TOTAL_INDU": 0, "RED": 0, "GREEN": 0, "ORANGE": 0, "WHITE": 0, "SEC(IN HAC": 25.750176956699999, "IND(IN HAC": 0.0, "AREA(%AGE)": 0.0, "AREA(sqmtr": 198682.0 }, "geometry": { "type": "MultiPolygon", "coordinates": [ [ [ [ 8612693.564208121970296, 3294153.48843948263675 ], [ 8612792.84878789447248, 3294167.967440700158477 ], [ 8613076.223525984212756, 3294155.556868228130043 ], [ 8613158.960675792768598, 3294101.777720853686333 ], [ 8613202.397679438814521, 3293975.603567397687584 ], [ 8613192.055535713210702, 3293859.771557665430009 ], [ 8613096.907813433557749, 3293640.518110674805939 ], [ 8613076.223525984212756, 3293582.602105807512999 ], [ 8613028.649664841592312, 3293504.001813490409404 ], [ 8612989.349518680945039, 3293493.659669764339924 ], [ 8612879.722795186564326, 3293553.64410337433219 ], [ 8612817.669932832941413, 3293599.149535771925002 ], [ 8612753.548641731962562, 3293698.43411553837359 ], [ 8612720.453781811520457, 3293855.634700174909085 ], [ 8612637.716632002964616, 3293936.303421237505972 ], [ 8612641.853489488363266, 3293967.329852414317429 ], [ 8612743.206498002633452, 3294010.766856066416949 ], [ 8612753.548641731962562, 3294074.888147166464478 ], [ 8612693.564208121970296, 3294153.48843948263675 ] ] ] ] } },
{ "type": "Feature", "properties": { "SECTOR_NO": "80", "LANDUSE_DE": "VILLAGE ABADI", "ZONE": "NON-CONFORMING", "TOTAL_INDU": 0, "RED": 0, "GREEN": 0, "ORANGE": 0, "WHITE": 0, "SEC(IN HAC": 20.998553625700001, "IND(IN HAC": 0.0, "AREA(%AGE)": 0.0, "AREA(sqmtr": 161954.3 }, "geometry": { "type": "MultiPolygon", "coordinates": [ [ [ [ 8609607.533158676698804, 3296717.532103552017361 ], [ 8609725.433597149327397, 3296950.488890981767327 ], [ 8609777.144315777346492, 3296990.823251510504633 ], [ 8609841.265606878325343, 3296941.180961626116186 ], [ 8609817.478676315397024, 3296891.280118148773909 ], [ 8609814.376033196225762, 3296838.535185148008168 ], [ 8609889.873682392761111, 3296794.06396712642163 ], [ 8610005.447138531133533, 3296637.639043268747628 ], [ 8610042.678855944424868, 3296674.870760683435947 ], [ 8610145.066078834235668, 3296600.148772264830768 ], [ 8610060.260500278323889, 3296483.282548159360886 ], [ 8610060.260500278323889, 3296422.263900174759328 ], [ 8609982.694422334432602, 3296492.590477511286736 ], [ 8609827.820820039138198, 3296257.565261339768767 ], [ 8609720.262525286525488, 3296345.473483009263873 ], [ 8609634.422732366248965, 3296451.997563388198614 ], [ 8609562.932663867250085, 3296537.061695535667241 ], [ 8609547.419448275119066, 3296630.140989072620869 ], [ 8609607.533158676698804, 3296717.532103552017361 ] ] ] ] } },
{ "type": "Feature", "properties": { "SECTOR_NO": "99", "LANDUSE_DE": "VILLAGE ABADI", "ZONE": "NON-CONFORMING", "TOTAL_INDU": 0, "RED": 0, "GREEN": 0, "ORANGE": 0, "WHITE": 0, "SEC(IN HAC": 35.866738952399999, "IND(IN HAC": 0.0, "AREA(%AGE)": 0.0, "AREA(sqmtr": 276604.1 }, "geometry": { "type": "MultiPolygon", "coordinates": [ [ [ [ 8613378.817414512857795, 3297656.781895997002721 ], [ 8613941.430033205077052, 3297217.930263891816139 ], [ 8613591.176099017262459, 3296707.028363828547299 ], [ 8613230.23528298176825, 3297020.740056849550456 ], [ 8613378.817414512857795, 3297656.781895997002721 ] ] ] ] } },
{ "type": "Feature", "properties": { "SECTOR_NO": "107", "LANDUSE_DE": "VILLAGE ABADI", "ZONE": "NON-CONFORMING", "TOTAL_INDU": 0, "RED": 0, "GREEN": 0, "ORANGE": 0, "WHITE": 0, "SEC(IN HAC": 39.176944734099997, "IND(IN HAC": 0.0, "AREA(%AGE)": 0.0, "AREA(sqmtr": 302355.8 }, "geometry": { "type": "MultiPolygon", "coordinates": [ [ [ [ 8616856.21241944283247, 3292385.72520391875878 ], [ 8616918.782388981431723, 3292420.371385402511805 ], [ 8617033.58018434420228, 3292478.804497455712408 ], [ 8617154.324712339788675, 3292489.146641179919243 ], [ 8617329.106941314414144, 3292441.572780039161444 ], [ 8617554.565674537792802, 3292338.151342780329287 ], [ 8617553.531460165977478, 3291883.614126023836434 ], [ 8616854.402544291689992, 3291867.066696061752737 ], [ 8616856.21241944283247, 3292385.72520391875878 ] ] ] ] } },
{ "type": "Feature", "properties": { "SECTOR_NO": "104", "LANDUSE_DE": "VILLAGE ABADI", "ZONE": "NON-CONFORMING", "TOTAL_INDU": 0, "RED": 0, "GREEN": 0, "ORANGE": 0, "WHITE": 0, "SEC(IN HAC": 27.260813926299999, "IND(IN HAC": 0.0, "AREA(%AGE)": 0.0, "AREA(sqmtr": 210280.6 }, "geometry": { "type": "MultiPolygon", "coordinates": [ [ [ [ 8614209.270009564235806, 3295907.483696215320379 ], [ 8614324.584912113845348, 3296074.638594185933471 ], [ 8614482.302603932097554, 3295966.563192249275744 ], [ 8614536.081751307472587, 3296023.962089930195361 ], [ 8614636.659099040552974, 3295879.947738545946777 ], [ 8614757.662180636078119, 3295651.386362198740244 ], [ 8614500.40135545283556, 3295357.02309639705345 ], [ 8614389.223310394212604, 3295408.733815028797835 ], [ 8614320.965161802247167, 3295446.99974681250751 ], [ 8614146.958593610674143, 3295581.189061658456922 ], [ 8614209.270009564235806, 3295907.483696215320379 ] ] ] ] } },
{ "type": "Feature", "properties": { "SECTOR_NO": "80", "LANDUSE_DE": "VILLAGE ABADI", "ZONE": "NON-CONFORMING", "TOTAL_INDU": 0, "RED": 0, "GREEN": 0, "ORANGE": 0, "WHITE": 0, "SEC(IN HAC": 2.5070013705199998, "IND(IN HAC": 0.0, "AREA(%AGE)": 0.0, "AREA(sqmtr": 19333.0 }, "geometry": { "type": "MultiPolygon", "coordinates": [ [ [ [ 8610059.743393093347549, 3297566.880657049827278 ], [ 8610085.598752403631806, 3297549.169735922012478 ], [ 8610083.530323661863804, 3297437.474583678413182 ], [ 8609934.603454004973173, 3297431.269297444727272 ], [ 8609928.398167772218585, 3297576.059309607371688 ], [ 8609929.303105361759663, 3297610.576214297674596 ], [ 8610002.732325816527009, 3297609.54199992492795 ], [ 8610040.998257605358958, 3297602.302499316632748 ], [ 8610059.743393093347549, 3297566.880657049827278 ] ] ] ] } },
{ "type": "Feature", "properties": { "SECTOR_NO": "92", "LANDUSE_DE": "VILLAGE ABADI", "ZONE": "NON-CONFORMING", "TOTAL_INDU": 0, "RED": 0, "GREEN": 0, "ORANGE": 0, "WHITE": 0, "SEC(IN HAC": 25.1990325963, "IND(IN HAC": 0.0, "AREA(%AGE)": 0.0, "AREA(sqmtr": 194174.7 }, "geometry": { "type": "MultiPolygon", "coordinates": [ [ [ [ 8614367.009247517213225, 3303023.665013545192778 ], [ 8614366.858424596488476, 3302961.34282453591004 ], [ 8614336.090547006577253, 3302740.796609579585493 ], [ 8614288.516685869544744, 3302592.903954296372831 ], [ 8614281.514192713424563, 3302517.934185343328863 ], [ 8614182.22961294837296, 3302393.828460631426424 ], [ 8613766.130697041749954, 3302621.700360726099461 ], [ 8614032.268528921529651, 3302993.328058614395559 ], [ 8614154.995301136747003, 3303111.917973339091986 ], [ 8614367.009247517213225, 3303023.665013545192778 ] ] ] ] } },
{ "type": "Feature", "properties": { "SECTOR_NO": "84-A", "LANDUSE_DE": "VILLAGE ABADI", "ZONE": "NON-CONFORMING", "TOTAL_INDU": 0, "RED": 0, "GREEN": 0, "ORANGE": 0, "WHITE": 0, "SEC(IN HAC": 67.9704962685, "IND(IN HAC": 0.0, "AREA(%AGE)": 0.0, "AREA(sqmtr": 523991.5 }, "geometry": { "type": "MultiPolygon", "coordinates": [ [ [ [ 8613266.424401288852096, 3300457.385621657129377 ], [ 8613381.172400183975697, 3300227.889623869210482 ], [ 8613853.922446645796299, 3299761.579516120720655 ], [ 8613850.995201775804162, 3299399.186601247638464 ], [ 8613558.270714798942208, 3299077.775114553049207 ], [ 8613513.483868293464184, 3299080.702359419781715 ], [ 8613106.01138242892921, 3299458.316947617102414 ], [ 8613060.34636246226728, 3300253.649378723464906 ], [ 8613266.424401288852096, 3300457.385621657129377 ] ] ] ] } },
{ "type": "Feature", "properties": { "SECTOR_NO": "83", "LANDUSE_DE": "VILLAGE ABADI", "ZONE": "NON-CONFORMING", "TOTAL_INDU": 0, "RED": 0, "GREEN": 0, "ORANGE": 0, "WHITE": 0, "SEC(IN HAC": 4.7926207403900003, "IND(IN HAC": 0.0, "AREA(%AGE)": 0.0, "AREA(sqmtr": 36952.05 }, "geometry": { "type": "MultiPolygon", "coordinates": [ [ [ [ 8612580.608607072383165, 3298705.679958102293313 ], [ 8612718.676225813105702, 3298912.005725437309593 ], [ 8612875.35970326513052, 3298803.413216312415898 ], [ 8612754.356621667742729, 3298598.638770539313555 ], [ 8612580.608607072383165, 3298705.679958102293313 ] ] ] ] } },
{ "type": "Feature", "properties": { "SECTOR_NO": "94", "LANDUSE_DE": "VILLAGE ABADI", "ZONE": "NON-CONFORMING", "TOTAL_INDU": 0, "RED": 0, "GREEN": 0, "ORANGE": 0, "WHITE": 0, "SEC(IN HAC": 25.023408504799999, "IND(IN HAC": 0.0, "AREA(%AGE)": 0.0, "AREA(sqmtr": 192860.9 }, "geometry": { "type": "MultiPolygon", "coordinates": [ [ [ [ 8615421.974342182278633, 3301353.488457419443876 ], [ 8615420.803444234654307, 3301435.744038255885243 ], [ 8615576.53287130407989, 3301621.916811971925199 ], [ 8615770.609206167981029, 3301631.283995553851128 ], [ 8615996.592510109767318, 3301509.510608973912895 ], [ 8616049.282917765900493, 3301342.072202425450087 ], [ 8616114.853202845901251, 3301228.495101480279118 ], [ 8616111.384155966341496, 3301080.171519179828465 ], [ 8615770.093413012102246, 3301180.490313324145973 ], [ 8615747.340696815401316, 3301176.353455833625048 ], [ 8615565.318967238068581, 3301235.303675069008023 ], [ 8615405.274293074384332, 3301312.869753015693277 ], [ 8615380.453148135915399, 3301344.930398568045348 ], [ 8615385.676505792886019, 3301382.760906113311648 ], [ 8615421.974342182278633, 3301353.488457419443876 ] ] ] ] } },
{ "type": "Feature", "properties": { "SECTOR_NO": "96", "LANDUSE_DE": "VILLAGE ABADI", "ZONE": "NON-CONFORMING", "TOTAL_INDU": 1, "RED": 0, "GREEN": 1, "ORANGE": 0, "WHITE": 0, "SEC(IN HAC": 17.0415523783, "IND(IN HAC": 0.09577, "AREA(%AGE)": 0.56, "AREA(sqmtr": 131382.3 }, "geometry": { "type": "MultiPolygon", "coordinates": [ [ [ [ 8617263.757520638406277, 3299539.192104009911418 ], [ 8617677.443269675597548, 3299551.602676476817578 ], [ 8617679.511698422953486, 3299187.559217323549092 ], [ 8617651.587910363450646, 3299185.490788578987122 ], [ 8617656.758982226252556, 3299099.650995653588325 ], [ 8617545.06382998265326, 3299099.650995653588325 ], [ 8617400.273817822337151, 3299128.608998086769134 ], [ 8617274.099664364010096, 3299189.627646070439368 ], [ 8617263.757520638406277, 3299539.192104009911418 ] ] ] ] } },
{ "type": "Feature", "properties": { "SECTOR_NO": "97", "LANDUSE_DE": "VILLAGE ABADI", "ZONE": "NON-CONFORMING", "TOTAL_INDU": 1, "RED": 0, "GREEN": 1, "ORANGE": 0, "WHITE": 0, "SEC(IN HAC": 13.2436055708, "IND(IN HAC": 0.169838, "AREA(%AGE)": 1.28, "AREA(sqmtr": 102120.0 }, "geometry": { "type": "MultiPolygon", "coordinates": [ [ [ [ 8616745.616119964048266, 3297943.39932708395645 ], [ 8616548.339728390797973, 3297942.365112711209804 ], [ 8616397.344429990276694, 3298054.060264954343438 ], [ 8616534.636387955397367, 3298387.077292932663113 ], [ 8616885.235060261562467, 3298182.302847155835479 ], [ 8616893.508775243535638, 3298164.72120282240212 ], [ 8616738.376619353890419, 3297968.220472028013319 ], [ 8616745.616119964048266, 3297943.39932708395645 ] ] ] ] } },
{ "type": "Feature", "properties": { "SECTOR_NO": "99", "LANDUSE_DE": "VILLAGE ABADI", "ZONE": "NON-CONFORMING", "TOTAL_INDU": 0, "RED": 0, "GREEN": 0, "ORANGE": 0, "WHITE": 0, "SEC(IN HAC": 9.3240052054600007, "IND(IN HAC": 0.0, "AREA(%AGE)": 0.0, "AREA(sqmtr": 71906.21 }, "geometry": { "type": "MultiPolygon", "coordinates": [ [ [ [ 8615575.402557360008359, 3297192.042585399933159 ], [ 8615710.884640166535974, 3297346.39908051257953 ], [ 8615780.177003147080541, 3297429.653337511233985 ], [ 8615983.917234545573592, 3297295.20546907139942 ], [ 8615885.666869150474668, 3297105.427131698932499 ], [ 8615778.108574397861958, 3296991.663550711702555 ], [ 8615713.987283285707235, 3297059.404592113569379 ], [ 8615575.402557360008359, 3297192.042585399933159 ] ] ] ] } },
{ "type": "Feature", "properties": { "SECTOR_NO": "101", "LANDUSE_DE": "VILLAGE ABADI", "ZONE": "NON-CONFORMING", "TOTAL_INDU": 0, "RED": 0, "GREEN": 0, "ORANGE": 0, "WHITE": 0, "SEC(IN HAC": 14.294767720099999, "IND(IN HAC": 0.0, "AREA(%AGE)": 0.0, "AREA(sqmtr": 110243.5 }, "geometry": { "type": "MultiPolygon", "coordinates": [ [ [ [ 8617177.400620527565479, 3296999.937265696004033 ], [ 8617359.422350104898214, 3297264.696145080029964 ], [ 8617543.512508425861597, 3297171.616851545870304 ], [ 8617560.05993838980794, 3297192.301139000337571 ], [ 8617715.192094279453158, 3297097.153416719287634 ], [ 8617636.591801961883903, 3296958.568690790329129 ], [ 8617460.775358617305756, 3296774.478532468900084 ], [ 8617177.400620527565479, 3296999.937265696004033 ] ] ] ] } },
{ "type": "Feature", "properties": { "SECTOR_NO": "103", "LANDUSE_DE": "VILLAGE ABADI", "ZONE": "NON-CONFORMING", "TOTAL_INDU": 0, "RED": 0, "GREEN": 0, "ORANGE": 0, "WHITE": 0, "SEC(IN HAC": 39.366845417299999, "IND(IN HAC": 0.0, "AREA(%AGE)": 0.0, "AREA(sqmtr": 303652.7 }, "geometry": { "type": "MultiPolygon", "coordinates": [ [ [ [ 8616527.913994535803795, 3295486.623084984254092 ], [ 8616170.075821613892913, 3295671.747457679826766 ], [ 8616172.144250357523561, 3296075.091062994673848 ], [ 8616205.2391102835536, 3296094.741136072203517 ], [ 8616208.341753398999572, 3296266.420721926726401 ], [ 8616779.745194263756275, 3296277.797080023679882 ], [ 8616771.988586466759443, 3295744.142463760450482 ], [ 8616749.235870270058513, 3295741.03982064453885 ], [ 8616717.175224719569087, 3295758.621464978903532 ], [ 8616684.080364797264338, 3295758.621464978903532 ], [ 8616671.669792324304581, 3295702.773888857103884 ], [ 8616632.369646163657308, 3295628.31045403284952 ], [ 8616527.913994535803795, 3295486.623084984254092 ] ] ] ] } },
{ "type": "Feature", "properties": { "SECTOR_NO": "110", "LANDUSE_DE": "VILLAGE ABADI", "ZONE": "NON-CONFORMING", "TOTAL_INDU": 0, "RED": 0, "GREEN": 0, "ORANGE": 0, "WHITE": 0, "SEC(IN HAC": 18.1523848024, "IND(IN HAC": 0.0, "AREA(%AGE)": 0.0, "AREA(sqmtr": 140145.9 }, "geometry": { "type": "MultiPolygon", "coordinates": [ [ [ [ 8614141.981436951085925, 3289439.313094803132117 ], [ 8614239.197587978094816, 3289743.372120348270983 ], [ 8614270.224019153043628, 3289724.756261642556638 ], [ 8614321.934737781062722, 3289813.698697684332728 ], [ 8614344.687453983351588, 3289803.356553961057216 ], [ 8614379.850742653012276, 3289921.256992434151471 ], [ 8614685.978196935728192, 3289921.256992434151471 ], [ 8614675.636053211987019, 3289660.634970540646464 ], [ 8614578.419902188703418, 3289662.703399285208434 ], [ 8614568.077758459374309, 3289600.650536929257214 ], [ 8614497.751181125640869, 3289426.902522331103683 ], [ 8614141.981436951085925, 3289439.313094803132117 ] ] ] ] } },
{ "type": "Feature", "properties": { "SECTOR_NO": "112", "LANDUSE_DE": "VILLAGE ABADI", "ZONE": "NON-CONFORMING", "TOTAL_INDU": 0, "RED": 0, "GREEN": 0, "ORANGE": 0, "WHITE": 0, "SEC(IN HAC": 15.087748637200001, "IND(IN HAC": 0.0, "AREA(%AGE)": 0.0, "AREA(sqmtr": 116475.2 }, "geometry": { "type": "MultiPolygon", "coordinates": [ [ [ [ 8617018.842629505321383, 3290377.797999547794461 ], [ 8617029.701880421489477, 3290480.185222435276955 ], [ 8617217.411789046600461, 3290486.390508670825511 ], [ 8617341.517513763159513, 3290399.516501372214407 ], [ 8617341.517513763159513, 3290069.86067010415718 ], [ 8616927.314657537266612, 3290071.024161273147911 ], [ 8616925.763335974887013, 3290266.102847307454795 ], [ 8617018.842629505321383, 3290377.797999547794461 ] ] ] ] } },
{ "type": "Feature", "properties": { "SECTOR_NO": "113", "LANDUSE_DE": "VILLAGE ABADI", "ZONE": "NON-CONFORMING", "TOTAL_INDU": 0, "RED": 0, "GREEN": 0, "ORANGE": 0, "WHITE": 0, "SEC(IN HAC": 36.563753037200001, "IND(IN HAC": 0.0, "AREA(%AGE)": 0.0, "AREA(sqmtr": 282322.7 }, "geometry": { "type": "MultiPolygon", "coordinates": [ [ [ [ 8616765.686342617496848, 3289205.5806466024369 ], [ 8617412.587432680651546, 3289204.029325041919947 ], [ 8617420.344040475785732, 3288835.590454804245383 ], [ 8617151.965410785749555, 3288590.481648498214781 ], [ 8616771.891628857702017, 3288592.032970057334751 ], [ 8616765.686342617496848, 3289205.5806466024369 ] ] ] ] } }
]
}
