{
"type": "FeatureCollection",
"name": "rohtak_sec",
"crs": { "type": "name", "properties": { "name": "urn:ogc:def:crs:EPSG::32643" } },
"features": [
{ "type": "Feature", "properties": { "SECTOR_NO": "18-A", "CATEGORY": "COMMERCIAL", "ZONE": "NON-CONFORMING", "GREEN": 20, "ORANGE": 0, "RED": 0, "WHITE": 1, "SEC(IN HAC": 60.2, "IND(IN HAC": 0.69, "AREA(%AGE)": 1.15, "TOTAL IND": 21 }, "geometry": { "type": "MultiPolygon", "coordinates": [ [ [ [ 652612.886800000444055, 3196467.69510000012815 ], [ 652810.261400000192225, 3196644.270700000226498 ], [ 653115.785899999551475, 3196947.716299999505281 ], [ 653164.186700000427663, 3197062.761199999600649 ], [ 653246.561099999584258, 3197125.624600000679493 ], [ 653299.266499999910593, 3197125.06279999949038 ], [ 653347.735700000077486, 3197109.317299999296665 ], [ 653363.188099999912083, 3196843.525499999523163 ], [ 653430.552899999544024, 3196616.24210000038147 ], [ 653455.358099999837577, 3196377.363399999216199 ], [ 653487.252373045892455, 3196005.760463440790772 ], [ 653477.893073046230711, 3195791.326363440603018 ], [ 653208.017141295364127, 3195968.102506559807807 ], [ 652883.457899999804795, 3196205.903999999165535 ], [ 652612.886800000444055, 3196467.69510000012815 ] ] ] ] } },
{ "type": "Feature", "properties": { "SECTOR_NO": "20", "CATEGORY": "COMMERCIAL", "ZONE": "NON-CONFORMING", "GREEN": 15, "ORANGE": 0, "RED": 0, "WHITE": 0, "SEC(IN HAC": 61.2, "IND(IN HAC": 0.63, "AREA(%AGE)": 1.03, "TOTAL IND": 15 }, "geometry": { "type": "MultiPolygon", "coordinates": [ [ [ [ 650739.729500000365078, 3196678.913699999451637 ], [ 651591.027900000102818, 3197075.799100000411272 ], [ 651854.793899999931455, 3196815.367499999701977 ], [ 651424.932099999859929, 3196543.314799999818206 ], [ 650739.729500000365078, 3196678.913699999451637 ] ] ] ] } },
{ "type": "Feature", "properties": { "SECTOR_NO": "20", "CATEGORY": "COMMERCIAL", "ZONE": "NON-CONFORMING", "GREEN": 15, "ORANGE": 0, "RED": 0, "WHITE": 0, "SEC(IN HAC": 62.2, "IND(IN HAC": 0.63, "AREA(%AGE)": 1.01, "TOTAL IND": 15 }, "geometry": { "type": "MultiPolygon", "coordinates": [ [ [ [ 651610.908699999563396, 3197082.573100000619888 ], [ 652030.814000000245869, 3197266.258500000461936 ], [ 652166.121600000187755, 3196988.386700000613928 ], [ 651868.027800000272691, 3196821.4243 ], [ 651610.908699999563396, 3197082.573100000619888 ] ] ] ] } },
{ "type": "Feature", "properties": { "SECTOR_NO": "38", "CATEGORY": "COMMERCIAL", "ZONE": "NON-CONFORMING", "GREEN": 18, "ORANGE": 0, "RED": 0, "WHITE": 0, "SEC(IN HAC": 63.2, "IND(IN HAC": 0.9, "AREA(%AGE)": 1.42, "TOTAL IND": 18 }, "geometry": { "type": "MultiPolygon", "coordinates": [ [ [ [ 654281.992600000463426, 3201733.028899999335408 ], [ 653971.126199999824166, 3201352.277300000190735 ], [ 653965.865399999544024, 3201357.121899999678135 ], [ 653910.361800000071526, 3201356.1085 ], [ 653845.288099999539554, 3201354.9679000005126 ], [ 653736.655100000090897, 3201338.957800000905991 ], [ 653620.822300000116229, 3201288.539899999275804 ], [ 653511.9989, 3201217.39049999974668 ], [ 653511.9989, 3201217.39049999974668 ], [ 653274.069799999706447, 3201061.045399999246001 ], [ 652750.838000000454485, 3200707.210799999535084 ], [ 652597.048200000077486, 3200599.253100000321865 ], [ 652578.493400000035763, 3200744.402699999511242 ], [ 652549.320199999958277, 3200886.706900000572205 ], [ 652549.320199999958277, 3200886.706900000572205 ], [ 652664.723000000230968, 3201006.558800000697374 ], [ 653095.537899999879301, 3201455.453600000590086 ], [ 653302.228600000031292, 3201655.534700000658631 ], [ 653302.228600000031292, 3201655.534700000658631 ], [ 653541.533800000324845, 3201769.518999999389052 ], [ 653702.516800000332296, 3201810.455700000748038 ], [ 653935.25040000025183, 3201818.73200000077486 ], [ 654094.055100000463426, 3201794.304400000721216 ], [ 654182.109000000171363, 3201774.619899999350309 ], [ 654281.992600000463426, 3201733.028899999335408 ] ] ] ] } },
{ "type": "Feature", "properties": { "SECTOR_NO": "38", "CATEGORY": "COMMERCIAL", "ZONE": "NON-CONFORMING", "GREEN": 18, "ORANGE": 0, "RED": 0, "WHITE": 0, "SEC(IN HAC": 64.2, "IND(IN HAC": 0.9, "AREA(%AGE)": 1.4, "TOTAL IND": 18 }, "geometry": { "type": "MultiPolygon", "coordinates": [ [ [ [ 654281.992600000463426, 3201733.028899999335408 ], [ 654445.872100000269711, 3201614.717399999499321 ], [ 653464.735299999825656, 3200462.784600000828505 ], [ 653354.285699999891222, 3200313.99210000038147 ], [ 653138.562800000421703, 3200055.969799999147654 ], [ 653094.368400000035763, 3199928.394500000402331 ], [ 652996.012099999934435, 3199645.47550000064075 ], [ 652895.120600000023842, 3199600.226800000295043 ], [ 652831.403400000184774, 3199549.0274 ], [ 652774.350899999961257, 3199706.6941 ], [ 652762.282999999821186, 3199799.122199999168515 ], [ 652878.428999999538064, 3199874.267200000584126 ], [ 652878.428999999538064, 3199874.267200000584126 ], [ 653012.235600000247359, 3199982.814500000327826 ], [ 653046.85010000038892, 3200076.311899999156594 ], [ 653079.281499999575317, 3200162.9649 ], [ 653106.624699999578297, 3200236.83500000089407 ], [ 653110.290400000289083, 3200239.555600000545382 ], [ 653130.671500000171363, 3200277.94370000064373 ], [ 653176.484199999831617, 3200354.067299999296665 ], [ 653360.675699999555945, 3200600.8574 ], [ 653637.260900000110269, 3200940.748299999162555 ], [ 653971.126199999824166, 3201352.277300000190735 ], [ 654281.992600000463426, 3201733.028899999335408 ] ] ] ] } },
{ "type": "Feature", "properties": { "SECTOR_NO": "38", "CATEGORY": "COMMERCIAL", "ZONE": "NON-CONFORMING", "GREEN": 18, "ORANGE": 0, "RED": 0, "WHITE": 0, "SEC(IN HAC": 65.2, "IND(IN HAC": 0.9, "AREA(%AGE)": 1.38, "TOTAL IND": 18 }, "geometry": { "type": "MultiPolygon", "coordinates": [ [ [ [ 652752.596800000406802, 3199795.35219999961555 ], [ 652766.216500000096858, 3199706.726700000464916 ], [ 652821.99129999987781, 3199543.159900000318885 ], [ 652774.936900000087917, 3199504.0176 ], [ 652719.190600000321865, 3199441.788699999451637 ], [ 652579.59250000026077, 3199634.783700000494719 ], [ 652752.596800000406802, 3199795.35219999961555 ] ] ] ] } },
{ "type": "Feature", "properties": { "SECTOR_NO": "21-E", "CATEGORY": "COMMERCIAL", "ZONE": "NON-CONFORMING", "GREEN": 0, "ORANGE": 0, "RED": 0, "WHITE": 0, "SEC(IN HAC": 66.2, "IND(IN HAC": 0.0, "AREA(%AGE)": 0.0, "TOTAL IND": 0 }, "geometry": { "type": "MultiPolygon", "coordinates": [ [ [ [ 648307.101800000295043, 3194585.6963 ], [ 649116.013500000350177, 3194156.867900000885129 ], [ 649116.013500000350177, 3194156.867900000885129 ], [ 649331.472599999979138, 3194042.61879999935627 ], [ 649332.493200000375509, 3193873.264499999582767 ], [ 648079.243800000287592, 3194534.769200000911951 ], [ 648307.101800000295043, 3194585.6963 ] ] ] ] } },
{ "type": "Feature", "properties": { "SECTOR_NO": "30", "CATEGORY": "COMMERCIAL", "ZONE": "NON-CONFORMING", "GREEN": 1, "ORANGE": 0, "RED": 0, "WHITE": 0, "SEC(IN HAC": 67.2, "IND(IN HAC": 0.11, "AREA(%AGE)": 0.16, "TOTAL IND": 1 }, "geometry": { "type": "MultiPolygon", "coordinates": [ [ [ [ 661239.474499999545515, 3195789.979499999433756 ], [ 662034.218999999575317, 3195369.35950000025332 ], [ 661857.398699999786913, 3195030.13429999910295 ], [ 661763.869599999859929, 3194963.36849999986589 ], [ 661523.275100000202656, 3194950.530300000682473 ], [ 661382.578999999910593, 3194947.491499999538064 ], [ 661235.568699999712408, 3194886.402599999681115 ], [ 661102.473899999633431, 3194775.92119999974966 ], [ 660892.694799999706447, 3194870.86739999987185 ], [ 660722.031299999915063, 3194979.681900000199676 ], [ 661239.474499999545515, 3195789.979499999433756 ] ] ] ] } },
{ "type": "Feature", "properties": { "SECTOR_NO": "40", "CATEGORY": "COMMERCIAL", "ZONE": "NON-CONFORMING", "GREEN": 112, "ORANGE": 2, "RED": 0, "WHITE": 4, "SEC(IN HAC": 68.2, "IND(IN HAC": 6.38, "AREA(%AGE)": 9.35, "TOTAL IND": 118 }, "geometry": { "type": "MultiPolygon", "coordinates": [ [ [ [ 651705.884300000034273, 3198333.497600000351667 ], [ 651759.004099999554455, 3198268.081599999219179 ], [ 651759.004099999554455, 3198268.081599999219179 ], [ 651722.636599999852479, 3198221.660700000822544 ], [ 651678.096499999985099, 3198162.1371 ], [ 651431.855000000447035, 3197846.798499999567866 ], [ 650821.7659, 3197918.380300000309944 ], [ 650561.00760000012815, 3198216.551300000399351 ], [ 650758.431599999777973, 3198209.545499999076128 ], [ 651243.980700000189245, 3198174.582900000736117 ], [ 651403.466699999757111, 3198164.440500000491738 ], [ 651469.672399999573827, 3198174.955700000748038 ], [ 651470.659400000236928, 3198175.38260000012815 ], [ 651534.086099999956787, 3198202.771999999880791 ], [ 651631.589999999850988, 3198274.11009999923408 ], [ 651653.46129999961704, 3198291.612199999392033 ], [ 651656.565399999730289, 3198294.000800000503659 ], [ 651689.800200000405312, 3198321.8761 ], [ 651690.753100000321865, 3198322.663799999281764 ], [ 651690.97620000038296, 3198322.847899999469519 ], [ 651691.001299999654293, 3198322.868300000205636 ], [ 651705.884300000034273, 3198333.497600000351667 ] ] ] ] } },
{ "type": "Feature", "properties": { "SECTOR_NO": "40", "CATEGORY": "COMMERCIAL", "ZONE": "NON-CONFORMING", "GREEN": 112, "ORANGE": 2, "RED": 0, "WHITE": 4, "SEC(IN HAC": 69.2, "IND(IN HAC": 6.38, "AREA(%AGE)": 9.22, "TOTAL IND": 118 }, "geometry": { "type": "MultiPolygon", "coordinates": [ [ [ [ 650545.470800000242889, 3198217.049200000241399 ], [ 650802.620900000445545, 3197921.4221 ], [ 650318.265800000168383, 3197992.990599999204278 ], [ 650311.885800000280142, 3198218.1404 ], [ 650545.470800000242889, 3198217.049200000241399 ] ] ] ] } },
{ "type": "Feature", "properties": { "SECTOR_NO": "6", "CATEGORY": "COMMERCIAL", "ZONE": "NON-CONFORMING", "GREEN": 1, "ORANGE": 0, "RED": 0, "WHITE": 0, "SEC(IN HAC": 70.2, "IND(IN HAC": 0.02, "AREA(%AGE)": 0.03, "TOTAL IND": 1 }, "geometry": { "type": "MultiPolygon", "coordinates": [ [ [ [ 655733.691899999976158, 3200535.1097 ], [ 655783.956799999810755, 3200511.881899999454618 ], [ 656599.804299999959767, 3199867.991399999707937 ], [ 656452.53139999974519, 3199676.738700000569224 ], [ 656364.786799999885261, 3199736.384099999442697 ], [ 655604.125, 3200248.980900000780821 ], [ 655733.691899999976158, 3200535.1097 ] ] ] ] } },
{ "type": "Feature", "properties": { "SECTOR_NO": "28", "CATEGORY": "COMMERCIAL", "ZONE": "NON-CONFORMING", "GREEN": 0, "ORANGE": 0, "RED": 0, "WHITE": 0, "SEC(IN HAC": 71.2, "IND(IN HAC": 0.0, "AREA(%AGE)": 0.0, "TOTAL IND": 0 }, "geometry": { "type": "MultiPolygon", "coordinates": [ [ [ [ 660123.272410374134779, 3195230.73227902688086 ], [ 660289.545749853365123, 3195165.609436496626586 ], [ 659880.957200000062585, 3194258.714299999177456 ], [ 659769.117899999953806, 3194293.527200000360608 ], [ 660123.272410374134779, 3195230.73227902688086 ] ] ] ] } },
{ "type": "Feature", "properties": { "SECTOR_NO": "27-C", "CATEGORY": "COMMERCIAL", "ZONE": "NON-CONFORMING", "GREEN": 2, "ORANGE": 0, "RED": 0, "WHITE": 0, "SEC(IN HAC": 72.2, "IND(IN HAC": 0.68, "AREA(%AGE)": 0.94, "TOTAL IND": 2 }, "geometry": { "type": "MultiPolygon", "coordinates": [ [ [ [ 662901.578499999828637, 3191775.687100000679493 ], [ 663279.814199999906123, 3191975.892200000584126 ], [ 663458.18709999974817, 3192014.268100000917912 ], [ 663620.213399999774992, 3191905.987500000745058 ], [ 663841.722299999557436, 3191684.9934 ], [ 664051.912800000049174, 3191520.621099999174476 ], [ 664145.299200000241399, 3191429.305400000885129 ], [ 664206.885900000110269, 3191254.79619999974966 ], [ 664008.261599999852479, 3191258.523299999535084 ], [ 663466.098899999633431, 3191640.091 ], [ 663309.626799999736249, 3191727.533900000154972 ], [ 663264.653400000184774, 3191744.829900000244379 ], [ 663201.518400000408292, 3191743.940099999308586 ], [ 662966.149400000460446, 3191642.011600000783801 ], [ 662901.578499999828637, 3191775.687100000679493 ] ] ] ] } },
{ "type": "Feature", "properties": { "SECTOR_NO": "15", "CATEGORY": "EXISTING TOWN", "ZONE": "NON-CONFORMING", "GREEN": 34, "ORANGE": 0, "RED": 0, "WHITE": 2, "SEC(IN HAC": 73.2, "IND(IN HAC": 1.18, "AREA(%AGE)": 1.61, "TOTAL IND": 36 }, "geometry": { "type": "MultiPolygon", "coordinates": [ [ [ [ 657749.400100000202656, 3196169.464700000360608 ], [ 657695.394299999810755, 3196015.330600000917912 ], [ 657623.654400000348687, 3196004.391699999570847 ], [ 657628.762199999764562, 3195886.923000000417233 ], [ 657695.270800000056624, 3195895.79839999973774 ], [ 657684.003999999724329, 3195821.934299999848008 ], [ 658018.84499999973923, 3195826.5044 ], [ 658026.07039999961853, 3196067.656700000166893 ], [ 658197.084400000050664, 3195999.27250000089407 ], [ 658022.887799999676645, 3195739.152899999171495 ], [ 657946.97510000038892, 3195648.468000000342727 ], [ 657840.32010000012815, 3195497.598799999803305 ], [ 657695.167299999855459, 3195340.727399999275804 ], [ 657629.334099999628961, 3195282.057199999690056 ], [ 657560.743200000375509, 3195297.060100000351667 ], [ 656951.071100000292063, 3195773.864499999210238 ], [ 657186.994900000281632, 3196089.839199999347329 ], [ 656761.729100000113249, 3196289.259700000286102 ], [ 657004.251523598330095, 3196574.065224973019212 ], [ 657236.118900000117719, 3196474.497999999672174 ], [ 657749.400100000202656, 3196169.464700000360608 ] ] ] ] } },
{ "type": "Feature", "properties": { "SECTOR_NO": "15", "CATEGORY": "EXISTING TOWN", "ZONE": "NON-CONFORMING", "GREEN": 34, "ORANGE": 0, "RED": 0, "WHITE": 2, "SEC(IN HAC": 74.2, "IND(IN HAC": 1.18, "AREA(%AGE)": 1.59, "TOTAL IND": 36 }, "geometry": { "type": "MultiPolygon", "coordinates": [ [ [ [ 655943.945516236592084, 3197215.486723523586988 ], [ 656326.219700000248849, 3197020.464299999177456 ], [ 656265.538399999961257, 3196840.349099999293685 ], [ 656231.180499999783933, 3196760.578299999237061 ], [ 656120.036999999545515, 3196611.774900000542402 ], [ 656021.193199999630451, 3196530.754300000146031 ], [ 655901.419599999673665, 3196441.48369999974966 ], [ 655775.768000000156462, 3196397.955 ], [ 655609.984199999831617, 3196339.942299999296665 ], [ 655431.178100000135601, 3196337.537399999797344 ], [ 655283.63190000038594, 3196357.468800000846386 ], [ 655732.748971825931221, 3196789.935137274675071 ], [ 655915.712103629135527, 3196974.325206075794995 ], [ 655937.531712154042907, 3197013.306428908836097 ], [ 655945.936363774584606, 3197070.317504395265132 ], [ 655943.945516236592084, 3197215.486723523586988 ] ] ] ] } },
{ "type": "Feature", "properties": { "SECTOR_NO": "16", "CATEGORY": "EXISTING TOWN", "ZONE": "NON-CONFORMING", "GREEN": 232, "ORANGE": 2, "RED": 0, "WHITE": 1, "SEC(IN HAC": 75.2, "IND(IN HAC": 7.21, "AREA(%AGE)": 9.59, "TOTAL IND": 235 }, "geometry": { "type": "MultiPolygon", "coordinates": [ [ [ [ 654444.019743806449696, 3196671.430535449180752 ], [ 654866.052624197909608, 3196432.62767723435536 ], [ 655141.50473474455066, 3196224.108612429350615 ], [ 655126.145737415878102, 3196189.977215776685625 ], [ 655111.993900819914415, 3196141.56991488719359 ], [ 655083.57545573276002, 3196074.925524094607681 ], [ 655057.388880278216675, 3196036.606386826373637 ], [ 655007.015419525909238, 3195983.959502767305821 ], [ 654918.486724049202166, 3195919.729431437328458 ], [ 654834.501042403513566, 3195859.2573186988011 ], [ 654718.792890639510006, 3195791.015507840551436 ], [ 654444.019743806449696, 3196671.430535449180752 ] ] ] ] } },
{ "type": "Feature", "properties": { "SECTOR_NO": "16", "CATEGORY": "EXISTING TOWN", "ZONE": "NON-CONFORMING", "GREEN": 232, "ORANGE": 2, "RED": 0, "WHITE": 1, "SEC(IN HAC": 76.2, "IND(IN HAC": 7.21, "AREA(%AGE)": 9.46, "TOTAL IND": 235 }, "geometry": { "type": "MultiPolygon", "coordinates": [ [ [ [ 654664.729899999685585, 3196593.834300000220537 ], [ 655216.61809999961406, 3196337.394500000402331 ], [ 655158.237399999983609, 3196261.9054000005126 ], [ 654664.729899999685585, 3196593.834300000220537 ] ] ] ] } },
{ "type": "Feature", "properties": { "SECTOR_NO": "16", "CATEGORY": "EXISTING TOWN", "ZONE": "NON-CONFORMING", "GREEN": 232, "ORANGE": 2, "RED": 0, "WHITE": 1, "SEC(IN HAC": 77.2, "IND(IN HAC": 7.21, "AREA(%AGE)": 9.34, "TOTAL IND": 235 }, "geometry": { "type": "MultiPolygon", "coordinates": [ [ [ [ 654871.385800000280142, 3196521.023499999195337 ], [ 654425.340300000272691, 3196738.426699999719858 ], [ 654361.595583405345678, 3196914.994518456514925 ], [ 654297.351300000213087, 3197132.656500000506639 ], [ 654255.097057651495561, 3197238.147746054921299 ], [ 654193.178100000135601, 3197450.631999999284744 ], [ 654180.768600000068545, 3197493.7956000007689 ], [ 654192.98589999973774, 3197629.299900000914931 ], [ 654322.677799999713898, 3197632.151599999517202 ], [ 654422.254700000397861, 3197658.383400000631809 ], [ 654551.733, 3197651.527699999511242 ], [ 654677.21059999987483, 3197650.71059999987483 ], [ 654677.21059999987483, 3197650.71059999987483 ], [ 655060.537700000219047, 3197663.443099999800324 ], [ 655102.592899999581277, 3197338.290300000458956 ], [ 655438.359600000083447, 3197254.149800000712276 ], [ 655485.524000000208616, 3197397.223200000822544 ], [ 655213.076700000092387, 3197466.2752 ], [ 655250.783099999651313, 3197661.016699999570847 ], [ 655462.069099999964237, 3197544.32740000076592 ], [ 655558.603000000119209, 3197470.920299999415874 ], [ 655639.672600000165403, 3197374.27140000090003 ], [ 655937.284047411638312, 3197225.284938375465572 ], [ 655936.841182124102488, 3197083.241816187743098 ], [ 655928.433742774301209, 3197036.316403603646904 ], [ 655914.432199999690056, 3197004.1952 ], [ 655818.690799999982119, 3196904.541400000452995 ], [ 655703.811900000087917, 3196777.487700000405312 ], [ 655318.873999999836087, 3196931.682199999690056 ], [ 655221.745400000363588, 3196657.4527000002563 ], [ 655317.300999999977648, 3196591.9989 ], [ 655452.072100000455976, 3196544.00620000064373 ], [ 655246.814100000075996, 3196373.658600000664592 ], [ 655173.944600000046194, 3196381.645199999213219 ], [ 654871.385800000280142, 3196521.023499999195337 ] ] ] ] } },
{ "type": "Feature", "properties": { "SECTOR_NO": "17", "CATEGORY": "EXISTING TOWN", "ZONE": "NON-CONFORMING", "GREEN": 223, "ORANGE": 0, "RED": 0, "WHITE": 4, "SEC(IN HAC": 78.2, "IND(IN HAC": 5.6, "AREA(%AGE)": 7.16, "TOTAL IND": 227 }, "geometry": { "type": "MultiPolygon", "coordinates": [ [ [ [ 654703.224903371767141, 3195779.335599903948605 ], [ 654564.804967386182398, 3195711.570608231239021 ], [ 654164.543300000019372, 3195716.52449999935925 ], [ 653966.865349871572107, 3195727.560343625489622 ], [ 653752.067929003504105, 3195751.727441388648003 ], [ 653490.066200000233948, 3195789.495799999684095 ], [ 653508.648400000296533, 3195998.694700000807643 ], [ 653495.685999999754131, 3196202.0384 ], [ 653456.735399999655783, 3196628.880899999290705 ], [ 653395.682900000363588, 3196819.373999999836087 ], [ 653434.050200000405312, 3196770.7179000005126 ], [ 653485.009800000116229, 3196776.436899999156594 ], [ 653512.963800000026822, 3196843.622500000521541 ], [ 653500.226300000213087, 3196883.793999999761581 ], [ 653375.403900000266731, 3196926.259999999776483 ], [ 653373.540699999779463, 3197150.315500000491738 ], [ 653692.674499999731779, 3196991.300100000575185 ], [ 653543.714399999938905, 3196345.129200000315905 ], [ 654020.740000000223517, 3196370.698300000280142 ], [ 654109.147099999710917, 3196792.618899999186397 ], [ 654407.985603372217156, 3196700.394499904476106 ], [ 654703.224903371767141, 3195779.335599903948605 ] ] ] ] } },
{ "type": "Feature", "properties": { "SECTOR_NO": "14", "CATEGORY": "EXISTING TOWN", "ZONE": "NON-CONFORMING", "GREEN": 125, "ORANGE": 1, "RED": 0, "WHITE": 3, "SEC(IN HAC": 79.2, "IND(IN HAC": 5.28, "AREA(%AGE)": 6.67, "TOTAL IND": 129 }, "geometry": { "type": "MultiPolygon", "coordinates": [ [ [ [ 658097.285600000061095, 3196076.847799999639392 ], [ 657718.419200000353158, 3196247.483999999240041 ], [ 657289.295099999755621, 3196504.605799999088049 ], [ 656902.008916843682528, 3196635.687900491990149 ], [ 656660.093969518318772, 3196807.15558395255357 ], [ 656358.644764905329794, 3197032.311228591483086 ], [ 656563.787899999879301, 3197481.130799999460578 ], [ 657042.964248702512123, 3197504.234634095802903 ], [ 657293.336220080731437, 3197327.490200113039464 ], [ 657654.321890969527885, 3197190.365344485267997 ], [ 657937.358167330618016, 3197087.984340839553624 ], [ 658261.369500000029802, 3196963.123199999332428 ], [ 658253.292200000025332, 3196784.712200000882149 ], [ 658144.159699999727309, 3196816.0899 ], [ 658046.63260000012815, 3196575.694499999284744 ], [ 657997.816999999806285, 3196427.107999999076128 ], [ 658176.537200000137091, 3196371.778200000524521 ], [ 658097.285600000061095, 3196076.847799999639392 ] ] ] ] } },
{ "type": "Feature", "properties": { "SECTOR_NO": "13", "CATEGORY": "EXISTING TOWN", "ZONE": "NON-CONFORMING", "GREEN": 46, "ORANGE": 2, "RED": 0, "WHITE": 0, "SEC(IN HAC": 80.2, "IND(IN HAC": 1.3, "AREA(%AGE)": 1.62, "TOTAL IND": 48 }, "geometry": { "type": "MultiPolygon", "coordinates": [ [ [ [ 656671.676900000311434, 3197767.468000000342727 ], [ 657006.259399999864399, 3197528.698899999260902 ], [ 656573.740600000135601, 3197517.368699999526143 ], [ 656671.676900000311434, 3197767.468000000342727 ] ] ] ] } },
{ "type": "Feature", "properties": { "SECTOR_NO": "13", "CATEGORY": "EXISTING TOWN", "ZONE": "NON-CONFORMING", "GREEN": 46, "ORANGE": 2, "RED": 0, "WHITE": 0, "SEC(IN HAC": 81.2, "IND(IN HAC": 1.3, "AREA(%AGE)": 1.6, "TOTAL IND": 48 }, "geometry": { "type": "MultiPolygon", "coordinates": [ [ [ [ 656548.666699999943376, 3197511.986400000751019 ], [ 655923.914800000376999, 3197564.3684 ], [ 655939.017900000326335, 3197705.766699999570847 ], [ 655945.00899999961257, 3197864.691299999132752 ], [ 656277.45920000039041, 3197877.901900000870228 ], [ 656277.35080000013113, 3198049.981599999591708 ], [ 656649.271099999547005, 3197783.553099999204278 ], [ 656548.666699999943376, 3197511.986400000751019 ] ] ] ] } },
{ "type": "Feature", "properties": { "SECTOR_NO": "14", "CATEGORY": "EXISTING TOWN", "ZONE": "NON-CONFORMING", "GREEN": 125, "ORANGE": 1, "RED": 0, "WHITE": 3, "SEC(IN HAC": 82.2, "IND(IN HAC": 5.28, "AREA(%AGE)": 6.42, "TOTAL IND": 129 }, "geometry": { "type": "MultiPolygon", "coordinates": [ [ [ [ 655677.878248157678172, 3197560.89588431827724 ], [ 656050.335034950985573, 3197528.388333272654563 ], [ 656527.568300000391901, 3197485.620500000193715 ], [ 656347.802600000053644, 3197036.942500000819564 ], [ 656075.543300000019372, 3197204.589400000870228 ], [ 655978.852054490707815, 3197230.825882889796048 ], [ 655925.349297377862968, 3197249.519278178457171 ], [ 655663.080099999904633, 3197401.729800000786781 ], [ 655510.278621090925299, 3197540.903760828543454 ], [ 655677.878248157678172, 3197560.89588431827724 ] ] ] ] } },
{ "type": "Feature", "properties": { "SECTOR_NO": "13", "CATEGORY": "EXISTING TOWN", "ZONE": "NON-CONFORMING", "GREEN": 46, "ORANGE": 2, "RED": 0, "WHITE": 0, "SEC(IN HAC": 83.2, "IND(IN HAC": 1.3, "AREA(%AGE)": 1.56, "TOTAL IND": 48 }, "geometry": { "type": "MultiPolygon", "coordinates": [ [ [ [ 655454.53899999987334, 3197585.36009999923408 ], [ 655544.604700000025332, 3197927.371099999174476 ], [ 655327.918700000271201, 3197981.606599999591708 ], [ 655323.003200000151992, 3198058.440899999812245 ], [ 655096.127899999730289, 3198086.9101 ], [ 655152.060100000351667, 3198355.236300000920892 ], [ 655166.228199999779463, 3198484.224199999123812 ], [ 655188.876600000075996, 3198697.580299999564886 ], [ 655192.007799999788404, 3198877.371799999848008 ], [ 655948.018799999728799, 3198285.584300000220537 ], [ 655927.190299999900162, 3197787.550300000235438 ], [ 655667.609400000423193, 3197813.886700000613928 ], [ 655650.152599999681115, 3197572.444599999114871 ], [ 655499.223500000312924, 3197562.428899999707937 ], [ 655454.53899999987334, 3197585.36009999923408 ] ] ] ] } },
{ "type": "Feature", "properties": { "SECTOR_NO": "12", "CATEGORY": "EXISTING TOWN", "ZONE": "NON-CONFORMING", "GREEN": 192, "ORANGE": 0, "RED": 0, "WHITE": 8, "SEC(IN HAC": 84.2, "IND(IN HAC": 4.51, "AREA(%AGE)": 5.36, "TOTAL IND": 200 }, "geometry": { "type": "MultiPolygon", "coordinates": [ [ [ [ 655002.446399999782443, 3197682.767300000414252 ], [ 654681.342621126095764, 3197672.441847742069513 ], [ 654430.578906324808486, 3197683.644057883881032 ], [ 654286.811598611646332, 3197659.317439430393279 ], [ 654362.667060205014423, 3197854.363403538707644 ], [ 654373.119599999859929, 3197885.504000000655651 ], [ 654345.8739, 3197931.994400000199676 ], [ 654314.981399999931455, 3198251.578299999237061 ], [ 654442.661354523850605, 3198451.5553152798675 ], [ 654555.58413099264726, 3198626.238068157341331 ], [ 654755.321700000204146, 3198877.501700000837445 ], [ 654948.274000000208616, 3199033.6787 ], [ 654964.360000000335276, 3199047.341600000858307 ], [ 655182.116399999707937, 3198884.277599999681115 ], [ 655169.163900000043213, 3198651.091199999675155 ], [ 655150.690600000321865, 3198457.226399999111891 ], [ 655143.349700000137091, 3198398.086799999698997 ], [ 655121.731999999843538, 3198273.096200000494719 ], [ 655088.585500000044703, 3198097.839600000530481 ], [ 655004.494800000451505, 3197778.184699999168515 ], [ 655002.446399999782443, 3197682.767300000414252 ] ] ] ] } },
{ "type": "Feature", "properties": { "SECTOR_NO": "11", "CATEGORY": "EXISTING TOWN", "ZONE": "NON-CONFORMING", "GREEN": 48, "ORANGE": 0, "RED": 0, "WHITE": 1, "SEC(IN HAC": 85.2, "IND(IN HAC": 0.94, "AREA(%AGE)": 1.1, "TOTAL IND": 49 }, "geometry": { "type": "MultiPolygon", "coordinates": [ [ [ [ 654013.746600000187755, 3197665.872600000351667 ], [ 653964.677299999631941, 3197629.605399999767542 ], [ 653908.971199999563396, 3197619.618599999696016 ], [ 653834.949799999594688, 3197631.23960000090301 ], [ 653785.238300000317395, 3197643.184599999338388 ], [ 653647.596099999733269, 3197662.995100000873208 ], [ 653517.588399999774992, 3197706.650900000706315 ], [ 653494.576100000180304, 3197713.06870000064373 ], [ 653425.947200000286102, 3197813.009400000795722 ], [ 653372.088700000196695, 3197914.617200000211596 ], [ 653348.608599999919534, 3197956.327299999073148 ], [ 653338.338000000454485, 3198005.776499999687076 ], [ 653321.616100000217557, 3198039.802300000563264 ], [ 653280.739400000311434, 3198110.69679999910295 ], [ 653250.609000000171363, 3198207.787399999797344 ], [ 653255.249900000169873, 3198248.1897 ], [ 653278.161600000225008, 3198279.379799999296665 ], [ 653371.621399999596179, 3198311.240000000223517 ], [ 653559.464300000108778, 3198305.176000000908971 ], [ 653779.316999999806285, 3198306.72440000064671 ], [ 653814.868200000375509, 3198313.405600000172853 ], [ 653926.228099999949336, 3198385.380100000649691 ], [ 653994.366100000217557, 3198405.618100000545382 ], [ 654082.409199999645352, 3198395.8662 ], [ 654212.46860000025481, 3198306.413899999111891 ], [ 654283.408900000154972, 3198255.253799999132752 ], [ 654299.666000000201166, 3198200.842399999499321 ], [ 654308.33669999986887, 3198105.3585 ], [ 654328.748200000263751, 3197906.027300000190735 ], [ 654354.338200000114739, 3197872.751599999144673 ], [ 654303.904299999587238, 3197744.96199999935925 ], [ 654268.131699999794364, 3197654.557800000533462 ], [ 654169.088999999687076, 3197649.874399999156594 ], [ 654075.009600000455976, 3197661.226299999281764 ], [ 654013.746600000187755, 3197665.872600000351667 ] ] ] ] } },
{ "type": "Feature", "properties": { "SECTOR_NO": "8", "CATEGORY": "EXISTING TOWN", "ZONE": "NON-CONFORMING", "GREEN": 62, "ORANGE": 0, "RED": 0, "WHITE": 1, "SEC(IN HAC": 86.2, "IND(IN HAC": 1.69, "AREA(%AGE)": 1.96, "TOTAL IND": 63 }, "geometry": { "type": "MultiPolygon", "coordinates": [ [ [ [ 653870.067599999718368, 3198368.138599999248981 ], [ 654093.554999999701977, 3198911.727900000289083 ], [ 654116.905799999833107, 3199046.089199999347329 ], [ 654198.653699999675155, 3199209.80489999987185 ], [ 654389.813299999572337, 3199486.341499999165535 ], [ 654951.33530000038445, 3199067.337500000372529 ], [ 654749.46030000038445, 3198914.822799999266863 ], [ 654642.71169999986887, 3198768.417500000447035 ], [ 654548.142400000244379, 3198651.171399999409914 ], [ 654450.570000000298023, 3198495.646199999377131 ], [ 654307.345900000073016, 3198269.545700000599027 ], [ 654197.664300000295043, 3198342.039899999275804 ], [ 654099.922600000165403, 3198406.605200000107288 ], [ 654055.71059999987483, 3198422.299000000581145 ], [ 654002.114599999971688, 3198420.744200000539422 ], [ 653956.366399999707937, 3198412.990800000727177 ], [ 653921.67989999987185, 3198402.020600000396371 ], [ 653870.067599999718368, 3198368.138599999248981 ] ] ] ] } },
{ "type": "Feature", "properties": { "SECTOR_NO": "17", "CATEGORY": "EXISTING TOWN", "ZONE": "NON-CONFORMING", "GREEN": 223, "ORANGE": 0, "RED": 0, "WHITE": 4, "SEC(IN HAC": 87.2, "IND(IN HAC": 5.6, "AREA(%AGE)": 6.42, "TOTAL IND": 227 }, "geometry": { "type": "MultiPolygon", "coordinates": [ [ [ [ 653522.810800000093877, 3197670.511900000274181 ], [ 653757.925699999555945, 3197611.462500000372529 ], [ 653792.873599999584258, 3197611.2971 ], [ 653834.115000000223517, 3197596.7182 ], [ 653883.890100000426173, 3197597.380799999460578 ], [ 653963.104899999685585, 3197605.369400000199676 ], [ 654014.791899999603629, 3197639.465299999341369 ], [ 654170.101700000464916, 3197629.402200000360608 ], [ 654157.212100000120699, 3197493.71000000089407 ], [ 654286.740181057131849, 3197090.466333099640906 ], [ 654349.611175231169909, 3196888.850800750777125 ], [ 654382.337500000372529, 3196752.29839999973774 ], [ 654144.122800000011921, 3196873.7668999992311 ], [ 654175.333300000056624, 3196946.040300000458956 ], [ 653578.971699999645352, 3197240.65819999948144 ], [ 653540.010599999688566, 3197167.022900000214577 ], [ 653392.588999999687076, 3197219.746400000527501 ], [ 653417.286700000055134, 3197365.04869999922812 ], [ 653480.914300000295043, 3197502.673900000751019 ], [ 653522.810800000093877, 3197670.511900000274181 ] ] ] ] } },
{ "type": "Feature", "properties": { "SECTOR_NO": "30-B", "CATEGORY": "EXISTING TOWN", "ZONE": "NON-CONFORMING", "GREEN": 3, "ORANGE": 0, "RED": 0, "WHITE": 0, "SEC(IN HAC": 88.2, "IND(IN HAC": 0.28, "AREA(%AGE)": 0.32, "TOTAL IND": 3 }, "geometry": { "type": "MultiPolygon", "coordinates": [ [ [ [ 662669.245099999941885, 3193623.809599999338388 ], [ 662770.518400000408292, 3193489.781999999657273 ], [ 663052.971199999563396, 3192763.732300000265241 ], [ 662946.578200000338256, 3192845.907700000330806 ], [ 662491.570600000210106, 3193121.287200000137091 ], [ 662383.651800000108778, 3193250.2631 ], [ 662350.524699999950826, 3193486.374099999666214 ], [ 662354.912499999627471, 3193673.7039 ], [ 662442.717199999839067, 3193790.48450000025332 ], [ 662578.680499999783933, 3193662.401200000196695 ], [ 662669.245099999941885, 3193623.809599999338388 ] ] ] ] } },
{ "type": "Feature", "properties": { "SECTOR_NO": "30-B", "CATEGORY": "EXISTING TOWN", "ZONE": "NON-CONFORMING", "GREEN": 3, "ORANGE": 0, "RED": 0, "WHITE": 0, "SEC(IN HAC": 89.2, "IND(IN HAC": 0.28, "AREA(%AGE)": 0.31, "TOTAL IND": 3 }, "geometry": { "type": "MultiPolygon", "coordinates": [ [ [ [ 662715.513000000268221, 3193659.841499999165535 ], [ 662742.476099999621511, 3193737.917199999094009 ], [ 662834.921900000423193, 3193726.975099999457598 ], [ 662903.872299999929965, 3193750.403100000694394 ], [ 662983.033699999563396, 3193751.5175 ], [ 663053.25899999961257, 3193716.349500000476837 ], [ 663086.427799999713898, 3193661.121200000867248 ], [ 663097.85259999986738, 3193632.536000000312924 ], [ 663106.73340000025928, 3193576.965099999681115 ], [ 663100.511099999770522, 3193507.706199999898672 ], [ 663097.60259999986738, 3193458.7061 ], [ 663067.084300000220537, 3193357.6623 ], [ 662975.131539774360135, 3193102.499587552156299 ], [ 662801.191700000315905, 3193553.466299999505281 ], [ 662715.513000000268221, 3193659.841499999165535 ] ] ] ] } },
{ "type": "Feature", "properties": { "SECTOR_NO": "30-F", "CATEGORY": "INDUSTRIAL", "ZONE": "CONFORMING", "GREEN": 10, "ORANGE": 1, "RED": 0, "WHITE": 0, "SEC(IN HAC": 90.2, "IND(IN HAC": 10.69, "AREA(%AGE)": 11.85, "TOTAL IND": 11 }, "geometry": { "type": "MultiPolygon", "coordinates": [ [ [ [ 666278.162700000219047, 3189574.412699999287724 ], [ 665744.352400000207126, 3190024.745400000363588 ], [ 665473.378899999894202, 3190718.292099999263883 ], [ 665390.370900000445545, 3190937.622700000181794 ], [ 665286.834499999880791, 3191091.573699999600649 ], [ 665219.371700000017881, 3191147.323899999260902 ], [ 665074.464599999599159, 3191219.500199999660254 ], [ 665054.243200000375509, 3193020.747600000351667 ], [ 666267.080699999816716, 3193013.386499999091029 ], [ 666278.162700000219047, 3189574.412699999287724 ] ] ] ] } },
{ "type": "Feature", "properties": { "SECTOR_NO": "30-E", "CATEGORY": "INDUSTRIAL", "ZONE": "CONFORMING", "GREEN": 3, "ORANGE": 0, "RED": 0, "WHITE": 0, "SEC(IN HAC": 91.2, "IND(IN HAC": 0.57, "AREA(%AGE)": 0.62, "TOTAL IND": 3 }, "geometry": { "type": "MultiPolygon", "coordinates": [ [ [ [ 665009.243999999947846, 3193020.449899999424815 ], [ 665029.336500000208616, 3191236.727600000798702 ], [ 664058.32909999974072, 3191603.308499999344349 ], [ 663895.990600000135601, 3191729.545700000599027 ], [ 663598.604899999685585, 3191995.913200000301003 ], [ 663526.997600000351667, 3192102.061300000175834 ], [ 663904.22690000012517, 3192683.2369 ], [ 664012.452200000174344, 3192912.94649999961257 ], [ 664023.582899999804795, 3193039.03830000013113 ], [ 664229.305200000293553, 3193012.627100000157952 ], [ 665009.243999999947846, 3193020.449899999424815 ] ] ] ] } },
{ "type": "Feature", "properties": { "SECTOR_NO": "31-B", "CATEGORY": "INDUSTRIAL", "ZONE": "CONFORMING", "GREEN": 14, "ORANGE": 0, "RED": 2, "WHITE": 1, "SEC(IN HAC": 92.2, "IND(IN HAC": 21.68, "AREA(%AGE)": 23.51, "TOTAL IND": 17 }, "geometry": { "type": "MultiPolygon", "coordinates": [ [ [ [ 662625.286899999715388, 3195520.8026 ], [ 662737.521300000138581, 3195769.417199999094009 ], [ 662430.125799999572337, 3195932.442800000309944 ], [ 662703.175699999555945, 3196465.715299999341369 ], [ 662907.164800000376999, 3196547.778599999845028 ], [ 662992.345900000073016, 3196392.500199999660254 ], [ 663156.894299999810755, 3195997.4594 ], [ 663368.91469999961555, 3195511.359400000423193 ], [ 663547.731499999761581, 3195142.334799999371171 ], [ 663420.167299999855459, 3195110.648600000888109 ], [ 662625.286899999715388, 3195520.8026 ] ] ] ] } },
{ "type": "Feature", "properties": { "SECTOR_NO": "30-A", "CATEGORY": "INDUSTRIAL", "ZONE": "CONFORMING", "GREEN": 3, "ORANGE": 0, "RED": 0, "WHITE": 0, "SEC(IN HAC": 93.2, "IND(IN HAC": 14.34, "AREA(%AGE)": 15.39, "TOTAL IND": 3 }, "geometry": { "type": "MultiPolygon", "coordinates": [ [ [ [ 662262.392099999822676, 3195671.09940000064671 ], [ 662806.735700000077486, 3195367.961500000208616 ], [ 662251.303299999795854, 3194352.601099999621511 ], [ 661716.027599999681115, 3194679.6996 ], [ 661400.767699999734759, 3194874.112600000575185 ], [ 661688.16370000038296, 3194888.086500000208616 ], [ 661871.289499999955297, 3194924.515000000596046 ], [ 662262.392099999822676, 3195671.09940000064671 ] ] ] ] } },
{ "type": "Feature", "properties": { "SECTOR_NO": "30-B", "CATEGORY": "INDUSTRIAL", "ZONE": "CONFORMING", "GREEN": 4, "ORANGE": 1, "RED": 0, "WHITE": 0, "SEC(IN HAC": 94.2, "IND(IN HAC": 71.49, "AREA(%AGE)": 75.89, "TOTAL IND": 5 }, "geometry": { "type": "MultiPolygon", "coordinates": [ [ [ [ 662869.582299999892712, 3195337.945800000801682 ], [ 663427.778400000184774, 3195046.1919 ], [ 663570.310499999672174, 3194913.5472999997437 ], [ 663670.5296, 3194771.025800000876188 ], [ 663768.938799999654293, 3194260.912399999797344 ], [ 663823.771900000050664, 3194042.044800000265241 ], [ 663845.411899999715388, 3193504.4485 ], [ 663844.543399999849498, 3193070.129899999126792 ], [ 663825.868300000205636, 3192902.518300000578165 ], [ 663715.821899999864399, 3192746.564099999144673 ], [ 663492.873499999754131, 3192387.801699999719858 ], [ 663380.725200000219047, 3192541.164000000804663 ], [ 663185.544700000435114, 3193036.91579999960959 ], [ 663128.037299999967217, 3193277.8772 ], [ 663177.007299999706447, 3193445.378799999132752 ], [ 663190.756000000052154, 3193541.035900000482798 ], [ 663188.081699999980628, 3193641.48509999923408 ], [ 663182.189799999818206, 3193684.611099999397993 ], [ 663170.667899999767542, 3193734.440400000661612 ], [ 663120.832299999892712, 3193812.953700000420213 ], [ 663062.267599999904633, 3193850.312599999830127 ], [ 662995.898599999956787, 3193870.144500000402331 ], [ 662878.848600000143051, 3193867.826899999752641 ], [ 662844.069199999794364, 3193859.968599999323487 ], [ 662778.686099999584258, 3193833.592800000682473 ], [ 662670.666500000283122, 3193976.435799999162555 ], [ 662637.798899999819696, 3194023.535800000652671 ], [ 662279.832700000144541, 3194275.296599999070168 ], [ 662869.582299999892712, 3195337.945800000801682 ] ] ] ] } },
{ "type": "Feature", "properties": { "SECTOR_NO": "20", "CATEGORY": "INDUSTRIAL", "ZONE": "CONFORMING", "GREEN": 734, "ORANGE": 6, "RED": 7, "WHITE": 7, "SEC(IN HAC": 95.2, "IND(IN HAC": 65.32, "AREA(%AGE)": 68.61, "TOTAL IND": 754 }, "geometry": { "type": "MultiPolygon", "coordinates": [ [ [ [ 651870.575864766957238, 3197803.917375948745757 ], [ 651933.838477365789004, 3197549.696192977018654 ], [ 652027.441282458719797, 3197288.939983936492354 ], [ 651595.342526103137061, 3197089.676953535992652 ], [ 650873.763044201070443, 3197859.566522088367492 ], [ 650850.359436176484451, 3197885.24200117494911 ], [ 651465.542737539391965, 3197816.933006204664707 ], [ 651870.575864766957238, 3197803.917375948745757 ] ] ] ] } },
{ "type": "Feature", "properties": { "SECTOR_NO": "20", "CATEGORY": "INDUSTRIAL", "ZONE": "CONFORMING", "GREEN": 734, "ORANGE": 6, "RED": 7, "WHITE": 7, "SEC(IN HAC": 96.2, "IND(IN HAC": 65.32, "AREA(%AGE)": 67.9, "TOTAL IND": 754 }, "geometry": { "type": "MultiPolygon", "coordinates": [ [ [ [ 650816.249063782161102, 3197900.331234170589596 ], [ 651475.318300000391901, 3197199.715700000524521 ], [ 651184.548600000329316, 3197207.675000000745058 ], [ 651177.871700000017881, 3196926.466099999845028 ], [ 650669.918200000189245, 3196686.617900000885129 ], [ 650553.538499999791384, 3196876.717700000852346 ], [ 650463.439600000157952, 3197093.63370000012219 ], [ 650358.510599999688566, 3197313.719100000336766 ], [ 650577.41579999960959, 3197314.887800000607967 ], [ 650576.85869999974966, 3197471.198899999260902 ], [ 650643.497800000011921, 3197465.343900000676513 ], [ 650633.212500000372529, 3197913.994999999180436 ], [ 650816.249063782161102, 3197900.331234170589596 ] ] ] ] } },
{ "type": "Feature", "properties": { "SECTOR_NO": "25-C", "CATEGORY": "OPEN SPACE", "ZONE": "NON-CONFORMING", "GREEN": 0, "ORANGE": 0, "RED": 0, "WHITE": 0, "SEC(IN HAC": 97.2, "IND(IN HAC": 0.0, "AREA(%AGE)": 0.0, "TOTAL IND": 0 }, "geometry": { "type": "MultiPolygon", "coordinates": [ [ [ [ 655738.335799999535084, 3192681.465399999171495 ], [ 655928.199400000274181, 3192778.647700000554323 ], [ 656342.461799999698997, 3192697.245400000363588 ], [ 656991.167100000195205, 3192640.113500000908971 ], [ 656950.370400000363588, 3191444.2664 ], [ 656128.049599999561906, 3191419.209300000220537 ], [ 655738.335799999535084, 3192681.465399999171495 ] ] ] ] } },
{ "type": "Feature", "properties": { "SECTOR_NO": "25-C", "CATEGORY": "OPEN SPACE", "ZONE": "NON-CONFORMING", "GREEN": 0, "ORANGE": 0, "RED": 0, "WHITE": 0, "SEC(IN HAC": 98.2, "IND(IN HAC": 0.0, "AREA(%AGE)": 0.0, "TOTAL IND": 0 }, "geometry": { "type": "MultiPolygon", "coordinates": [ [ [ [ 655662.30420000012964, 3192925.041999999433756 ], [ 655895.858900000341237, 3192787.145899999886751 ], [ 655730.930900000035763, 3192708.1502 ], [ 655662.30420000012964, 3192925.041999999433756 ] ] ] ] } },
{ "type": "Feature", "properties": { "SECTOR_NO": "30-A", "CATEGORY": "OPEN SPACE", "ZONE": "NON-CONFORMING", "GREEN": 1, "ORANGE": 0, "RED": 0, "WHITE": 0, "SEC(IN HAC": 99.2, "IND(IN HAC": 0.27, "AREA(%AGE)": 0.27, "TOTAL IND": 1 }, "geometry": { "type": "MultiPolygon", "coordinates": [ [ [ [ 662251.303299999795854, 3194352.601099999621511 ], [ 662117.818900000303984, 3194135.562899999320507 ], [ 661564.36780000012368, 3194523.276699999347329 ], [ 661165.762799999676645, 3194749.810000000521541 ], [ 661308.205699999816716, 3194846.923100000247359 ], [ 661400.767699999734759, 3194874.112600000575185 ], [ 661400.767699999734759, 3194874.112600000575185 ], [ 661716.027599999681115, 3194679.6996 ], [ 662251.303299999795854, 3194352.601099999621511 ] ] ] ] } },
{ "type": "Feature", "properties": { "SECTOR_NO": "21-E", "CATEGORY": "OPEN SPACE", "ZONE": "NON-CONFORMING", "GREEN": 1, "ORANGE": 0, "RED": 0, "WHITE": 0, "SEC(IN HAC": 100.2, "IND(IN HAC": 0.92, "AREA(%AGE)": 0.92, "TOTAL IND": 1 }, "geometry": { "type": "MultiPolygon", "coordinates": [ [ [ [ 649310.577600000426173, 3194545.239 ], [ 649313.358300000429153, 3194334.299499999731779 ], [ 649116.013500000350177, 3194156.867900000885129 ], [ 648307.101800000295043, 3194585.6963 ], [ 648522.630599999800324, 3194645.380999999120831 ], [ 648556.391200000420213, 3194569.436000000685453 ], [ 648605.127799999900162, 3194518.778899999335408 ], [ 648691.800499999895692, 3194492.614099999889731 ], [ 648808.549800000153482, 3194507.208499999716878 ], [ 649029.31180000025779, 3194591.884500000625849 ], [ 649187.178299999795854, 3194553.5472 ], [ 649248.572700000368059, 3194538.5175 ], [ 649296.062300000339746, 3194542.403599999845028 ], [ 649310.577600000426173, 3194545.239 ] ] ] ] } },
{ "type": "Feature", "properties": { "SECTOR_NO": "20-B", "CATEGORY": "OPEN SPACE", "ZONE": "NON-CONFORMING", "GREEN": 0, "ORANGE": 0, "RED": 0, "WHITE": 1, "SEC(IN HAC": 101.2, "IND(IN HAC": 0.08, "AREA(%AGE)": 0.08, "TOTAL IND": 1 }, "geometry": { "type": "MultiPolygon", "coordinates": [ [ [ [ 648711.715099999681115, 3194971.826999999582767 ], [ 648649.028900000266731, 3194889.1886 ], [ 648116.559799999929965, 3194772.035900000482798 ], [ 648172.168700000271201, 3194862.4616 ], [ 648275.086199999786913, 3194980.16440000012517 ], [ 648348.003999999724329, 3195046.261800000444055 ], [ 648500.755499999970198, 3195159.754799999296665 ], [ 648658.7807, 3195240.584599999710917 ], [ 648824.22829999960959, 3195310.6009 ], [ 648970.68680000025779, 3195346.430600000545382 ], [ 649033.087299999780953, 3195356.629699999466538 ], [ 649129.129599999636412, 3195370.899700000882149 ], [ 649205.013000000268221, 3195371.272099999710917 ], [ 649403.624699999578297, 3195352.69620000012219 ], [ 649463.702100000344217, 3195337.106300000101328 ], [ 649563.610299999825656, 3195304.756300000473857 ], [ 649615.342400000430644, 3195283.14919999986887 ], [ 649632.336799999698997, 3195271.7763 ], [ 649544.399600000120699, 3195196.991100000217557 ], [ 649465.803399999625981, 3195227.343900000676513 ], [ 649389.05559999961406, 3195246.8103 ], [ 649291.874400000087917, 3195261.921900000423193 ], [ 649187.952600000426173, 3195270.128000000491738 ], [ 649064.50829999987036, 3195256.262000000104308 ], [ 648894.186099999584258, 3195223.040899999439716 ], [ 648777.242300000041723, 3195181.643699999898672 ], [ 648641.146399999968708, 3195115.792999999597669 ], [ 648491.045099999755621, 3195023.509500000625849 ], [ 648397.062400000169873, 3194948.995400000363588 ], [ 648345.817499999888241, 3194897.192700000479817 ], [ 648388.796900000423193, 3194901.153599999845028 ], [ 648711.715099999681115, 3194971.826999999582767 ] ] ] ] } },
{ "type": "Feature", "properties": { "SECTOR_NO": "20-B", "CATEGORY": "OPEN SPACE", "ZONE": "NON-CONFORMING", "GREEN": 0, "ORANGE": 0, "RED": 0, "WHITE": 1, "SEC(IN HAC": 102.2, "IND(IN HAC": 0.08, "AREA(%AGE)": 0.08, "TOTAL IND": 1 }, "geometry": { "type": "MultiPolygon", "coordinates": [ [ [ [ 648003.61699999962002, 3194739.394400000572205 ], [ 647977.452600000426173, 3194755.7675 ], [ 647937.61670000012964, 3194778.01799999922514 ], [ 648005.631400000303984, 3194897.3268 ], [ 648050.613099999725819, 3194960.607300000265241 ], [ 648082.29009999986738, 3194999.611300000920892 ], [ 648154.589800000190735, 3195082.1689 ], [ 648339.703499999828637, 3195233.419099999591708 ], [ 648466.117300000041723, 3195308.839999999850988 ], [ 648537.657800000160933, 3195347.316999999806285 ], [ 648670.721599999815226, 3195409.559599999338388 ], [ 648772.326500000432134, 3195447.914799999445677 ], [ 648772.326500000432134, 3195447.914799999445677 ], [ 648861.097099999897182, 3195475.471100000664592 ], [ 648989.293700000271201, 3195501.44370000064373 ], [ 649100.593000000342727, 3195519.041600000113249 ], [ 649177.336099999956787, 3195530.488600000739098 ], [ 649289.577200000174344, 3195521.015599999576807 ], [ 649380.057199999690056, 3195512.927400000393391 ], [ 649466.171000000089407, 3195504.650299999862909 ], [ 649517.578900000080466, 3195490.43129999935627 ], [ 649645.830799999646842, 3195449.83669999986887 ], [ 649709.743800000287592, 3195429.709100000560284 ], [ 649760.549499999731779, 3195401.142699999734759 ], [ 649803.965300000272691, 3195375.2675 ], [ 649979.770999999716878, 3195498.14130000025034 ], [ 649989.971900000236928, 3195483.308900000527501 ], [ 649703.169800000265241, 3195297.379699999466538 ], [ 649683.07010000012815, 3195307.204600000753999 ], [ 649673.235700000077486, 3195332.0219 ], [ 649650.073200000450015, 3195338.008199999108911 ], [ 649618.860600000247359, 3195352.122099999338388 ], [ 649460.389299999922514, 3195400.36119999922812 ], [ 649270.608300000429153, 3195423.95240000076592 ], [ 649033.318900000303984, 3195411.912699999287724 ], [ 648831.597199999727309, 3195361.721699999645352 ], [ 648572.067400000058115, 3195260.503699999302626 ], [ 648345.102400000207126, 3195109.419800000265241 ], [ 648230.348899999633431, 3195010.065099999308586 ], [ 648115.935899999924004, 3194872.249800000339746 ], [ 648047.399000000208616, 3194745.64780000038445 ], [ 648003.61699999962002, 3194739.394400000572205 ] ] ] ] } },
{ "type": "Feature", "properties": { "SECTOR_NO": "8", "CATEGORY": "OPEN SPACE", "ZONE": "NON-CONFORMING", "GREEN": 110, "ORANGE": 0, "RED": 0, "WHITE": 0, "SEC(IN HAC": 103.2, "IND(IN HAC": 5.44, "AREA(%AGE)": 5.27, "TOTAL IND": 110 }, "geometry": { "type": "MultiPolygon", "coordinates": [ [ [ [ 653870.067599999718368, 3198368.138599999248981 ], [ 653779.452100000344217, 3198321.128499999642372 ], [ 653681.975300000049174, 3198317.310200000181794 ], [ 653447.883399999700487, 3198319.241599999368191 ], [ 653395.002000000327826, 3198333.4572 ], [ 653338.394000000320375, 3198363.801799999549985 ], [ 653338.394000000320375, 3198363.801799999549985 ], [ 653183.587899999693036, 3198660.942500000819564 ], [ 653055.879999999888241, 3198922.725600000470877 ], [ 652949.786899999715388, 3199123.23450000025332 ], [ 652839.716500000096858, 3199282.300100000575185 ], [ 652763.271999999880791, 3199387.183199999853969 ], [ 652733.159199999645352, 3199427.546 ], [ 652824.757000000216067, 3199518.683900000527501 ], [ 652978.675699999555945, 3199615.0603 ], [ 653094.674800000153482, 3199650.214800000190735 ], [ 653252.378100000321865, 3199690.966399999335408 ], [ 653505.790500000119209, 3199763.247700000181794 ], [ 653689.860700000077486, 3199822.845599999651313 ], [ 653891.930100000463426, 3199835.621999999508262 ], [ 653960.373200000263751, 3199804.5976 ], [ 654051.4222999997437, 3199741.9386 ], [ 654389.813299999572337, 3199486.341499999165535 ], [ 654198.653699999675155, 3199209.80489999987185 ], [ 654116.905799999833107, 3199046.089199999347329 ], [ 654093.554999999701977, 3198911.727900000289083 ], [ 653870.067599999718368, 3198368.138599999248981 ] ] ] ] } },
{ "type": "Feature", "properties": { "SECTOR_NO": "39", "CATEGORY": "OPEN SPACE", "ZONE": "NON-CONFORMING", "GREEN": 0, "ORANGE": 0, "RED": 0, "WHITE": 0, "SEC(IN HAC": 104.2, "IND(IN HAC": 0.0, "AREA(%AGE)": 0.0, "TOTAL IND": 0 }, "geometry": { "type": "MultiPolygon", "coordinates": [ [ [ [ 652283.982800000347197, 3200018.10950000025332 ], [ 652161.947599999606609, 3199879.816400000825524 ], [ 652052.225899999961257, 3199796.746300000697374 ], [ 652017.21169999986887, 3199776.528200000524521 ], [ 651955.631000000052154, 3199747.182700000703335 ], [ 651887.100899999961257, 3199715.2906 ], [ 651804.586099999956787, 3199682.706900000572205 ], [ 651804.586099999956787, 3199682.706900000572205 ], [ 651753.367499999701977, 3199669.332599999383092 ], [ 651753.367499999701977, 3199669.332599999383092 ], [ 651753.367499999701977, 3199669.332599999383092 ], [ 651604.458700000308454, 3199655.183700000867248 ], [ 651521.8909, 3199652.406700000166893 ], [ 651443.561599999666214, 3199662.725600000470877 ], [ 651309.6579, 3199694.332000000402331 ], [ 651329.979000000283122, 3199714.622199999168515 ], [ 651508.755199999548495, 3199865.466900000348687 ], [ 651565.107400000095367, 3199913.194199999794364 ], [ 651663.651499999687076, 3199993.687300000339746 ], [ 651898.5455, 3200161.484999999403954 ], [ 651991.394700000062585, 3200222.758199999108911 ], [ 652084.884300000034273, 3200297.674000000581145 ], [ 652283.982800000347197, 3200018.10950000025332 ] ] ] ] } },
{ "type": "Feature", "properties": { "SECTOR_NO": "33", "CATEGORY": "OPEN SPACE", "ZONE": "NON-CONFORMING", "GREEN": 0, "ORANGE": 0, "RED": 0, "WHITE": 0, "SEC(IN HAC": 105.2, "IND(IN HAC": 0.0, "AREA(%AGE)": 0.0, "TOTAL IND": 0 }, "geometry": { "type": "MultiPolygon", "coordinates": [ [ [ [ 660587.048000000417233, 3198077.213899999856949 ], [ 660591.956199999898672, 3197850.17 ], [ 660294.36600000038743, 3197818.147700000554323 ], [ 660587.048000000417233, 3198077.213899999856949 ] ] ] ] } },
{ "type": "Feature", "properties": { "SECTOR_NO": "21-E", "CATEGORY": "OPEN SPACE", "ZONE": "NON-CONFORMING", "GREEN": 1, "ORANGE": 0, "RED": 0, "WHITE": 0, "SEC(IN HAC": 106.2, "IND(IN HAC": 0.92, "AREA(%AGE)": 0.87, "TOTAL IND": 1 }, "geometry": { "type": "MultiPolygon", "coordinates": [ [ [ [ 648522.630599999800324, 3194645.380999999120831 ], [ 648307.101800000295043, 3194585.6963 ], [ 648079.243800000287592, 3194534.769200000911951 ], [ 649332.493200000375509, 3193873.264499999582767 ], [ 649833.853099999949336, 3193586.0559 ], [ 650136.736999999731779, 3193416.003200000151992 ], [ 650160.875199999660254, 3193437.32660000026226 ], [ 650184.448099999688566, 3193445.19620000012219 ], [ 650217.539099999703467, 3193460.753100000321865 ], [ 650273.182199999690056, 3193505.1305 ], [ 650292.592199999839067, 3193526.58049999922514 ], [ 650431.696800000034273, 3193604.652699999511242 ], [ 650522.611399999819696, 3193668.517100000753999 ], [ 650539.074599999934435, 3193767.900399999693036 ], [ 650556.308100000023842, 3194234.5559 ], [ 650406.177899999544024, 3194629.2804000005126 ], [ 650423.292600000277162, 3194748.85329999960959 ], [ 650440.012500000186265, 3194722.4814 ], [ 650425.700500000268221, 3194685.316800000146031 ], [ 650424.996799999848008, 3194625.6381 ], [ 650488.878100000321865, 3194491.791999999433756 ], [ 650582.220999999903142, 3194254.3277000002563 ], [ 650593.216099999845028, 3194205.306399999186397 ], [ 650580.288200000301003, 3193834.304099999368191 ], [ 650571.20409999974072, 3193679.549200000241399 ], [ 650557.488599999807775, 3193653.318 ], [ 650453.801400000229478, 3193562.255300000309944 ], [ 650314.728900000452995, 3193461.279400000348687 ], [ 650058.104199999943376, 3193310.877299999818206 ], [ 649941.879900000058115, 3193373.24269999936223 ], [ 649490.728699999861419, 3193619.111099999397993 ], [ 648972.614500000141561, 3193896.069499999284744 ], [ 648318.813500000163913, 3194256.611400000751019 ], [ 647707.873300000093877, 3194595.044299999251962 ], [ 648033.283599999733269, 3194688.286299999803305 ], [ 648531.85120000038296, 3194805.61009999923408 ], [ 648522.630599999800324, 3194645.380999999120831 ] ] ] ] } },
{ "type": "Feature", "properties": { "SECTOR_NO": "21-E", "CATEGORY": "OPEN SPACE", "ZONE": "NON-CONFORMING", "GREEN": 1, "ORANGE": 0, "RED": 0, "WHITE": 0, "SEC(IN HAC": 107.2, "IND(IN HAC": 0.92, "AREA(%AGE)": 0.86, "TOTAL IND": 1 }, "geometry": { "type": "MultiPolygon", "coordinates": [ [ [ [ 650516.862800000235438, 3194700.5793999992311 ], [ 650557.357599999755621, 3194544.788699999451637 ], [ 650669.373999999836087, 3194274.705199999734759 ], [ 650682.747600000351667, 3194005.191800000146031 ], [ 650663.444899999536574, 3193783.07039999961853 ], [ 650643.452200000174344, 3193613.886299999430776 ], [ 650607.423000000417233, 3193525.221300000324845 ], [ 650555.882100000046194, 3193463.993200000375509 ], [ 650491.713899999856949, 3193420.29759999923408 ], [ 650357.002500000409782, 3193310.973899999633431 ], [ 651011.027099999599159, 3192978.919099999591708 ], [ 650967.964100000448525, 3192869.0921 ], [ 650365.464900000020862, 3193143.631100000813603 ], [ 650058.104199999943376, 3193310.877299999818206 ], [ 650143.641900000162423, 3193361.3607 ], [ 650222.135200000368059, 3193327.501900000497699 ], [ 650399.707600000314415, 3193440.742499999701977 ], [ 650530.272099999710917, 3193555.895899999886751 ], [ 650614.897699999623001, 3193647.761800000444055 ], [ 650638.921699999831617, 3193961.970200000330806 ], [ 650650.920599999837577, 3194176.853000000119209 ], [ 650643.676199999637902, 3194250.295199999585748 ], [ 650617.207600000314415, 3194322.961899999529123 ], [ 650568.9222999997437, 3194451.9679000005126 ], [ 650504.861299999989569, 3194613.755300000309944 ], [ 650485.823900000192225, 3194655.5285 ], [ 650505.116499999538064, 3194707.88539999909699 ], [ 650516.862800000235438, 3194700.5793999992311 ] ] ] ] } },
{ "type": "Feature", "properties": { "SECTOR_NO": "33", "CATEGORY": "OPEN SPACE", "ZONE": "NON-CONFORMING", "GREEN": 0, "ORANGE": 0, "RED": 0, "WHITE": 0, "SEC(IN HAC": 108.2, "IND(IN HAC": 0.0, "AREA(%AGE)": 0.0, "TOTAL IND": 0 }, "geometry": { "type": "MultiPolygon", "coordinates": [ [ [ [ 659065.704699999652803, 3195678.491800000891089 ], [ 659232.412299999967217, 3195923.832900000736117 ], [ 659523.002199999988079, 3196212.721300000324845 ], [ 659720.518099999986589, 3196384.286399999633431 ], [ 659856.769399999640882, 3196548.035299999639392 ], [ 659874.07909999974072, 3196564.212300000712276 ], [ 659848.573599999770522, 3196443.331599999219179 ], [ 659863.782999999821186, 3196294.376000000163913 ], [ 659908.574400000274181, 3196161.767100000753999 ], [ 659988.538499999791384, 3196021.676000000908971 ], [ 660019.851300000213087, 3195976.288699999451637 ], [ 659881.176199999637902, 3195733.812899999320507 ], [ 659743.549399999901652, 3195494.3421 ], [ 659716.815499999560416, 3195462.097699999809265 ], [ 659695.901300000026822, 3195452.844100000336766 ], [ 659065.704699999652803, 3195678.491800000891089 ] ] ] ] } },
{ "type": "Feature", "properties": { "SECTOR_NO": "33", "CATEGORY": "OPEN SPACE", "ZONE": "NON-CONFORMING", "GREEN": 0, "ORANGE": 0, "RED": 0, "WHITE": 0, "SEC(IN HAC": 109.2, "IND(IN HAC": 0.0, "AREA(%AGE)": 0.0, "TOTAL IND": 0 }, "geometry": { "type": "MultiPolygon", "coordinates": [ [ [ [ 659907.651800000108778, 3196624.691500000655651 ], [ 660196.2489, 3197608.352800000458956 ], [ 660253.026800000108778, 3197559.583799999207258 ], [ 660281.679999999701977, 3197516.152499999850988 ], [ 660308.801599999889731, 3197456.762499999254942 ], [ 660404.49280000012368, 3197383.38230000063777 ], [ 660709.774400000460446, 3197115.188200000673532 ], [ 660903.431200000457466, 3196931.859400000423193 ], [ 660906.393299999646842, 3196907.994100000709295 ], [ 660690.528400000184774, 3196733.910800000652671 ], [ 660513.845099999569356, 3196594.49239999987185 ], [ 660242.427299999631941, 3196379.554099999368191 ], [ 660198.465099999681115, 3196341.3421 ], [ 660124.753399999812245, 3196219.792999999597669 ], [ 660046.767699999734759, 3196090.216499999165535 ], [ 660031.408999999985099, 3195996.370699999853969 ], [ 660024.052099999971688, 3196021.171299999579787 ], [ 659976.61739999987185, 3196091.238099999725819 ], [ 659910.926099999807775, 3196213.596799999475479 ], [ 659885.049899999983609, 3196325.549200000241399 ], [ 659874.880300000309944, 3196427.010700000450015 ], [ 659881.78870000038296, 3196529.7043999992311 ], [ 659907.651800000108778, 3196624.691500000655651 ] ] ] ] } },
{ "type": "Feature", "properties": { "SECTOR_NO": "30-B", "CATEGORY": "OPEN SPACE", "ZONE": "NON-CONFORMING", "GREEN": 5, "ORANGE": 0, "RED": 0, "WHITE": 0, "SEC(IN HAC": 110.2, "IND(IN HAC": 1.19, "AREA(%AGE)": 1.08, "TOTAL IND": 5 }, "geometry": { "type": "MultiPolygon", "coordinates": [ [ [ [ 662279.832700000144541, 3194275.296599999070168 ], [ 662637.798899999819696, 3194023.535800000652671 ], [ 662778.686099999584258, 3193833.592800000682473 ], [ 662844.069199999794364, 3193859.968599999323487 ], [ 662878.848600000143051, 3193867.826899999752641 ], [ 662995.898599999956787, 3193870.144500000402331 ], [ 663062.267599999904633, 3193850.312599999830127 ], [ 663120.832299999892712, 3193812.953700000420213 ], [ 663170.667899999767542, 3193734.440400000661612 ], [ 663182.189799999818206, 3193684.611099999397993 ], [ 663188.081699999980628, 3193641.48509999923408 ], [ 663190.756000000052154, 3193541.035900000482798 ], [ 663177.007299999706447, 3193445.378799999132752 ], [ 663128.037299999967217, 3193277.8772 ], [ 663185.544700000435114, 3193036.91579999960959 ], [ 663380.725200000219047, 3192541.164000000804663 ], [ 663492.873499999754131, 3192387.801699999719858 ], [ 663715.821899999864399, 3192746.564099999144673 ], [ 663825.868300000205636, 3192902.518300000578165 ], [ 663844.543399999849498, 3193070.129899999126792 ], [ 663845.411899999715388, 3193504.4485 ], [ 663823.771900000050664, 3194042.044800000265241 ], [ 663768.938799999654293, 3194260.912399999797344 ], [ 663670.5296, 3194771.025800000876188 ], [ 663570.310499999672174, 3194913.5472999997437 ], [ 663427.778400000184774, 3195046.1919 ], [ 663631.792200000025332, 3195123.1031 ], [ 663724.780299999751151, 3194871.903100000694394 ], [ 663804.253100000321865, 3194584.652100000530481 ], [ 663904.50719999987632, 3194068.588899999856949 ], [ 663959.093399999663234, 3193557.856200000271201 ], [ 663961.127399999648333, 3193290.427799999713898 ], [ 663949.964599999599159, 3192964.041899999603629 ], [ 663909.965499999932945, 3192816.0504 ], [ 663607.001799999736249, 3192379.45240000076592 ], [ 663504.346599999815226, 3192258.469100000336766 ], [ 663387.923899999819696, 3192242.880400000140071 ], [ 663324.418399999849498, 3192330.638499999418855 ], [ 663268.068099999800324, 3192470.793700000271201 ], [ 663139.571100000292063, 3192783.255599999800324 ], [ 663002.126899999566376, 3193077.662799999117851 ], [ 663123.168800000101328, 3193449.423000000417233 ], [ 663140.808000000193715, 3193566.714800000190735 ], [ 663130.945700000040233, 3193644.272600000724196 ], [ 663082.339499999769032, 3193733.237700000405312 ], [ 662974.678000000305474, 3193781.526799999177456 ], [ 662913.307599999941885, 3193780.662799999117851 ], [ 662839.803299999795854, 3193769.667400000616908 ], [ 662720.62540000025183, 3193764.006899999454618 ], [ 662691.992700000293553, 3193679.931099999696016 ], [ 662417.822999999858439, 3193877.294600000604987 ], [ 662180.073400000110269, 3194073.182199999690056 ], [ 662167.074000000022352, 3194124.797700000926852 ], [ 662279.832700000144541, 3194275.296599999070168 ] ] ] ] } },
{ "type": "Feature", "properties": { "SECTOR_NO": "30-B", "CATEGORY": "OPEN SPACE", "ZONE": "NON-CONFORMING", "GREEN": 5, "ORANGE": 0, "RED": 0, "WHITE": 0, "SEC(IN HAC": 111.2, "IND(IN HAC": 1.19, "AREA(%AGE)": 1.07, "TOTAL IND": 5 }, "geometry": { "type": "MultiPolygon", "coordinates": [ [ [ [ 662351.881099999882281, 3193889.8169 ], [ 662250.802699999883771, 3193719.061200000345707 ], [ 662261.982099999673665, 3193296.868300000205636 ], [ 662486.635300000198185, 3193035.5526 ], [ 662864.699799999594688, 3192810.2654 ], [ 663148.108199999667704, 3192613.040899999439716 ], [ 663193.794300000183284, 3192482.69620000012219 ], [ 663135.727800000458956, 3192495.823599999770522 ], [ 662789.401600000448525, 3192708.101500000804663 ], [ 662233.608, 3193068.860200000926852 ], [ 662040.185800000093877, 3193229.512800000607967 ], [ 662005.203499999828637, 3193348.057800000533462 ], [ 661989.705299999564886, 3193452.930099999532104 ], [ 661992.167700000107288, 3193652.932800000533462 ], [ 662065.76549999974668, 3193845.215600000694394 ], [ 662122.834599999710917, 3193965.29869999922812 ], [ 662165.720800000242889, 3194033.6349 ], [ 662351.881099999882281, 3193889.8169 ] ] ] ] } },
{ "type": "Feature", "properties": { "SECTOR_NO": "22-D", "CATEGORY": "OPEN SPACE", "ZONE": "NON-CONFORMING", "GREEN": 1, "ORANGE": 0, "RED": 0, "WHITE": 0, "SEC(IN HAC": 112.2, "IND(IN HAC": 0.52, "AREA(%AGE)": 0.46, "TOTAL IND": 1 }, "geometry": { "type": "MultiPolygon", "coordinates": [ [ [ [ 653932.336600000038743, 3191748.472899999469519 ], [ 655852.905600000172853, 3191295.856899999082088 ], [ 655900.692999999970198, 3191315.714600000530481 ], [ 655918.7204, 3191345.536000000312924 ], [ 655697.125300000421703, 3192194.718699999153614 ], [ 655642.260099999606609, 3192293.889000000432134 ], [ 655463.308199999853969, 3192828.300899999216199 ], [ 655589.619099999777973, 3193013.39949999935925 ], [ 655695.87569999974221, 3192676.163100000470877 ], [ 656033.726700000464916, 3191487.4145 ], [ 655965.105700000189245, 3191372.938100000843406 ], [ 655922.468100000172853, 3191282.717700000852346 ], [ 655872.03760000038892, 3191250.16469999961555 ], [ 655370.84360000025481, 3191247.416500000283122 ], [ 654462.911299999803305, 3191492.260299999266863 ], [ 653827.344800000078976, 3191702.936699999496341 ], [ 653989.999900000169873, 3192001.924799999222159 ], [ 654151.144399999640882, 3192281.970499999821186 ], [ 654304.090200000442564, 3192518.580900000408292 ], [ 654427.159300000406802, 3192627.796700000762939 ], [ 654847.443599999882281, 3192774.35329999960959 ], [ 655214.217799999751151, 3192888.832100000232458 ], [ 655582.658599999733269, 3193009.321699999272823 ], [ 655463.308199999853969, 3192828.300899999216199 ], [ 655274.514499999582767, 3192781.940300000831485 ], [ 654899.896999999880791, 3192729.111300000920892 ], [ 654463.637000000104308, 3192563.912499999627471 ], [ 654197.672399999573827, 3192253.579500000923872 ], [ 654024.917899999767542, 3191887.226700000464916 ], [ 653932.336600000038743, 3191748.472899999469519 ] ] ] ] } },
{ "type": "Feature", "properties": { "SECTOR_NO": "29", "CATEGORY": "PUBLIC AND SEMI PUBLIC", "ZONE": "NON-CONFORMING", "GREEN": 3, "ORANGE": 0, "RED": 0, "WHITE": 0, "SEC(IN HAC": 113.2, "IND(IN HAC": 1.16, "AREA(%AGE)": 1.02, "TOTAL IND": 3 }, "geometry": { "type": "MultiPolygon", "coordinates": [ [ [ [ 660250.181800000369549, 3196327.608200000599027 ], [ 661199.450600000098348, 3195811.162100000306964 ], [ 660684.236399999819696, 3195004.187100000679493 ], [ 660506.491399999707937, 3195118.214999999850988 ], [ 660436.047100000083447, 3195330.106899999082088 ], [ 660059.560399999842048, 3195965.651799999177456 ], [ 660080.941399999894202, 3196064.378799999132752 ], [ 660250.181800000369549, 3196327.608200000599027 ] ] ] ] } },
{ "type": "Feature", "properties": { "SECTOR_NO": "29", "CATEGORY": "PUBLIC AND SEMI PUBLIC", "ZONE": "NON-CONFORMING", "GREEN": 3, "ORANGE": 0, "RED": 0, "WHITE": 0, "SEC(IN HAC": 114.2, "IND(IN HAC": 1.16, "AREA(%AGE)": 1.02, "TOTAL IND": 3 }, "geometry": { "type": "MultiPolygon", "coordinates": [ [ [ [ 660041.432699999772012, 3195937.241399999707937 ], [ 660228.169400000013411, 3195621.074999999254942 ], [ 660350.089100000448525, 3195427.528899999335408 ], [ 660405.014499999582767, 3195291.824699999764562 ], [ 660485.92920000012964, 3195115.641100000590086 ], [ 660346.582700000144541, 3195174.470899999141693 ], [ 660277.007799999788404, 3195386.67200000025332 ], [ 660121.199199999682605, 3195515.399000000208616 ], [ 659860.174999999813735, 3195604.029799999669194 ], [ 660041.432699999772012, 3195937.241399999707937 ] ] ] ] } },
{ "type": "Feature", "properties": { "SECTOR_NO": "15", "CATEGORY": "PUBLIC AND SEMI PUBLIC", "ZONE": "NON-CONFORMING", "GREEN": 3, "ORANGE": 0, "RED": 0, "WHITE": 0, "SEC(IN HAC": 115.2, "IND(IN HAC": 0.5, "AREA(%AGE)": 0.43, "TOTAL IND": 3 }, "geometry": { "type": "MultiPolygon", "coordinates": [ [ [ [ 658229.164200000464916, 3195961.3619 ], [ 658623.428899999707937, 3195787.964400000870228 ], [ 658628.055100000463426, 3195706.348300000652671 ], [ 658591.125199999660254, 3195586.310900000855327 ], [ 658583.159199999645352, 3195329.631100000813603 ], [ 658590.869699999690056, 3195061.3673 ], [ 658522.530600000172853, 3194833.8202 ], [ 658472.033900000154972, 3194679.730499999597669 ], [ 658338.47649999987334, 3194572.316600000485778 ], [ 658168.365500000305474, 3194476.855799999088049 ], [ 657982.094800000078976, 3194376.694599999114871 ], [ 657708.208899999968708, 3194271.357999999076128 ], [ 656597.159900000318885, 3195154.23589999973774 ], [ 656917.041600000113249, 3195745.761399999260902 ], [ 657512.884800000116229, 3195254.323699999600649 ], [ 657608.397699999623001, 3195193.8673 ], [ 657671.315700000151992, 3195209.167999999597669 ], [ 658229.164200000464916, 3195961.3619 ] ] ] ] } },
{ "type": "Feature", "properties": { "SECTOR_NO": "15", "CATEGORY": "PUBLIC AND SEMI PUBLIC", "ZONE": "NON-CONFORMING", "GREEN": 3, "ORANGE": 0, "RED": 0, "WHITE": 0, "SEC(IN HAC": 116.2, "IND(IN HAC": 0.5, "AREA(%AGE)": 0.43, "TOTAL IND": 3 }, "geometry": { "type": "MultiPolygon", "coordinates": [ [ [ [ 657749.400100000202656, 3196169.464700000360608 ], [ 658026.07039999961853, 3196067.656700000166893 ], [ 658018.84499999973923, 3195826.5044 ], [ 657684.003999999724329, 3195821.934299999848008 ], [ 657695.270800000056624, 3195895.79839999973774 ], [ 657628.762199999764562, 3195886.923000000417233 ], [ 657623.654400000348687, 3196004.391699999570847 ], [ 657695.394299999810755, 3196015.330600000917912 ], [ 657749.400100000202656, 3196169.464700000360608 ] ] ] ] } },
{ "type": "Feature", "properties": { "SECTOR_NO": "15", "CATEGORY": "PUBLIC AND SEMI PUBLIC", "ZONE": "NON-CONFORMING", "GREEN": 3, "ORANGE": 0, "RED": 0, "WHITE": 0, "SEC(IN HAC": 117.2, "IND(IN HAC": 0.5, "AREA(%AGE)": 0.43, "TOTAL IND": 3 }, "geometry": { "type": "MultiPolygon", "coordinates": [ [ [ [ 656761.729100000113249, 3196289.259700000286102 ], [ 657186.994900000281632, 3196089.839199999347329 ], [ 656951.071100000292063, 3195773.864499999210238 ], [ 656756.313799999654293, 3195912.666899999603629 ], [ 656624.293399999849498, 3196080.212099999189377 ], [ 656761.729100000113249, 3196289.259700000286102 ] ] ] ] } },
{ "type": "Feature", "properties": { "SECTOR_NO": "15", "CATEGORY": "PUBLIC AND SEMI PUBLIC", "ZONE": "NON-CONFORMING", "GREEN": 3, "ORANGE": 0, "RED": 0, "WHITE": 0, "SEC(IN HAC": 118.2, "IND(IN HAC": 0.5, "AREA(%AGE)": 0.42, "TOTAL IND": 3 }, "geometry": { "type": "MultiPolygon", "coordinates": [ [ [ [ 656123.012500000186265, 3196488.799200000241399 ], [ 656579.192800000309944, 3196076.613099999725819 ], [ 656608.860000000335276, 3195957.484999999403954 ], [ 656896.806200000457466, 3195767.151699999347329 ], [ 656559.399100000038743, 3195174.8915 ], [ 655629.433600000105798, 3195904.420199999585748 ], [ 656123.012500000186265, 3196488.799200000241399 ] ] ] ] } },
{ "type": "Feature", "properties": { "SECTOR_NO": "16", "CATEGORY": "PUBLIC AND SEMI PUBLIC", "ZONE": "NON-CONFORMING", "GREEN": 3, "ORANGE": 0, "RED": 0, "WHITE": 0, "SEC(IN HAC": 119.2, "IND(IN HAC": 0.94, "AREA(%AGE)": 0.79, "TOTAL IND": 3 }, "geometry": { "type": "MultiPolygon", "coordinates": [ [ [ [ 655703.811900000087917, 3196777.487700000405312 ], [ 655545.232099999673665, 3196640.509099999442697 ], [ 655452.072100000455976, 3196544.00620000064373 ], [ 655317.300999999977648, 3196591.9989 ], [ 655221.745400000363588, 3196657.4527000002563 ], [ 655318.873999999836087, 3196931.682199999690056 ], [ 655703.811900000087917, 3196777.487700000405312 ] ] ] ] } },
{ "type": "Feature", "properties": { "SECTOR_NO": "16", "CATEGORY": "PUBLIC AND SEMI PUBLIC", "ZONE": "NON-CONFORMING", "GREEN": 3, "ORANGE": 0, "RED": 0, "WHITE": 0, "SEC(IN HAC": 120.2, "IND(IN HAC": 0.94, "AREA(%AGE)": 0.78, "TOTAL IND": 3 }, "geometry": { "type": "MultiPolygon", "coordinates": [ [ [ [ 655060.537700000219047, 3197663.443099999800324 ], [ 655250.783099999651313, 3197661.016699999570847 ], [ 655213.076700000092387, 3197466.2752 ], [ 655485.524000000208616, 3197397.223200000822544 ], [ 655438.359600000083447, 3197254.149800000712276 ], [ 655102.592899999581277, 3197338.290300000458956 ], [ 655060.537700000219047, 3197663.443099999800324 ] ] ] ] } },
{ "type": "Feature", "properties": { "SECTOR_NO": "13", "CATEGORY": "PUBLIC AND SEMI PUBLIC", "ZONE": "NON-CONFORMING", "GREEN": 4, "ORANGE": 0, "RED": 0, "WHITE": 1, "SEC(IN HAC": 121.2, "IND(IN HAC": 0.12, "AREA(%AGE)": 0.1, "TOTAL IND": 5 }, "geometry": { "type": "MultiPolygon", "coordinates": [ [ [ [ 655096.127899999730289, 3198086.9101 ], [ 655323.003200000151992, 3198058.440899999812245 ], [ 655327.918700000271201, 3197981.606599999591708 ], [ 655268.388799999840558, 3197685.286499999463558 ], [ 655166.767500000074506, 3197675.230200000107288 ], [ 655009.047622333164327, 3197682.902911193203181 ], [ 655014.492140238056891, 3197767.872357917483896 ], [ 655096.127899999730289, 3198086.9101 ] ] ] ] } },
{ "type": "Feature", "properties": { "SECTOR_NO": "13", "CATEGORY": "PUBLIC AND SEMI PUBLIC", "ZONE": "NON-CONFORMING", "GREEN": 4, "ORANGE": 0, "RED": 0, "WHITE": 1, "SEC(IN HAC": 122.2, "IND(IN HAC": 0.12, "AREA(%AGE)": 0.1, "TOTAL IND": 5 }, "geometry": { "type": "MultiPolygon", "coordinates": [ [ [ [ 655327.918700000271201, 3197981.606599999591708 ], [ 655544.604700000025332, 3197927.371099999174476 ], [ 655454.53899999987334, 3197585.36009999923408 ], [ 655371.021800000220537, 3197642.962899999693036 ], [ 655268.388799999840558, 3197685.286499999463558 ], [ 655327.918700000271201, 3197981.606599999591708 ] ] ] ] } },
{ "type": "Feature", "properties": { "SECTOR_NO": "21-B", "CATEGORY": "PUBLIC AND SEMI PUBLIC", "ZONE": "NON-CONFORMING", "GREEN": 2, "ORANGE": 1, "RED": 0, "WHITE": 0, "SEC(IN HAC": 123.2, "IND(IN HAC": 1.4, "AREA(%AGE)": 1.14, "TOTAL IND": 3 }, "geometry": { "type": "MultiPolygon", "coordinates": [ [ [ [ 650067.010599999688566, 3195462.498099999502301 ], [ 651222.576899999752641, 3196385.398299999535084 ], [ 651256.482400000095367, 3196337.93779999949038 ], [ 651299.0318, 3196308.239099999889731 ], [ 651357.34250000026077, 3196261.098200000822544 ], [ 651398.14159999974072, 3196139.140699999406934 ], [ 651423.457200000062585, 3196069.927200000733137 ], [ 650298.53249999973923, 3195059.945599999278784 ], [ 650067.010599999688566, 3195462.498099999502301 ] ] ] ] } },
{ "type": "Feature", "properties": { "SECTOR_NO": "39", "CATEGORY": "PUBLIC AND SEMI PUBLIC", "ZONE": "NON-CONFORMING", "GREEN": 37, "ORANGE": 0, "RED": 0, "WHITE": 1, "SEC(IN HAC": 124.2, "IND(IN HAC": 1.28, "AREA(%AGE)": 1.03, "TOTAL IND": 38 }, "geometry": { "type": "MultiPolygon", "coordinates": [ [ [ [ 652547.957399999722838, 3199647.714299999177456 ], [ 652705.804160475032404, 3199431.331627908628434 ], [ 652171.664947869023308, 3198771.661062061786652 ], [ 651793.9182315308135, 3198305.179735593963414 ], [ 651616.535000000149012, 3198500.837600000202656 ], [ 652547.957399999722838, 3199647.714299999177456 ] ] ] ] } },
{ "type": "Feature", "properties": { "SECTOR_NO": "7", "CATEGORY": "PUBLIC AND SEMI PUBLIC", "ZONE": "NON-CONFORMING", "GREEN": 1, "ORANGE": 0, "RED": 0, "WHITE": 0, "SEC(IN HAC": 125.2, "IND(IN HAC": 0.62, "AREA(%AGE)": 0.5, "TOTAL IND": 1 }, "geometry": { "type": "MultiPolygon", "coordinates": [ [ [ [ 654536.001799999736249, 3201561.034199999645352 ], [ 654604.515599999576807, 3201524.131999999284744 ], [ 655583.044700000435114, 3200632.541999999433756 ], [ 655706.715900000184774, 3200563.6119 ], [ 655479.769100000150502, 3200065.531300000846386 ], [ 655479.769100000150502, 3200065.531300000846386 ], [ 654152.989099999889731, 3201189.900000000372529 ], [ 654264.269500000402331, 3201327.748299999162555 ], [ 654438.200500000268221, 3201535.142100000753999 ], [ 654468.170800000429153, 3201560.75650000013411 ], [ 654536.001799999736249, 3201561.034199999645352 ] ] ] ] } },
{ "type": "Feature", "properties": { "SECTOR_NO": "15", "CATEGORY": "PUBLIC AND SEMI PUBLIC", "ZONE": "NON-CONFORMING", "GREEN": 3, "ORANGE": 0, "RED": 0, "WHITE": 0, "SEC(IN HAC": 126.2, "IND(IN HAC": 0.5, "AREA(%AGE)": 0.4, "TOTAL IND": 3 }, "geometry": { "type": "MultiPolygon", "coordinates": [ [ [ [ 658693.523199999704957, 3195711.230799999088049 ], [ 658782.604100000113249, 3195736.3596 ], [ 658949.889000000432134, 3195684.8684 ], [ 658888.172100000083447, 3195582.4189 ], [ 658835.623200000263751, 3195450.710899999365211 ], [ 658754.369199999608099, 3195238.423900000751019 ], [ 658525.562400000169873, 3194532.544399999082088 ], [ 658469.750500000081956, 3194574.362800000235438 ], [ 658527.448699999600649, 3194650.856000000610948 ], [ 658585.963800000026822, 3194859.591700000688434 ], [ 658642.382799999788404, 3195029.202600000426173 ], [ 658655.739299999549985, 3195078.194199999794364 ], [ 658630.870600000023842, 3195549.0044 ], [ 658693.523199999704957, 3195711.230799999088049 ] ] ] ] } },
{ "type": "Feature", "properties": { "SECTOR_NO": "31-B", "CATEGORY": "PUBLIC AND SEMI PUBLIC", "ZONE": "NON-CONFORMING", "GREEN": 5, "ORANGE": 0, "RED": 0, "WHITE": 0, "SEC(IN HAC": 127.2, "IND(IN HAC": 3.84, "AREA(%AGE)": 3.02, "TOTAL IND": 5 }, "geometry": { "type": "MultiPolygon", "coordinates": [ [ [ [ 662430.125799999572337, 3195932.442800000309944 ], [ 662737.521300000138581, 3195769.417199999094009 ], [ 662625.286899999715388, 3195520.8026 ], [ 662305.689799999818206, 3195709.5592 ], [ 662430.125799999572337, 3195932.442800000309944 ] ] ] ] } },
{ "type": "Feature", "properties": { "SECTOR_NO": "21-B", "CATEGORY": "PUBLIC UTILITIES", "ZONE": "NON-CONFORMING", "GREEN": 1, "ORANGE": 0, "RED": 0, "WHITE": 0, "SEC(IN HAC": 128.2, "IND(IN HAC": 0.85, "AREA(%AGE)": 0.66, "TOTAL IND": 1 }, "geometry": { "type": "MultiPolygon", "coordinates": [ [ [ [ 651311.539900000207126, 3195036.313999999314547 ], [ 651111.760700000450015, 3195143.907999999821186 ], [ 651281.792799999937415, 3195548.061899999156594 ], [ 651440.437400000169873, 3195691.11879999935627 ], [ 651546.456699999980628, 3195785.584300000220537 ], [ 651566.376799999736249, 3195831.8585 ], [ 651559.821600000374019, 3195880.517200000584126 ], [ 651530.237300000153482, 3195993.166500000283122 ], [ 651472.027700000442564, 3196145.36089999973774 ], [ 651410.014600000344217, 3196305.699899999424815 ], [ 651325.048200000077486, 3196369.090099999681115 ], [ 651273.250900000333786, 3196427.241900000721216 ], [ 651399.238499999977648, 3196493.183299999684095 ], [ 651460.738199999555945, 3196428.435699999332428 ], [ 651526.814199999906123, 3196381.397299999371171 ], [ 651743.048799999989569, 3196249.344900000840425 ], [ 652060.006199999712408, 3196051.806399999186397 ], [ 651311.539900000207126, 3195036.313999999314547 ] ] ] ] } },
{ "type": "Feature", "properties": { "SECTOR_NO": "38", "CATEGORY": "PUBLIC UTILITIES", "ZONE": "NON-CONFORMING", "GREEN": 0, "ORANGE": 0, "RED": 0, "WHITE": 0, "SEC(IN HAC": 129.2, "IND(IN HAC": 0.0, "AREA(%AGE)": 0.0, "TOTAL IND": 0 }, "geometry": { "type": "MultiPolygon", "coordinates": [ [ [ [ 652537.593100000172853, 3200874.024299999698997 ], [ 652562.856499999761581, 3200752.70549999922514 ], [ 652589.117600000463426, 3200583.915400000289083 ], [ 652117.767099999822676, 3200288.219200000166893 ], [ 651931.181200000457466, 3200672.728000000119209 ], [ 652537.593100000172853, 3200874.024299999698997 ] ] ] ] } },
{ "type": "Feature", "properties": { "SECTOR_NO": "20", "CATEGORY": "PUBLIC UTILITIES", "ZONE": "NON-CONFORMING", "GREEN": 97, "ORANGE": 1, "RED": 2, "WHITE": 1, "SEC(IN HAC": 130.2, "IND(IN HAC": 6.66, "AREA(%AGE)": 5.12, "TOTAL IND": 101 }, "geometry": { "type": "MultiPolygon", "coordinates": [ [ [ [ 650633.212500000372529, 3197913.994999999180436 ], [ 650643.497800000011921, 3197465.343900000676513 ], [ 650576.85869999974966, 3197471.198899999260902 ], [ 650577.41579999960959, 3197314.887800000607967 ], [ 650358.510599999688566, 3197313.719100000336766 ], [ 650318.906200000084937, 3197970.412599999457598 ], [ 650633.212500000372529, 3197913.994999999180436 ] ] ] ] } },
{ "type": "Feature", "properties": { "SECTOR_NO": "7", "CATEGORY": "PUBLIC UTILITIES", "ZONE": "NON-CONFORMING", "GREEN": 25, "ORANGE": 0, "RED": 0, "WHITE": 1, "SEC(IN HAC": 131.2, "IND(IN HAC": 0.81, "AREA(%AGE)": 0.62, "TOTAL IND": 26 }, "geometry": { "type": "MultiPolygon", "coordinates": [ [ [ [ 653473.269199999980628, 3200379.946399999782443 ], [ 654052.21169999986887, 3199779.768799999728799 ], [ 654052.21169999986887, 3199779.768799999728799 ], [ 653976.81180000025779, 3199833.39159999974072 ], [ 653883.397300000302494, 3199865.553899999707937 ], [ 653754.221300000324845, 3199862.362500000745058 ], [ 653476.492999999783933, 3199783.869300000369549 ], [ 653053.3421, 3199676.567800000309944 ], [ 653170.101800000295043, 3199991.115800000727177 ], [ 653207.39049999974668, 3200051.044700000435114 ], [ 653332.52419999986887, 3200214.013399999588728 ], [ 653473.269199999980628, 3200379.946399999782443 ] ] ] ] } },
{ "type": "Feature", "properties": { "SECTOR_NO": "7", "CATEGORY": "PUBLIC UTILITIES", "ZONE": "NON-CONFORMING", "GREEN": 25, "ORANGE": 0, "RED": 0, "WHITE": 1, "SEC(IN HAC": 132.2, "IND(IN HAC": 0.81, "AREA(%AGE)": 0.61, "TOTAL IND": 26 }, "geometry": { "type": "MultiPolygon", "coordinates": [ [ [ [ 654589.572611535899341, 3199362.619379803072661 ], [ 654755.674999999813735, 3199633.079 ], [ 654940.110799999907613, 3199759.517000000923872 ], [ 655030.908800000324845, 3199813.27170000039041 ], [ 655084.940499999560416, 3199809.180099999532104 ], [ 655215.59360000025481, 3199758.098200000822544 ], [ 655294.099600000306964, 3199699.54109999909997 ], [ 655205.938400000333786, 3199477.949799999594688 ], [ 655175.100700000301003, 3199351.469100000336766 ], [ 655143.17850000038743, 3199278.131899999454618 ], [ 655079.841400000266731, 3199176.218299999833107 ], [ 654970.975300000049174, 3199077.896299999207258 ], [ 654791.641389320604503, 3199202.434945929795504 ], [ 654695.445293035823852, 3199276.815626294352114 ], [ 654589.572611535899341, 3199362.619379803072661 ] ] ] ] } },
{ "type": "Feature", "properties": { "SECTOR_NO": "23", "CATEGORY": "PUBLIC UTILITIES", "ZONE": "NON-CONFORMING", "GREEN": 2, "ORANGE": 0, "RED": 0, "WHITE": 0, "SEC(IN HAC": 133.2, "IND(IN HAC": 0.07, "AREA(%AGE)": 0.05, "TOTAL IND": 2 }, "geometry": { "type": "MultiPolygon", "coordinates": [ [ [ [ 654896.733599999919534, 3195299.363199999555945 ], [ 655350.07660000026226, 3195302.209699999541044 ], [ 655348.009200000204146, 3194672.662900000810623 ], [ 655088.389136610203423, 3194629.768956920597702 ], [ 654896.733599999919534, 3195299.363199999555945 ] ] ] ] } },
{ "type": "Feature", "properties": { "SECTOR_NO": "13", "CATEGORY": "PUBLIC UTILITIES", "ZONE": "NON-CONFORMING", "GREEN": 0, "ORANGE": 0, "RED": 0, "WHITE": 0, "SEC(IN HAC": 134.2, "IND(IN HAC": 0.0, "AREA(%AGE)": 0.0, "TOTAL IND": 0 }, "geometry": { "type": "MultiPolygon", "coordinates": [ [ [ [ 655927.190299999900162, 3197787.550300000235438 ], [ 655906.685300000011921, 3197566.867499999701977 ], [ 655680.502899999730289, 3197584.199400000274181 ], [ 655650.152599999681115, 3197572.444599999114871 ], [ 655667.609400000423193, 3197813.886700000613928 ], [ 655927.190299999900162, 3197787.550300000235438 ] ] ] ] } },
{ "type": "Feature", "properties": { "SECTOR_NO": "24", "CATEGORY": "RESIDENTIAL", "ZONE": "NON-CONFORMING", "GREEN": 1, "ORANGE": 0, "RED": 0, "WHITE": 0, "SEC(IN HAC": 135.2, "IND(IN HAC": 0.13, "AREA(%AGE)": 0.1, "TOTAL IND": 1 }, "geometry": { "type": "MultiPolygon", "coordinates": [ [ [ [ 655824.911799999885261, 3194669.613099999725819 ], [ 655988.329599999822676, 3194817.30629999935627 ], [ 655988.329599999822676, 3194817.30629999935627 ], [ 656055.778699999675155, 3194886.9956 ], [ 656111.530799999833107, 3194917.016000000759959 ], [ 656205.705799999646842, 3194929.348400000482798 ], [ 656320.694199999794364, 3194924.137700000777841 ], [ 656319.638700000010431, 3194807.5822 ], [ 656278.397300000302494, 3194810.013299999758601 ], [ 656447.003100000321865, 3193917.996600000187755 ], [ 656000.526300000026822, 3193794.540300000458956 ], [ 656000.526300000026822, 3193794.540300000458956 ], [ 655824.911799999885261, 3194669.613099999725819 ] ] ] ] } },
{ "type": "Feature", "properties": { "SECTOR_NO": "22-A", "CATEGORY": "RESIDENTIAL", "ZONE": "NON-CONFORMING", "GREEN": 2, "ORANGE": 0, "RED": 0, "WHITE": 0, "SEC(IN HAC": 136.2, "IND(IN HAC": 0.51, "AREA(%AGE)": 0.37, "TOTAL IND": 2 }, "geometry": { "type": "MultiPolygon", "coordinates": [ [ [ [ 653151.929100000299513, 3192234.784600000828505 ], [ 651828.470599999651313, 3192778.394300000742078 ], [ 652930.208399999886751, 3194905.057199999690056 ], [ 652992.456399999558926, 3194812.516100000590086 ], [ 653071.468000000342727, 3194631.756400000303984 ], [ 653197.884200000204146, 3194495.416300000622869 ], [ 653275.943199999630451, 3194469.484300000593066 ], [ 653351.212500000372529, 3194453.890699999406934 ], [ 653491.620799999684095, 3194438.710799999535084 ], [ 653842.911000000312924, 3194259.270400000736117 ], [ 654276.385099999606609, 3193948.455 ], [ 653384.055700000375509, 3192883.864800000563264 ], [ 653119.694099999964237, 3192574.313500000163913 ], [ 653145.675099999643862, 3192412.118899999186397 ], [ 653151.929100000299513, 3192234.784600000828505 ] ] ] ] } },
{ "type": "Feature", "properties": { "SECTOR_NO": "20-A", "CATEGORY": "RESIDENTIAL", "ZONE": "NON-CONFORMING", "GREEN": 1, "ORANGE": 0, "RED": 0, "WHITE": 1, "SEC(IN HAC": 137.2, "IND(IN HAC": 0.57, "AREA(%AGE)": 0.42, "TOTAL IND": 2 }, "geometry": { "type": "MultiPolygon", "coordinates": [ [ [ [ 649598.230800000019372, 3196138.288899999111891 ], [ 650676.057300000451505, 3196655.392300000414252 ], [ 650707.033400000073016, 3196628.474500000476837 ], [ 651377.100700000301003, 3196517.47580000013113 ], [ 650965.601400000043213, 3196253.665999999269843 ], [ 650027.435899999924004, 3195508.247300000861287 ], [ 649598.230800000019372, 3196138.288899999111891 ] ] ] ] } },
{ "type": "Feature", "properties": { "SECTOR_NO": "22", "CATEGORY": "RESIDENTIAL", "ZONE": "NON-CONFORMING", "GREEN": 31, "ORANGE": 1, "RED": 0, "WHITE": 2, "SEC(IN HAC": 138.2, "IND(IN HAC": 0.73, "AREA(%AGE)": 0.53, "TOTAL IND": 34 }, "geometry": { "type": "MultiPolygon", "coordinates": [ [ [ [ 653486.624499975703657, 3195777.119528956711292 ], [ 653809.275700000114739, 3195720.3564 ], [ 654119.511199999600649, 3195679.663200000301003 ], [ 654537.683600000105798, 3195680.760700000450015 ], [ 654712.002173381508328, 3195767.103932172060013 ], [ 655077.342003009631298, 3194587.749864222016186 ], [ 653975.28000000026077, 3194466.533800000324845 ], [ 653940.259200000204146, 3194448.076899999752641 ], [ 653850.58669999986887, 3194323.3037 ], [ 653527.08600000012666, 3194483.9759 ], [ 653338.479600000195205, 3194518.173599999397993 ], [ 653361.32079999987036, 3194580.948200000450015 ], [ 653422.244800000451505, 3194821.558499999344349 ], [ 653429.404949897900224, 3195430.451890294440091 ], [ 653486.624499975703657, 3195777.119528956711292 ] ] ] ] } },
{ "type": "Feature", "properties": { "SECTOR_NO": "23", "CATEGORY": "RESIDENTIAL", "ZONE": "NON-CONFORMING", "GREEN": 16, "ORANGE": 0, "RED": 0, "WHITE": 0, "SEC(IN HAC": 139.2, "IND(IN HAC": 0.37, "AREA(%AGE)": 0.27, "TOTAL IND": 16 }, "geometry": { "type": "MultiPolygon", "coordinates": [ [ [ [ 655153.315999999642372, 3196204.004699999466538 ], [ 656743.019299999810755, 3194896.171700000762939 ], [ 656487.089599999599159, 3194954.464199999347329 ], [ 656481.15639999974519, 3195004.187999999150634 ], [ 656321.533699999563396, 3195008.00650000013411 ], [ 656327.331600000150502, 3194968.241699999198318 ], [ 656251.916500000283122, 3194969.214999999850988 ], [ 656251.916500000283122, 3194969.214999999850988 ], [ 656097.482499999925494, 3194960.560599999502301 ], [ 655997.265300000086427, 3194900.535399999469519 ], [ 655776.830000000074506, 3194686.019099999219179 ], [ 655653.340400000102818, 3194594.010199999436736 ], [ 655556.626699999906123, 3194546.474099999293685 ], [ 655427.4527000002563, 3194464.886900000274181 ], [ 655311.591300000436604, 3194395.9868 ], [ 655280.098100000061095, 3194352.69679999910295 ], [ 655243.01630000025034, 3194226.1458 ], [ 655088.389136610203423, 3194629.768956920597702 ], [ 655348.009200000204146, 3194672.662900000810623 ], [ 655350.07660000026226, 3195302.209699999541044 ], [ 654896.733599999919534, 3195299.363199999555945 ], [ 654817.203276854241267, 3195482.004762811586261 ], [ 654720.08683169411961, 3195781.071425637695938 ], [ 655015.273736394708976, 3195964.973289659712464 ], [ 655092.713679938344285, 3196055.494771205354482 ], [ 655153.315999999642372, 3196204.004699999466538 ] ] ] ] } },
{ "type": "Feature", "properties": { "SECTOR_NO": "24", "CATEGORY": "RESIDENTIAL", "ZONE": "NON-CONFORMING", "GREEN": 1, "ORANGE": 0, "RED": 0, "WHITE": 0, "SEC(IN HAC": 140.2, "IND(IN HAC": 0.13, "AREA(%AGE)": 0.09, "TOTAL IND": 1 }, "geometry": { "type": "MultiPolygon", "coordinates": [ [ [ [ 656488.190499999560416, 3194905.484400000423193 ], [ 656764.347500000149012, 3194858.921 ], [ 657575.848699999973178, 3194212.030899999663234 ], [ 657004.729600000195205, 3194019.20380000025034 ], [ 656676.120400000363588, 3193972.464600000530481 ], [ 656483.455099999904633, 3194801.828099999576807 ], [ 656488.190499999560416, 3194905.484400000423193 ] ] ] ] } },
{ "type": "Feature", "properties": { "SECTOR_NO": "21-A", "CATEGORY": "RESIDENTIAL", "ZONE": "NON-CONFORMING", "GREEN": 18, "ORANGE": 0, "RED": 0, "WHITE": 0, "SEC(IN HAC": 141.2, "IND(IN HAC": 0.73, "AREA(%AGE)": 0.52, "TOTAL IND": 18 }, "geometry": { "type": "MultiPolygon", "coordinates": [ [ [ [ 651452.653800000436604, 3196523.29759999923408 ], [ 651890.360155664966442, 3196807.974612628575414 ], [ 652180.128031684784219, 3196966.151625730097294 ], [ 652366.384899999946356, 3196700.026499999687076 ], [ 652565.675599999725819, 3196479.100600000470877 ], [ 652548.808199999853969, 3196412.064099999144673 ], [ 652478.627100000157952, 3196461.564099999144673 ], [ 652229.885999999940395, 3196253.222400000318885 ], [ 652039.195700000040233, 3196129.692299999296665 ], [ 651925.613800000399351, 3196217.284600000828505 ], [ 651529.335099999792874, 3196428.914200000464916 ], [ 651452.653800000436604, 3196523.29759999923408 ] ] ] ] } },
{ "type": "Feature", "properties": { "SECTOR_NO": "18", "CATEGORY": "RESIDENTIAL", "ZONE": "NON-CONFORMING", "GREEN": 53, "ORANGE": 0, "RED": 0, "WHITE": 6, "SEC(IN HAC": 142.2, "IND(IN HAC": 2.49, "AREA(%AGE)": 1.75, "TOTAL IND": 59 }, "geometry": { "type": "MultiPolygon", "coordinates": [ [ [ [ 653069.786399999633431, 3197328.505200000479817 ], [ 652966.276300000026822, 3197158.2083 ], [ 652706.121299999766052, 3196919.868699999526143 ], [ 652359.567499999888241, 3196740.277100000530481 ], [ 652209.991399999707937, 3196963.751499999314547 ], [ 652591.060600000433624, 3197203.675000000745058 ], [ 652863.801199999637902, 3197412.763699999079108 ], [ 653069.786399999633431, 3197328.505200000479817 ] ] ] ] } },
{ "type": "Feature", "properties": { "SECTOR_NO": "20", "CATEGORY": "RESIDENTIAL", "ZONE": "NON-CONFORMING", "GREEN": 25, "ORANGE": 0, "RED": 0, "WHITE": 0, "SEC(IN HAC": 143.2, "IND(IN HAC": 0.54, "AREA(%AGE)": 0.38, "TOTAL IND": 25 }, "geometry": { "type": "MultiPolygon", "coordinates": [ [ [ [ 651568.323699999600649, 3197095.3277000002563 ], [ 651177.871700000017881, 3196926.466099999845028 ], [ 651184.548600000329316, 3197207.675000000745058 ], [ 651475.318300000391901, 3197199.715700000524521 ], [ 651568.323699999600649, 3197095.3277000002563 ] ] ] ] } },
{ "type": "Feature", "properties": { "SECTOR_NO": "9", "CATEGORY": "RESIDENTIAL", "ZONE": "NON-CONFORMING", "GREEN": 186, "ORANGE": 2, "RED": 0, "WHITE": 3, "SEC(IN HAC": 144.2, "IND(IN HAC": 4.42, "AREA(%AGE)": 3.07, "TOTAL IND": 191 }, "geometry": { "type": "MultiPolygon", "coordinates": [ [ [ [ 652721.006599999964237, 3197647.562300000339746 ], [ 652816.259800000116229, 3197882.881300000473857 ], [ 652820.801099999807775, 3198054.3465 ], [ 652797.831000000238419, 3198174.862500000745058 ], [ 652738.092799999751151, 3198327.276200000196695 ], [ 652622.083300000056624, 3198459.791899999603629 ], [ 652169.541500000283122, 3198736.627299999818206 ], [ 652717.406299999915063, 3199402.545 ], [ 652925.225399999879301, 3199121.228399999439716 ], [ 653285.010999999940395, 3198408.897099999710917 ], [ 653337.795599999837577, 3198332.277599999681115 ], [ 653343.205599999986589, 3198314.700400000438094 ], [ 653298.963399999774992, 3198304.86849999986589 ], [ 653261.386900000274181, 3198294.284800000488758 ], [ 653241.779400000348687, 3198267.130899999290705 ], [ 653232.467699999921024, 3198244.3158 ], [ 653233.118200000375509, 3198195.26410000026226 ], [ 653270.998251386918128, 3198093.539023232646286 ], [ 653321.82068880693987, 3198006.397919651586562 ], [ 653327.124499999918044, 3197938.182900000363588 ], [ 653397.190000000409782, 3197813.468100000172853 ], [ 653470.958599999547005, 3197716.3268 ], [ 653262.312599999830127, 3197638.969699999317527 ], [ 653139.160000000149012, 3197611.914200000464916 ], [ 652929.693099999800324, 3197624.268400000408292 ], [ 652721.006599999964237, 3197647.562300000339746 ] ] ] ] } },
{ "type": "Feature", "properties": { "SECTOR_NO": "40", "CATEGORY": "RESIDENTIAL", "ZONE": "NON-CONFORMING", "GREEN": 105, "ORANGE": 0, "RED": 0, "WHITE": 0, "SEC(IN HAC": 145.2, "IND(IN HAC": 2.33, "AREA(%AGE)": 1.6, "TOTAL IND": 105 }, "geometry": { "type": "MultiPolygon", "coordinates": [ [ [ [ 650342.943500000052154, 3198464.647700000554323 ], [ 650479.240600000135601, 3198447.372600000351667 ], [ 650615.959999999962747, 3198454.476600000634789 ], [ 650723.864199999719858, 3198497.344699999317527 ], [ 650832.5148, 3198619.311599999666214 ], [ 650894.486600000411272, 3198707.173499999567866 ], [ 650914.625099999830127, 3198743.2862 ], [ 650934.056599999777973, 3198784.212500000372529 ], [ 650968.407700000330806, 3198869.273499999195337 ], [ 650993.54700000025332, 3198955.019400000572205 ], [ 650993.54700000025332, 3198955.019400000572205 ], [ 651055.606700000353158, 3199147.333399999886751 ], [ 651094.533300000242889, 3199257.1678 ], [ 651250.83739999961108, 3199006.671700000762939 ], [ 651408.470200000330806, 3198738.816099999472499 ], [ 651563.877399999648333, 3198503.851399999111891 ], [ 651705.884300000034273, 3198333.497600000351667 ], [ 651631.589999999850988, 3198274.11009999923408 ], [ 651534.086099999956787, 3198202.771999999880791 ], [ 651469.672399999573827, 3198174.955700000748038 ], [ 651403.466699999757111, 3198164.440500000491738 ], [ 650758.431599999777973, 3198209.545499999076128 ], [ 650758.431599999777973, 3198209.545499999076128 ], [ 650561.00760000012815, 3198216.551300000399351 ], [ 650342.943500000052154, 3198464.647700000554323 ] ] ] ] } },
{ "type": "Feature", "properties": { "SECTOR_NO": "39", "CATEGORY": "RESIDENTIAL", "ZONE": "NON-CONFORMING", "GREEN": 6, "ORANGE": 0, "RED": 0, "WHITE": 0, "SEC(IN HAC": 146.2, "IND(IN HAC": 0.13, "AREA(%AGE)": 0.09, "TOTAL IND": 6 }, "geometry": { "type": "MultiPolygon", "coordinates": [ [ [ [ 651067.882699999958277, 3199425.724899999797344 ], [ 651144.533099999651313, 3199506.563300000503659 ], [ 651239.473600000143051, 3199632.39640000090003 ], [ 651309.6579, 3199694.332000000402331 ], [ 651366.145499999634922, 3199681.0164 ], [ 651443.561599999666214, 3199662.725600000470877 ], [ 651521.8909, 3199652.406700000166893 ], [ 651604.458700000308454, 3199655.183700000867248 ], [ 651753.367499999701977, 3199669.332599999383092 ], [ 651804.586099999956787, 3199682.706900000572205 ], [ 651887.100899999961257, 3199715.2906 ], [ 651955.631000000052154, 3199747.182700000703335 ], [ 652017.21169999986887, 3199776.528200000524521 ], [ 652052.225899999961257, 3199796.746300000697374 ], [ 652161.947599999606609, 3199879.816400000825524 ], [ 652283.982800000347197, 3200018.10950000025332 ], [ 652547.957399999722838, 3199647.714299999177456 ], [ 651616.535000000149012, 3198500.837600000202656 ], [ 651616.535000000149012, 3198500.837600000202656 ], [ 651067.882699999958277, 3199425.724899999797344 ] ] ] ] } },
{ "type": "Feature", "properties": { "SECTOR_NO": "38", "CATEGORY": "RESIDENTIAL", "ZONE": "NON-CONFORMING", "GREEN": 5, "ORANGE": 0, "RED": 0, "WHITE": 0, "SEC(IN HAC": 147.2, "IND(IN HAC": 0.24, "AREA(%AGE)": 0.16, "TOTAL IND": 5 }, "geometry": { "type": "MultiPolygon", "coordinates": [ [ [ [ 652681.390599999576807, 3200180.099099999293685 ], [ 653173.486200000159442, 3200348.943199999630451 ], [ 653130.671500000171363, 3200277.94370000064373 ], [ 653109.314699999988079, 3200236.13539999909699 ], [ 653012.235600000247359, 3199982.814500000327826 ], [ 652878.428999999538064, 3199874.267200000584126 ], [ 652762.282999999821186, 3199799.122199999168515 ], [ 652762.282999999821186, 3199799.122199999168515 ], [ 652746.303399999625981, 3199968.328099999576807 ], [ 652681.390599999576807, 3200180.099099999293685 ] ] ] ] } },
{ "type": "Feature", "properties": { "SECTOR_NO": "7", "CATEGORY": "RESIDENTIAL", "ZONE": "NON-CONFORMING", "GREEN": 7, "ORANGE": 1, "RED": 0, "WHITE": 0, "SEC(IN HAC": 148.2, "IND(IN HAC": 1.7, "AREA(%AGE)": 1.15, "TOTAL IND": 8 }, "geometry": { "type": "MultiPolygon", "coordinates": [ [ [ [ 654152.989099999889731, 3201189.900000000372529 ], [ 655479.769100000150502, 3200065.531300000846386 ], [ 655379.8432, 3199853.234899999573827 ], [ 655328.696299999952316, 3199752.534099999815226 ], [ 655294.099600000306964, 3199699.54109999909997 ], [ 655215.59360000025481, 3199758.098200000822544 ], [ 655215.59360000025481, 3199758.098200000822544 ], [ 655084.940499999560416, 3199809.180099999532104 ], [ 655030.908800000324845, 3199813.27170000039041 ], [ 655006.677899999544024, 3199798.796399999409914 ], [ 654940.110799999907613, 3199759.517000000923872 ], [ 654885.847000000067055, 3199724.693199999630451 ], [ 654755.674999999813735, 3199633.079 ], [ 654589.572611535899341, 3199362.619379803072661 ], [ 654052.21169999986887, 3199779.768799999728799 ], [ 653473.269199999980628, 3200379.946399999782443 ], [ 654152.989099999889731, 3201189.900000000372529 ] ] ] ] } },
{ "type": "Feature", "properties": { "SECTOR_NO": "10", "CATEGORY": "RESIDENTIAL", "ZONE": "NON-CONFORMING", "GREEN": 335, "ORANGE": 0, "RED": 0, "WHITE": 12, "SEC(IN HAC": 149.2, "IND(IN HAC": 8.75, "AREA(%AGE)": 5.86, "TOTAL IND": 347 }, "geometry": { "type": "MultiPolygon", "coordinates": [ [ [ [ 651466.357599999755621, 3197855.2347 ], [ 651773.235799999907613, 3198252.58049999922514 ], [ 652042.081100000068545, 3197941.795 ], [ 652224.27419999986887, 3197809.724999999627471 ], [ 652500.746899999678135, 3197623.222899999469519 ], [ 652420.92989999987185, 3197618.808199999853969 ], [ 652338.495799999684095, 3197644.6151 ], [ 652285.485299999825656, 3197682.576199999079108 ], [ 652204.739099999889731, 3197748.746799999848008 ], [ 652090.630499999970198, 3197821.202099999412894 ], [ 652038.673299999907613, 3197835.43610000051558 ], [ 651775.862599999643862, 3197827.359200000762939 ], [ 651466.357599999755621, 3197855.2347 ] ] ] ] } },
{ "type": "Feature", "properties": { "SECTOR_NO": "10", "CATEGORY": "RESIDENTIAL", "ZONE": "NON-CONFORMING", "GREEN": 335, "ORANGE": 0, "RED": 0, "WHITE": 12, "SEC(IN HAC": 150.2, "IND(IN HAC": 8.75, "AREA(%AGE)": 5.83, "TOTAL IND": 347 }, "geometry": { "type": "MultiPolygon", "coordinates": [ [ [ [ 652156.470499999821186, 3198718.385800000280142 ], [ 652438.107400000095367, 3198545.187999999150634 ], [ 652609.219700000248849, 3198439.871899999678135 ], [ 652717.426599999889731, 3198310.194299999624491 ], [ 652776.405600000172853, 3198156.334699999541044 ], [ 652792.053000000305474, 3198021.6524 ], [ 652790.817900000140071, 3197947.257999999448657 ], [ 652785.189500000327826, 3197878.511 ], [ 652692.05530000012368, 3197641.716900000348687 ], [ 652563.167999999597669, 3197656.8235 ], [ 652191.3125, 3197925.900299999862909 ], [ 652076.228400000371039, 3198016.412100000306964 ], [ 651793.169499999843538, 3198283.307900000363588 ], [ 652156.470499999821186, 3198718.385800000280142 ] ] ] ] } },
{ "type": "Feature", "properties": { "SECTOR_NO": "19", "CATEGORY": "RESIDENTIAL", "ZONE": "NON-CONFORMING", "GREEN": 253, "ORANGE": 0, "RED": 0, "WHITE": 7, "SEC(IN HAC": 151.2, "IND(IN HAC": 7.44, "AREA(%AGE)": 4.92, "TOTAL IND": 260 }, "geometry": { "type": "MultiPolygon", "coordinates": [ [ [ [ 651880.805499999783933, 3197804.995799999684095 ], [ 651982.013515162863769, 3197807.18661142885685 ], [ 652059.334173769573681, 3197796.945132120512426 ], [ 652126.700938024441712, 3197768.60264592198655 ], [ 652229.331199999898672, 3197678.474700000137091 ], [ 652286.13300000037998, 3197633.419700000435114 ], [ 652347.597699999809265, 3197599.35190000012517 ], [ 652444.401700000278652, 3197577.51659999974072 ], [ 652574.380199999548495, 3197591.838199999183416 ], [ 652726.495600000023842, 3197498.03830000013113 ], [ 652618.322800000198185, 3197512.577500000596046 ], [ 652512.646099999547005, 3197506.140000000596046 ], [ 652355.360999999567866, 3197445.235600000247359 ], [ 652034.66664212604519, 3197294.045665429905057 ], [ 651940.965442126034759, 3197557.968165429309011 ], [ 651880.805499999783933, 3197804.995799999684095 ] ] ] ] } },
{ "type": "Feature", "properties": { "SECTOR_NO": "19", "CATEGORY": "RESIDENTIAL", "ZONE": "NON-CONFORMING", "GREEN": 253, "ORANGE": 0, "RED": 0, "WHITE": 7, "SEC(IN HAC": 152.2, "IND(IN HAC": 7.44, "AREA(%AGE)": 4.89, "TOTAL IND": 260 }, "geometry": { "type": "MultiPolygon", "coordinates": [ [ [ [ 652837.908099999651313, 3197434.272600000724196 ], [ 652526.443400000222027, 3197189.165300000458956 ], [ 652189.225300000049174, 3196989.111099999397993 ], [ 652044.143600000068545, 3197279.040200000628829 ], [ 652496.088800000026822, 3197471.779100000858307 ], [ 652593.857200000435114, 3197489.037599999457598 ], [ 652717.49239999987185, 3197479.744999999180436 ], [ 652837.908099999651313, 3197434.272600000724196 ], [ 652837.908099999651313, 3197434.272600000724196 ] ] ] ] } },
{ "type": "Feature", "properties": { "SECTOR_NO": "6", "CATEGORY": "RESIDENTIAL", "ZONE": "NON-CONFORMING", "GREEN": 21, "ORANGE": 1, "RED": 0, "WHITE": 1, "SEC(IN HAC": 153.2, "IND(IN HAC": 6.4, "AREA(%AGE)": 4.18, "TOTAL IND": 23 }, "geometry": { "type": "MultiPolygon", "coordinates": [ [ [ [ 655604.125, 3200248.980900000780821 ], [ 656452.53139999974519, 3199676.738700000569224 ], [ 656134.661100000143051, 3199268.026499999687076 ], [ 656328.639000000432134, 3199166.061300000175834 ], [ 656182.201399999670684, 3198976.816500000655651 ], [ 656225.206699999980628, 3198907.6721 ], [ 656218.840800000354648, 3198730.282999999821186 ], [ 655991.02419999986887, 3198725.212500000372529 ], [ 656006.715699999593198, 3198488.107699999585748 ], [ 656014.119599999859929, 3198264.33809999935329 ], [ 655494.907477236702107, 3198656.354320877231658 ], [ 654994.380199999548495, 3199058.433700000867248 ], [ 655119.229000000283122, 3199159.717499999329448 ], [ 655184.22759999986738, 3199279.622099999338388 ], [ 655209.011880106991157, 3199388.602688829414546 ], [ 655246.141644254443236, 3199531.278115466702729 ], [ 655294.341609684284776, 3199649.532468550372869 ], [ 655604.125, 3200248.980900000780821 ] ] ] ] } },
{ "type": "Feature", "properties": { "SECTOR_NO": "5", "CATEGORY": "RESIDENTIAL", "ZONE": "NON-CONFORMING", "GREEN": 10, "ORANGE": 0, "RED": 0, "WHITE": 1, "SEC(IN HAC": 154.2, "IND(IN HAC": 0.5, "AREA(%AGE)": 0.32, "TOTAL IND": 11 }, "geometry": { "type": "MultiPolygon", "coordinates": [ [ [ [ 657152.511500000022352, 3199101.03999999910593 ], [ 656661.766200000420213, 3197802.9485 ], [ 656274.829699999652803, 3198090.060200000181794 ], [ 656393.949199999682605, 3198226.143200000748038 ], [ 656403.1716, 3198580.874099999666214 ], [ 656433.627399999648333, 3198661.9693 ], [ 656907.43709999974817, 3199270.031600000336766 ], [ 657152.511500000022352, 3199101.03999999910593 ] ] ] ] } },
{ "type": "Feature", "properties": { "SECTOR_NO": "5", "CATEGORY": "RESIDENTIAL", "ZONE": "NON-CONFORMING", "GREEN": 10, "ORANGE": 0, "RED": 0, "WHITE": 1, "SEC(IN HAC": 155.2, "IND(IN HAC": 0.5, "AREA(%AGE)": 0.32, "TOTAL IND": 11 }, "geometry": { "type": "MultiPolygon", "coordinates": [ [ [ [ 656951.427842113538645, 3197599.055005375295877 ], [ 656696.1716, 3197786.730599999427795 ], [ 657178.582399999722838, 3198988.587500000372529 ], [ 657659.410699999891222, 3198693.324300000444055 ], [ 656951.427842113538645, 3197599.055005375295877 ] ] ] ] } },
{ "type": "Feature", "properties": { "SECTOR_NO": "4", "CATEGORY": "RESIDENTIAL", "ZONE": "NON-CONFORMING", "GREEN": 72, "ORANGE": 0, "RED": 0, "WHITE": 3, "SEC(IN HAC": 156.2, "IND(IN HAC": 2.09, "AREA(%AGE)": 1.34, "TOTAL IND": 75 }, "geometry": { "type": "MultiPolygon", "coordinates": [ [ [ [ 656993.673570394865237, 3197565.273979574907571 ], [ 657895.961900000460446, 3198992.846200000494719 ], [ 658785.994099999777973, 3198507.812000000849366 ], [ 658119.453041237546131, 3197618.800800187513232 ], [ 657321.691800000146031, 3197546.206800000742078 ], [ 657055.177235987270251, 3197534.425108978524804 ], [ 656993.673570394865237, 3197565.273979574907571 ] ] ] ] } },
{ "type": "Feature", "properties": { "SECTOR_NO": "3", "CATEGORY": "RESIDENTIAL", "ZONE": "NON-CONFORMING", "GREEN": 47, "ORANGE": 0, "RED": 0, "WHITE": 2, "SEC(IN HAC": 157.2, "IND(IN HAC": 1.84, "AREA(%AGE)": 1.17, "TOTAL IND": 49 }, "geometry": { "type": "MultiPolygon", "coordinates": [ [ [ [ 658111.182861401932314, 3197592.271869474090636 ], [ 659314.639999999664724, 3197694.531600000336766 ], [ 658647.427500000223517, 3196835.261399999260902 ], [ 658620.848600000143051, 3196830.837999999523163 ], [ 658565.21004136512056, 3196863.260369880124927 ], [ 657807.284599999897182, 3197170.06980000063777 ], [ 658111.182861401932314, 3197592.271869474090636 ] ] ] ] } },
{ "type": "Feature", "properties": { "SECTOR_NO": "3", "CATEGORY": "RESIDENTIAL", "ZONE": "NON-CONFORMING", "GREEN": 47, "ORANGE": 0, "RED": 0, "WHITE": 2, "SEC(IN HAC": 158.2, "IND(IN HAC": 1.84, "AREA(%AGE)": 1.16, "TOTAL IND": 49 }, "geometry": { "type": "MultiPolygon", "coordinates": [ [ [ [ 658182.728400000371039, 3197649.101299999281764 ], [ 658803.851099999621511, 3198481.265900000929832 ], [ 659559.035000000149012, 3198040.286599999293685 ], [ 659448.133799999952316, 3197906.424900000914931 ], [ 659416.956000000238419, 3197847.224899999797344 ], [ 659424.177600000053644, 3197736.75760000012815 ], [ 658182.728400000371039, 3197649.101299999281764 ] ] ] ] } },
{ "type": "Feature", "properties": { "SECTOR_NO": "3", "CATEGORY": "RESIDENTIAL", "ZONE": "NON-CONFORMING", "GREEN": 47, "ORANGE": 0, "RED": 0, "WHITE": 2, "SEC(IN HAC": 159.2, "IND(IN HAC": 1.84, "AREA(%AGE)": 1.16, "TOTAL IND": 49 }, "geometry": { "type": "MultiPolygon", "coordinates": [ [ [ [ 659580.228799999691546, 3198012.963199999183416 ], [ 659739.041899999603629, 3197914.731799999251962 ], [ 659909.138899999670684, 3197808.328600000590086 ], [ 659471.89919999986887, 3197732.559900000691414 ], [ 659458.200400000438094, 3197835.965199999511242 ], [ 659580.228799999691546, 3198012.963199999183416 ] ] ] ] } },
{ "type": "Feature", "properties": { "SECTOR_NO": "1", "CATEGORY": "RESIDENTIAL", "ZONE": "NON-CONFORMING", "GREEN": 2, "ORANGE": 0, "RED": 0, "WHITE": 0, "SEC(IN HAC": 160.2, "IND(IN HAC": 0.25, "AREA(%AGE)": 0.16, "TOTAL IND": 2 }, "geometry": { "type": "MultiPolygon", "coordinates": [ [ [ [ 658954.942099999636412, 3197203.748500000685453 ], [ 659452.473799999803305, 3196805.422499999403954 ], [ 659312.105499999597669, 3196622.197799999266863 ], [ 659534.379200000315905, 3196460.408500000834465 ], [ 659188.993999999947846, 3196076.633899999782443 ], [ 659014.686599999666214, 3195810.2708 ], [ 658929.321999999694526, 3195801.875700000673532 ], [ 658797.073400000110269, 3195855.840399999171495 ], [ 658831.468999999575317, 3196586.365299999713898 ], [ 658804.731900000013411, 3196734.0152000002563 ], [ 658778.911299999803305, 3196797.165699999779463 ], [ 658734.622399999760091, 3196886.92960000038147 ], [ 658954.942099999636412, 3197203.748500000685453 ] ] ] ] } },
{ "type": "Feature", "properties": { "SECTOR_NO": "14", "CATEGORY": "RESIDENTIAL", "ZONE": "NON-CONFORMING", "GREEN": 16, "ORANGE": 0, "RED": 0, "WHITE": 0, "SEC(IN HAC": 161.2, "IND(IN HAC": 1.45, "AREA(%AGE)": 0.9, "TOTAL IND": 16 }, "geometry": { "type": "MultiPolygon", "coordinates": [ [ [ [ 658097.285600000061095, 3196076.847799999639392 ], [ 658176.537200000137091, 3196371.778200000524521 ], [ 657997.816999999806285, 3196427.107999999076128 ], [ 658046.63260000012815, 3196575.694499999284744 ], [ 658144.159699999727309, 3196816.0899 ], [ 658253.292200000025332, 3196784.712200000882149 ], [ 658261.369500000029802, 3196963.123199999332428 ], [ 658450.046848308411427, 3196895.283189774490893 ], [ 658533.632123261224478, 3196852.544267687946558 ], [ 658583.41754799708724, 3196819.735901219304651 ], [ 658625.735500000417233, 3196762.174699999392033 ], [ 658652.69604447495658, 3196720.845813559833914 ], [ 658679.021044475142844, 3196647.122713558841497 ], [ 658678.837700000032783, 3195823.089700000360608 ], [ 658097.285600000061095, 3196076.847799999639392 ] ] ] ] } },
{ "type": "Feature", "properties": { "SECTOR_NO": "35", "CATEGORY": "RESIDENTIAL", "ZONE": "NON-CONFORMING", "GREEN": 0, "ORANGE": 0, "RED": 0, "WHITE": 0, "SEC(IN HAC": 162.2, "IND(IN HAC": 0.0, "AREA(%AGE)": 0.0, "TOTAL IND": 0 }, "geometry": { "type": "MultiPolygon", "coordinates": [ [ [ [ 659540.423799999989569, 3199743.407400000840425 ], [ 658909.370600000023842, 3198671.788499999791384 ], [ 658021.479100000113249, 3199128.396999999880791 ], [ 658700.696299999952316, 3200198.406199999153614 ], [ 659540.423799999989569, 3199743.407400000840425 ] ] ] ] } },
{ "type": "Feature", "properties": { "SECTOR_NO": "38", "CATEGORY": "RESIDENTIAL", "ZONE": "NON-CONFORMING", "GREEN": 5, "ORANGE": 0, "RED": 0, "WHITE": 0, "SEC(IN HAC": 163.2, "IND(IN HAC": 0.24, "AREA(%AGE)": 0.15, "TOTAL IND": 5 }, "geometry": { "type": "MultiPolygon", "coordinates": [ [ [ [ 652358.006000000052154, 3199956.755000000819564 ], [ 652671.570299999788404, 3200177.1678 ], [ 652728.526800000108778, 3199970.614199999719858 ], [ 652752.596800000406802, 3199795.35219999961555 ], [ 652579.59250000026077, 3199634.783700000494719 ], [ 652358.006000000052154, 3199956.755000000819564 ] ] ] ] } },
{ "type": "Feature", "properties": { "SECTOR_NO": "40", "CATEGORY": "RESIDENTIAL", "ZONE": "NON-CONFORMING", "GREEN": 105, "ORANGE": 0, "RED": 0, "WHITE": 0, "SEC(IN HAC": 164.2, "IND(IN HAC": 2.33, "AREA(%AGE)": 1.42, "TOTAL IND": 105 }, "geometry": { "type": "MultiPolygon", "coordinates": [ [ [ [ 650310.268000000156462, 3198475.14809999987483 ], [ 650327.622600000351667, 3198467.529999999329448 ], [ 650454.729100000113249, 3198323.091099999845028 ], [ 650545.470800000242889, 3198217.049200000241399 ], [ 650311.885800000280142, 3198218.1404 ], [ 650310.268000000156462, 3198475.14809999987483 ] ] ] ] } },
{ "type": "Feature", "properties": { "SECTOR_NO": "19", "CATEGORY": "RESIDENTIAL", "ZONE": "NON-CONFORMING", "GREEN": 253, "ORANGE": 0, "RED": 0, "WHITE": 7, "SEC(IN HAC": 165.2, "IND(IN HAC": 7.44, "AREA(%AGE)": 4.5, "TOTAL IND": 260 }, "geometry": { "type": "MultiPolygon", "coordinates": [ [ [ [ 652626.22719999961555, 3197600.0866 ], [ 652759.240899999625981, 3197608.567399999126792 ], [ 652935.409900000318885, 3197597.450300000607967 ], [ 653060.058899999596179, 3197595.318299999460578 ], [ 653053.009300000034273, 3197569.171599999070168 ], [ 652990.730499999597669, 3197552.799100000411272 ], [ 652910.981700000353158, 3197494.27930000051856 ], [ 652885.820299999788404, 3197467.472899999469519 ], [ 652766.010800000280142, 3197523.03800000064075 ], [ 652626.22719999961555, 3197600.0866 ] ] ] ] } },
{ "type": "Feature", "properties": { "SECTOR_NO": "18", "CATEGORY": "RESIDENTIAL", "ZONE": "NON-CONFORMING", "GREEN": 53, "ORANGE": 0, "RED": 0, "WHITE": 6, "SEC(IN HAC": 166.2, "IND(IN HAC": 2.49, "AREA(%AGE)": 1.5, "TOTAL IND": 59 }, "geometry": { "type": "MultiPolygon", "coordinates": [ [ [ [ 652913.1875, 3197453.337500000372529 ], [ 652970.1097999997437, 3197511.240000000223517 ], [ 653028.182599999941885, 3197538.062100000679493 ], [ 653156.314799999818206, 3197580.100099999457598 ], [ 653260.972900000400841, 3197607.54079999960959 ], [ 653255.365100000053644, 3197528.465800000354648 ], [ 653212.828300000168383, 3197445.5395 ], [ 653157.447900000028312, 3197327.145099999383092 ], [ 652913.1875, 3197453.337500000372529 ] ] ] ] } },
{ "type": "Feature", "properties": { "SECTOR_NO": "4", "CATEGORY": "RESIDENTIAL", "ZONE": "NON-CONFORMING", "GREEN": 72, "ORANGE": 0, "RED": 0, "WHITE": 3, "SEC(IN HAC": 167.2, "IND(IN HAC": 2.09, "AREA(%AGE)": 1.25, "TOTAL IND": 75 }, "geometry": { "type": "MultiPolygon", "coordinates": [ [ [ [ 657087.354100000113249, 3197503.175899999216199 ], [ 657506.103779783705249, 3197541.716078462544829 ], [ 658092.902412186609581, 3197592.166155344806612 ], [ 657773.96673478174489, 3197168.323760921135545 ], [ 657393.726400000043213, 3197309.495899999514222 ], [ 657295.832499999552965, 3197352.987299999222159 ], [ 657087.354100000113249, 3197503.175899999216199 ] ] ] ] } },
{ "type": "Feature", "properties": { "SECTOR_NO": "27", "CATEGORY": "RESIDENTIAL", "ZONE": "NON-CONFORMING", "GREEN": 2, "ORANGE": 0, "RED": 0, "WHITE": 0, "SEC(IN HAC": 168.2, "IND(IN HAC": 0.33, "AREA(%AGE)": 0.2, "TOTAL IND": 2 }, "geometry": { "type": "MultiPolygon", "coordinates": [ [ [ [ 660119.599000000394881, 3194692.07909999974072 ], [ 660255.996399999596179, 3194719.86600000038743 ], [ 660455.731999999843538, 3194732.595200000330806 ], [ 660413.598500000312924, 3194229.977 ], [ 660423.027800000272691, 3194055.790400000289083 ], [ 660464.474299999885261, 3193849.176400000229478 ], [ 660516.19400000013411, 3193660.634800000116229 ], [ 660572.72649999987334, 3193504.533399999141693 ], [ 660157.438000000081956, 3193731.866699999198318 ], [ 659770.688000000081956, 3193925.74070000089705 ], [ 660119.599000000394881, 3194692.07909999974072 ] ] ] ] } },
{ "type": "Feature", "properties": { "SECTOR_NO": "27", "CATEGORY": "RESIDENTIAL", "ZONE": "NON-CONFORMING", "GREEN": 2, "ORANGE": 0, "RED": 0, "WHITE": 0, "SEC(IN HAC": 169.2, "IND(IN HAC": 0.33, "AREA(%AGE)": 0.2, "TOTAL IND": 2 }, "geometry": { "type": "MultiPolygon", "coordinates": [ [ [ [ 660497.610399999655783, 3194747.619599999859929 ], [ 660687.193400000222027, 3194828.444900000467896 ], [ 660777.643500000238419, 3194881.498800000175834 ], [ 660928.738400000147521, 3194797.934699999168515 ], [ 661086.870799999684095, 3194715.374199999496341 ], [ 661110.1716, 3194620.132400000467896 ], [ 661251.657599999569356, 3194158.800499999895692 ], [ 661257.783999999985099, 3194133.470100000500679 ], [ 661272.594200000166893, 3194048.81279999949038 ], [ 661270.900799999944866, 3193989.611999999731779 ], [ 660977.091799999587238, 3193305.640699999406934 ], [ 660611.282100000418723, 3193506.562400000169873 ], [ 660574.775999999605119, 3193609.6502 ], [ 660501.468500000424683, 3193837.238099999725819 ], [ 660462.050999999977648, 3194023.958200000226498 ], [ 660450.853900000452995, 3194199.11629999987781 ], [ 660462.450299999676645, 3194374.590600000694394 ], [ 660497.610399999655783, 3194747.619599999859929 ] ] ] ] } },
{ "type": "Feature", "properties": { "SECTOR_NO": "27", "CATEGORY": "RESIDENTIAL", "ZONE": "NON-CONFORMING", "GREEN": 2, "ORANGE": 0, "RED": 0, "WHITE": 0, "SEC(IN HAC": 170.2, "IND(IN HAC": 0.33, "AREA(%AGE)": 0.19, "TOTAL IND": 2 }, "geometry": { "type": "MultiPolygon", "coordinates": [ [ [ [ 660321.091181457741186, 3195151.319731281604618 ], [ 660488.075482326908968, 3195076.968543214723468 ], [ 660467.600700000301003, 3194793.5219 ], [ 660423.962299999780953, 3194778.971400000154972 ], [ 660339.695000000298023, 3194785.771999999880791 ], [ 660143.769999999552965, 3194751.183399999514222 ], [ 660321.091181457741186, 3195151.319731281604618 ] ] ] ] } },
{ "type": "Feature", "properties": { "SECTOR_NO": "27", "CATEGORY": "RESIDENTIAL", "ZONE": "NON-CONFORMING", "GREEN": 2, "ORANGE": 0, "RED": 0, "WHITE": 0, "SEC(IN HAC": 171.2, "IND(IN HAC": 0.33, "AREA(%AGE)": 0.19, "TOTAL IND": 2 }, "geometry": { "type": "MultiPolygon", "coordinates": [ [ [ [ 660512.278400000184774, 3195049.143400000408292 ], [ 660748.368800000287592, 3194905.9945 ], [ 660711.88260000012815, 3194881.581199999898672 ], [ 660501.817099999636412, 3194792.0044 ], [ 660512.278400000184774, 3195049.143400000408292 ] ] ] ] } },
{ "type": "Feature", "properties": { "SECTOR_NO": "21", "CATEGORY": "SPECIAL ZONE", "ZONE": "NON-CONFORMING", "GREEN": 8, "ORANGE": 0, "RED": 0, "WHITE": 0, "SEC(IN HAC": 172.2, "IND(IN HAC": 0.47, "AREA(%AGE)": 0.27, "TOTAL IND": 8 }, "geometry": { "type": "MultiPolygon", "coordinates": [ [ [ [ 652599.134999999776483, 3196428.494899999350309 ], [ 652852.190399999730289, 3196179.148399999365211 ], [ 653046.050699999555945, 3196043.882099999114871 ], [ 653468.427754632895812, 3195770.525901856366545 ], [ 653407.726905771880411, 3195433.23343358328566 ], [ 653404.43522176402621, 3195070.053304725792259 ], [ 653391.404695122269914, 3194794.119744753465056 ], [ 653333.363400000147521, 3194625.120400000363588 ], [ 653304.142, 3194522.761199999600649 ], [ 653234.498999999836087, 3194567.782199999317527 ], [ 653140.44440000038594, 3194687.278400000184774 ], [ 653077.182400000281632, 3194827.9134 ], [ 653062.842199999839067, 3194868.064200000837445 ], [ 653016.5296, 3194939.168099999427795 ], [ 652381.549499999731779, 3195820.518100000917912 ], [ 652345.319500000216067, 3195875.508899999782443 ], [ 652599.134999999776483, 3196428.494899999350309 ] ] ] ] } },
{ "type": "Feature", "properties": { "SECTOR_NO": "15", "CATEGORY": "EXISTING TOWN", "ZONE": "NON-CONFORMING", "GREEN": 34, "ORANGE": 0, "RED": 0, "WHITE": 2, "SEC(IN HAC": 173.2, "IND(IN HAC": 1.18, "AREA(%AGE)": 0.68, "TOTAL IND": 36 }, "geometry": { "type": "MultiPolygon", "coordinates": [ [ [ [ 656926.476400000043213, 3196584.841199999675155 ], [ 656579.192800000309944, 3196076.613099999725819 ], [ 656123.012500000186265, 3196488.799200000241399 ], [ 655629.433600000105798, 3195904.420199999585748 ], [ 655171.627356464392506, 3196250.209372559562325 ], [ 655235.999629593687132, 3196330.039512868504971 ], [ 655346.181191015639342, 3196305.10098920809105 ], [ 655570.265341578633524, 3196302.339119622949511 ], [ 655688.933346885954961, 3196326.168067499995232 ], [ 655809.19798801955767, 3196360.702515874523669 ], [ 655988.413675212068483, 3196456.953725804109126 ], [ 656058.472610194934532, 3196512.756099774502218 ], [ 656248.789200000464916, 3196711.278300000354648 ], [ 656363.428100000135601, 3196991.583000000566244 ], [ 656926.476400000043213, 3196584.841199999675155 ] ] ] ] } },
{ "type": "Feature", "properties": { "SECTOR_NO": "1", "CATEGORY": "OPEN SPACE", "ZONE": "NON-CONFORMING", "GREEN": 1, "ORANGE": 0, "RED": 0, "WHITE": 0, "SEC(IN HAC": 174.2, "IND(IN HAC": 0.15, "AREA(%AGE)": 0.09, "TOTAL IND": 1 }, "geometry": { "type": "MultiPolygon", "coordinates": [ [ [ [ 658734.622399999760091, 3196886.92960000038147 ], [ 658778.911299999803305, 3196797.165699999779463 ], [ 658804.731900000013411, 3196734.0152000002563 ], [ 658831.468999999575317, 3196586.365299999713898 ], [ 658828.698499999940395, 3196519.759600000455976 ], [ 658831.468999999575317, 3196586.365299999713898 ], [ 658797.073400000110269, 3195855.840399999171495 ], [ 658929.321999999694526, 3195801.875700000673532 ], [ 659014.686599999666214, 3195810.2708 ], [ 659014.686599999666214, 3195810.2708 ], [ 658949.612099999561906, 3195728.941600000485778 ], [ 658795.394100000150502, 3195786.588899999856949 ], [ 658709.862700000405312, 3195822.270199999213219 ], [ 658724.750199999660254, 3196263.49860000051558 ], [ 658729.717600000090897, 3196455.925699999555945 ], [ 658717.082200000062585, 3196637.346200000494719 ], [ 658704.313799999654293, 3196696.495899999514222 ], [ 658666.395399999804795, 3196784.238600000739098 ], [ 658658.907399999909103, 3196801.8608 ], [ 658734.622399999760091, 3196886.92960000038147 ] ] ] ] } },
{ "type": "Feature", "properties": { "SECTOR_NO": "22-D", "CATEGORY": "COMMERCIAL", "ZONE": "NON-CONFORMING", "GREEN": 0, "ORANGE": 0, "RED": 0, "WHITE": 0, "SEC(IN HAC": 175.2, "IND(IN HAC": 0.0, "AREA(%AGE)": 0.0, "TOTAL IND": 0 }, "geometry": { "type": "MultiPolygon", "coordinates": [ [ [ [ 653932.336600000038743, 3191748.472899999469519 ], [ 654024.917899999767542, 3191887.226700000464916 ], [ 655667.581500000320375, 3191480.239 ], [ 655621.580000000074506, 3191603.882099999114871 ], [ 655560.32799999974668, 3191795.61089999973774 ], [ 655507.887299999594688, 3191979.8651 ], [ 655456.709599999710917, 3192174.596999999135733 ], [ 655444.194799999706447, 3192216.2094 ], [ 655420.550200000405312, 3192260.877499999478459 ], [ 655365.346400000154972, 3192370.81279999949038 ], [ 655274.514499999582767, 3192781.940300000831485 ], [ 655463.308199999853969, 3192828.300899999216199 ], [ 655642.260099999606609, 3192293.889000000432134 ], [ 655697.125300000421703, 3192194.718699999153614 ], [ 655827.254900000058115, 3191676.65430000051856 ], [ 655907.487200000323355, 3191382.88230000063777 ], [ 655918.7204, 3191345.536000000312924 ], [ 655900.692999999970198, 3191315.714600000530481 ], [ 655871.362999999895692, 3191302.3936 ], [ 655852.905600000172853, 3191295.856899999082088 ], [ 654536.981100000441074, 3191600.872500000521541 ], [ 653932.336600000038743, 3191748.472899999469519 ] ] ] ] } },
{ "type": "Feature", "properties": { "SECTOR_NO": "25", "CATEGORY": "COMMERCIAL", "ZONE": "NON-CONFORMING", "GREEN": 0, "ORANGE": 0, "RED": 0, "WHITE": 0, "SEC(IN HAC": 176.2, "IND(IN HAC": 0.0, "AREA(%AGE)": 0.0, "TOTAL IND": 0 }, "geometry": { "type": "MultiPolygon", "coordinates": [ [ [ [ 655436.718000000342727, 3193600.39809999987483 ], [ 656006.682799999602139, 3193762.955800000578165 ], [ 656100.076799999922514, 3193274.643699999898672 ], [ 655590.145399999804795, 3193112.8893 ], [ 655436.718000000342727, 3193600.39809999987483 ] ] ] ] } },
{ "type": "Feature", "properties": { "SECTOR_NO": "24", "CATEGORY": "COMMERCIAL", "ZONE": "NON-CONFORMING", "GREEN": 1, "ORANGE": 0, "RED": 0, "WHITE": 0, "SEC(IN HAC": 177.2, "IND(IN HAC": 0.04, "AREA(%AGE)": 0.02, "TOTAL IND": 1 }, "geometry": { "type": "MultiPolygon", "coordinates": [ [ [ [ 656000.526300000026822, 3193794.540300000458956 ], [ 655415.311300000175834, 3193651.844200000166893 ], [ 655259.595499999821186, 3194166.1119 ], [ 655331.17893692292273, 3194371.112550891470164 ], [ 655450.733, 3194426.365599999204278 ], [ 655824.911799999885261, 3194669.613099999725819 ], [ 656000.526300000026822, 3193794.540300000458956 ] ] ] ] } },
{ "type": "Feature", "properties": { "SECTOR_NO": "25-C", "CATEGORY": "COMMERCIAL", "ZONE": "NON-CONFORMING", "GREEN": 0, "ORANGE": 0, "RED": 0, "WHITE": 0, "SEC(IN HAC": 178.2, "IND(IN HAC": 0.0, "AREA(%AGE)": 0.0, "TOTAL IND": 0 }, "geometry": { "type": "MultiPolygon", "coordinates": [ [ [ [ 656128.049599999561906, 3191419.209300000220537 ], [ 656950.370400000363588, 3191444.2664 ], [ 658251.143400000408292, 3191467.441700000315905 ], [ 658226.704300000332296, 3191261.458000000566244 ], [ 656180.867899999953806, 3191254.32630000077188 ], [ 656128.049599999561906, 3191419.209300000220537 ] ] ] ] } },
{ "type": "Feature", "properties": { "SECTOR_NO": "21-A", "CATEGORY": "COMMERCIAL", "ZONE": "NON-CONFORMING", "GREEN": 0, "ORANGE": 0, "RED": 0, "WHITE": 0, "SEC(IN HAC": 179.2, "IND(IN HAC": 0.0, "AREA(%AGE)": 0.0, "TOTAL IND": 0 }, "geometry": { "type": "MultiPolygon", "coordinates": [ [ [ [ 652291.683199999853969, 3195885.509099999442697 ], [ 652179.77379999961704, 3196014.301999999210238 ], [ 652039.195700000040233, 3196129.692299999296665 ], [ 652229.885999999940395, 3196253.222400000318885 ], [ 652478.627100000157952, 3196461.564099999144673 ], [ 652548.808199999853969, 3196412.064099999144673 ], [ 652291.683199999853969, 3195885.509099999442697 ] ] ] ] } },
{ "type": "Feature", "properties": { "SECTOR_NO": "39", "CATEGORY": "COMMERCIAL", "ZONE": "NON-CONFORMING", "GREEN": 0, "ORANGE": 0, "RED": 0, "WHITE": 0, "SEC(IN HAC": 180.2, "IND(IN HAC": 0.0, "AREA(%AGE)": 0.0, "TOTAL IND": 0 }, "geometry": { "type": "MultiPolygon", "coordinates": [ [ [ [ 651886.939399999566376, 3200665.224500000476837 ], [ 652084.884300000034273, 3200297.674000000581145 ], [ 651991.394700000062585, 3200222.758199999108911 ], [ 651898.5455, 3200161.484999999403954 ], [ 651663.651499999687076, 3199993.687300000339746 ], [ 651329.979000000283122, 3199714.622199999168515 ], [ 651309.6579, 3199694.332000000402331 ], [ 651309.6579, 3199694.332000000402331 ], [ 651239.473600000143051, 3199632.39640000090003 ], [ 651239.473600000143051, 3199632.39640000090003 ], [ 651239.473600000143051, 3199632.39640000090003 ], [ 651144.533099999651313, 3199506.563300000503659 ], [ 651144.533099999651313, 3199506.563300000503659 ], [ 651144.533099999651313, 3199506.563300000503659 ], [ 651144.533099999651313, 3199506.563300000503659 ], [ 651067.882699999958277, 3199425.724899999797344 ], [ 651067.882699999958277, 3199425.724899999797344 ], [ 651067.882699999958277, 3199425.724899999797344 ], [ 650791.504099999554455, 3199881.578400000929832 ], [ 651000.724000000394881, 3200230.351199999451637 ], [ 651050.136500000022352, 3200277.834899999201298 ], [ 651310.059600000269711, 3200520.082699999213219 ], [ 651886.939399999566376, 3200665.224500000476837 ] ] ] ] } },
{ "type": "Feature", "properties": { "SECTOR_NO": "37", "CATEGORY": "COMMERCIAL", "ZONE": "NON-CONFORMING", "GREEN": 0, "ORANGE": 0, "RED": 0, "WHITE": 0, "SEC(IN HAC": 181.2, "IND(IN HAC": 0.0, "AREA(%AGE)": 0.0, "TOTAL IND": 0 }, "geometry": { "type": "MultiPolygon", "coordinates": [ [ [ [ 654605.362099999561906, 3201757.576199999079108 ], [ 655811.699500000104308, 3200763.163499999791384 ], [ 655739.564100000075996, 3200629.399700000882149 ], [ 655665.591599999926984, 3200631.763699999079108 ], [ 654611.651100000366569, 3201591.673000000417233 ], [ 654523.92949999962002, 3201627.477700000628829 ], [ 654605.362099999561906, 3201757.576199999079108 ] ] ] ] } },
{ "type": "Feature", "properties": { "SECTOR_NO": "21-D", "CATEGORY": "COMMERCIAL", "ZONE": "NON-CONFORMING", "GREEN": 0, "ORANGE": 0, "RED": 0, "WHITE": 0, "SEC(IN HAC": 182.2, "IND(IN HAC": 0.0, "AREA(%AGE)": 0.0, "TOTAL IND": 0 }, "geometry": { "type": "MultiPolygon", "coordinates": [ [ [ [ 651098.330799999646842, 3193108.175699999555945 ], [ 651787.736299999989569, 3192797.518100000917912 ], [ 651722.407599999569356, 3192657.489499999210238 ], [ 651364.495299999602139, 3192809.805700000375509 ], [ 651051.474000000394881, 3192956.849300000816584 ], [ 651098.330799999646842, 3193108.175699999555945 ] ] ] ] } },
{ "type": "Feature", "properties": { "SECTOR_NO": "26", "CATEGORY": "COMMERCIAL", "ZONE": "NON-CONFORMING", "GREEN": 0, "ORANGE": 0, "RED": 0, "WHITE": 0, "SEC(IN HAC": 183.2, "IND(IN HAC": 0.0, "AREA(%AGE)": 0.0, "TOTAL IND": 0 }, "geometry": { "type": "MultiPolygon", "coordinates": [ [ [ [ 659113.978699999861419, 3193319.287699999287724 ], [ 658902.817499999888241, 3193434.424000000581145 ], [ 659237.645800000056624, 3193955.000800000503659 ], [ 659428.561900000087917, 3193845.070599999278784 ], [ 659428.561900000087917, 3193845.070599999278784 ], [ 659113.978699999861419, 3193319.287699999287724 ] ] ] ] } },
{ "type": "Feature", "properties": { "SECTOR_NO": "31-A", "CATEGORY": "COMMERCIAL", "ZONE": "NON-CONFORMING", "GREEN": 0, "ORANGE": 0, "RED": 0, "WHITE": 0, "SEC(IN HAC": 184.2, "IND(IN HAC": 0.0, "AREA(%AGE)": 0.0, "TOTAL IND": 0 }, "geometry": { "type": "MultiPolygon", "coordinates": [ [ [ [ 661660.976599999703467, 3196389.729000000283122 ], [ 662336.299100000411272, 3195966.893799999728799 ], [ 662346.974100000225008, 3195942.518799999728799 ], [ 662055.069600000046194, 3195409.238199999555945 ], [ 661264.998100000433624, 3195827.384800000116229 ], [ 661660.976599999703467, 3196389.729000000283122 ] ] ] ] } },
{ "type": "Feature", "properties": { "SECTOR_NO": "35", "CATEGORY": "COMMERCIAL", "ZONE": "NON-CONFORMING", "GREEN": 0, "ORANGE": 0, "RED": 0, "WHITE": 0, "SEC(IN HAC": 185.2, "IND(IN HAC": 0.0, "AREA(%AGE)": 0.0, "TOTAL IND": 0 }, "geometry": { "type": "MultiPolygon", "coordinates": [ [ [ [ 658021.479100000113249, 3199128.396999999880791 ], [ 658909.370600000023842, 3198671.788499999791384 ], [ 658837.938000000081956, 3198547.039300000295043 ], [ 657934.54619999974966, 3199040.352399999275804 ], [ 658021.479100000113249, 3199128.396999999880791 ] ] ] ] } },
{ "type": "Feature", "properties": { "SECTOR_NO": "34", "CATEGORY": "COMMERCIAL", "ZONE": "NON-CONFORMING", "GREEN": 0, "ORANGE": 0, "RED": 0, "WHITE": 0, "SEC(IN HAC": 186.2, "IND(IN HAC": 0.0, "AREA(%AGE)": 0.0, "TOTAL IND": 0 }, "geometry": { "type": "MultiPolygon", "coordinates": [ [ [ [ 658876.85950000025332, 3198524.4528 ], [ 658952.205099999904633, 3198648.222300000488758 ], [ 659694.745400000363588, 3198162.403899999335408 ], [ 659641.665400000289083, 3198071.313400000333786 ], [ 658876.85950000025332, 3198524.4528 ] ] ] ] } },
{ "type": "Feature", "properties": { "SECTOR_NO": "5", "CATEGORY": "COMMERCIAL", "ZONE": "NON-CONFORMING", "GREEN": 0, "ORANGE": 0, "RED": 0, "WHITE": 0, "SEC(IN HAC": 187.2, "IND(IN HAC": 0.0, "AREA(%AGE)": 0.0, "TOTAL IND": 0 }, "geometry": { "type": "MultiPolygon", "coordinates": [ [ [ [ 657097.879200000315905, 3199444.694599999114871 ], [ 657260.706199999898672, 3199329.869899999350309 ], [ 657152.511500000022352, 3199101.03999999910593 ], [ 656907.43709999974817, 3199270.031600000336766 ], [ 657028.034900000318885, 3199424.819199999794364 ], [ 657097.879200000315905, 3199444.694599999114871 ] ] ] ] } },
{ "type": "Feature", "properties": { "SECTOR_NO": "33", "CATEGORY": "EXISTING TOWN", "ZONE": "NON-CONFORMING", "GREEN": 0, "ORANGE": 0, "RED": 0, "WHITE": 0, "SEC(IN HAC": 188.2, "IND(IN HAC": 0.0, "AREA(%AGE)": 0.0, "TOTAL IND": 0 }, "geometry": { "type": "MultiPolygon", "coordinates": [ [ [ [ 660811.658699999563396, 3198187.916899999603629 ], [ 660948.8454, 3198155.95920000039041 ], [ 661523.782100000418723, 3197910.969499999657273 ], [ 661219.516900000162423, 3197854.9232 ], [ 661042.818300000391901, 3197891.307800000533462 ], [ 660924.074199999682605, 3197920.532999999821186 ], [ 660839.188299999572337, 3197910.386299999430776 ], [ 660645.319899999536574, 3197857.884500000625849 ], [ 660645.553899999707937, 3198030.213899999856949 ], [ 660686.346599999815226, 3198122.422800000756979 ], [ 660811.658699999563396, 3198187.916899999603629 ] ] ] ] } },
{ "type": "Feature", "properties": { "SECTOR_NO": "33", "CATEGORY": "EXISTING TOWN", "ZONE": "NON-CONFORMING", "GREEN": 0, "ORANGE": 0, "RED": 0, "WHITE": 0, "SEC(IN HAC": 189.2, "IND(IN HAC": 0.0, "AREA(%AGE)": 0.0, "TOTAL IND": 0 }, "geometry": { "type": "MultiPolygon", "coordinates": [ [ [ [ 660526.034300000406802, 3197799.947100000455976 ], [ 660777.885300000198185, 3197843.292300000786781 ], [ 660908.846800000406802, 3197880.974700000137091 ], [ 661155.211500000208616, 3197814.680099999532104 ], [ 661323.453999999910593, 3197819.019500000402331 ], [ 661554.101800000295043, 3197874.039200000464916 ], [ 661459.276899999938905, 3197383.12639999948442 ], [ 661422.493700000457466, 3197255.1108 ], [ 661264.174399999901652, 3197167.2358 ], [ 661134.347699999809265, 3197173.394099999219179 ], [ 660710.977800000458956, 3197485.755899999290705 ], [ 660625.698599999770522, 3197566.749099999666214 ], [ 660522.619300000369549, 3197540.912499999627471 ], [ 660526.034300000406802, 3197799.947100000455976 ] ] ] ] } },
{ "type": "Feature", "properties": { "SECTOR_NO": "21-E", "CATEGORY": "EXISTING TOWN", "ZONE": "NON-CONFORMING", "GREEN": 0, "ORANGE": 0, "RED": 0, "WHITE": 0, "SEC(IN HAC": 190.2, "IND(IN HAC": 0.0, "AREA(%AGE)": 0.0, "TOTAL IND": 0 }, "geometry": { "type": "MultiPolygon", "coordinates": [ [ [ [ 649356.70409999974072, 3194947.364499999210238 ], [ 649391.845999999903142, 3194891.963899999856949 ], [ 649403.536399999633431, 3194819.790300000458956 ], [ 649396.729799999855459, 3194735.92 ], [ 649363.315999999642372, 3194657.4342 ], [ 649355.704900000244379, 3194635.8531 ], [ 649320.154000000096858, 3194611.762900000438094 ], [ 649276.474299999885261, 3194606.186499999836087 ], [ 649227.682400000281632, 3194607.705399999395013 ], [ 649179.459999999962747, 3194620.689500000327826 ], [ 649090.251299999654293, 3194641.738700000569224 ], [ 649047.876799999736249, 3194646.205399999395013 ], [ 649005.511599999852479, 3194649.956399999558926 ], [ 648973.903099999763072, 3194653.845899999141693 ], [ 648943.223799999803305, 3194641.277300000190735 ], [ 648911.2023, 3194621.530500000342727 ], [ 648866.346300000324845, 3194595.889799999073148 ], [ 648844.226099999621511, 3194587.0121 ], [ 648830.311599999666214, 3194584.950899999588728 ], [ 648874.307400000281632, 3194701.493599999696016 ], [ 648941.215200000442564, 3194905.734200000762939 ], [ 649023.967899999581277, 3194942.097100000828505 ], [ 649087.05530000012368, 3194983.249800000339746 ], [ 649153.425800000317395, 3194999.232799999415874 ], [ 649356.70409999974072, 3194947.364499999210238 ] ] ] ] } },
{ "type": "Feature", "properties": { "SECTOR_NO": "20-B", "CATEGORY": "EXISTING TOWN", "ZONE": "NON-CONFORMING", "GREEN": 0, "ORANGE": 0, "RED": 0, "WHITE": 0, "SEC(IN HAC": 191.2, "IND(IN HAC": 0.0, "AREA(%AGE)": 0.0, "TOTAL IND": 0 }, "geometry": { "type": "MultiPolygon", "coordinates": [ [ [ [ 648701.54590000025928, 3194883.5844 ], [ 648773.397900000214577, 3195077.382500000298023 ], [ 648800.798000000417233, 3195168.499299999326468 ], [ 648826.825299999676645, 3195236.907400000840425 ], [ 648922.124499999918044, 3195311.249800000339746 ], [ 649052.541799999773502, 3195286.456499999389052 ], [ 649170.169099999591708, 3195264.021099999547005 ], [ 649288.496399999596179, 3195187.38910000026226 ], [ 649435.392199999652803, 3195089.696699999272823 ], [ 649388.191899999976158, 3195050.00789999961853 ], [ 649321.08669999986887, 3195005.019799999892712 ], [ 649275.61670000012964, 3195003.172399999573827 ], [ 649149.046099999919534, 3195030.534199999645352 ], [ 649063.848199999891222, 3195011.787399999797344 ], [ 648967.079300000332296, 3194943.728199999779463 ], [ 648851.189500000327826, 3194895.593699999153614 ], [ 648701.54590000025928, 3194883.5844 ] ] ] ] } },
{ "type": "Feature", "properties": { "SECTOR_NO": "21-E", "CATEGORY": "EXISTING TOWN", "ZONE": "NON-CONFORMING", "GREEN": 0, "ORANGE": 0, "RED": 0, "WHITE": 0, "SEC(IN HAC": 192.2, "IND(IN HAC": 0.0, "AREA(%AGE)": 0.0, "TOTAL IND": 0 }, "geometry": { "type": "MultiPolygon", "coordinates": [ [ [ [ 648617.9523, 3194847.79079999960959 ], [ 648917.763700000010431, 3194888.624199999496341 ], [ 648810.5307, 3194585.862600000575185 ], [ 648691.593399999663234, 3194592.306800000369549 ], [ 648691.593399999663234, 3194592.306800000369549 ], [ 648654.000500000081956, 3194607.100700000301003 ], [ 648583.474700000137091, 3194652.372899999842048 ], [ 648558.943199999630451, 3194719.2906 ], [ 648617.9523, 3194847.79079999960959 ] ] ] ] } },
{ "type": "Feature", "properties": { "SECTOR_NO": "31-D", "CATEGORY": "EXISTING TOWN", "ZONE": "NON-CONFORMING", "GREEN": 0, "ORANGE": 0, "RED": 0, "WHITE": 0, "SEC(IN HAC": 193.2, "IND(IN HAC": 0.0, "AREA(%AGE)": 0.0, "TOTAL IND": 0 }, "geometry": { "type": "MultiPolygon", "coordinates": [ [ [ [ 664285.266200000420213, 3196374.0296 ], [ 664753.502799999900162, 3196368.738099999725819 ], [ 664958.61089999973774, 3196371.6623 ], [ 665160.550900000147521, 3196228.114299999549985 ], [ 665264.046099999919534, 3196014.587200000882149 ], [ 665289.474499999545515, 3195866.360999999567866 ], [ 665283.301199999637902, 3195796.45299999974668 ], [ 665231.308899999596179, 3195670.39130000025034 ], [ 665146.059399999678135, 3195550.119899999350309 ], [ 665027.8739, 3195475.925899999216199 ], [ 664989.520399999804795, 3195461.951500000432134 ], [ 664282.729700000025332, 3195441.623999999836087 ], [ 664278.7818, 3195904.7642 ], [ 664294.810600000433624, 3196257.619000000879169 ], [ 664285.266200000420213, 3196374.0296 ] ] ] ] } },
{ "type": "Feature", "properties": { "SECTOR_NO": "29", "CATEGORY": "EXISTING TOWN", "ZONE": "NON-CONFORMING", "GREEN": 2, "ORANGE": 0, "RED": 0, "WHITE": 0, "SEC(IN HAC": 194.2, "IND(IN HAC": 1.46, "AREA(%AGE)": 0.75, "TOTAL IND": 2 }, "geometry": { "type": "MultiPolygon", "coordinates": [ [ [ [ 659860.174999999813735, 3195604.029799999669194 ], [ 660121.199199999682605, 3195515.399000000208616 ], [ 660277.007799999788404, 3195386.67200000025332 ], [ 660346.582700000144541, 3195174.470899999141693 ], [ 659981.629999999888241, 3195316.840600000694394 ], [ 659757.2972999997437, 3195435.26410000026226 ], [ 659860.174999999813735, 3195604.029799999669194 ] ] ] ] } },
{ "type": "Feature", "properties": { "SECTOR_NO": "37", "CATEGORY": "EXISTING TOWN", "ZONE": "NON-CONFORMING", "GREEN": 0, "ORANGE": 0, "RED": 0, "WHITE": 0, "SEC(IN HAC": 195.2, "IND(IN HAC": 0.0, "AREA(%AGE)": 0.0, "TOTAL IND": 0 }, "geometry": { "type": "MultiPolygon", "coordinates": [ [ [ [ 655787.936499999836087, 3201811.510700000450015 ], [ 655959.896099999547005, 3201779.375099999830127 ], [ 656150.996299999766052, 3201753.384099999442697 ], [ 656209.291100000031292, 3201707.107999999076128 ], [ 656271.975999999791384, 3201664.253200000151992 ], [ 656334.638700000010431, 3201623.079500000923872 ], [ 656307.61849999986589, 3201543.711200000718236 ], [ 656240.475200000219047, 3201478.927799999713898 ], [ 656167.644700000062585, 3201397.25899999961257 ], [ 655989.524500000290573, 3201337.699799999594688 ], [ 655878.322499999776483, 3201359.729900000616908 ], [ 655775.680800000205636, 3201432.30350000038743 ], [ 655702.702100000344217, 3201553.183499999344349 ], [ 655747.947700000368059, 3201706.7555 ], [ 655787.936499999836087, 3201811.510700000450015 ] ] ] ] } },
{ "type": "Feature", "properties": { "SECTOR_NO": "27-C", "CATEGORY": "EXISTING TOWN", "ZONE": "NON-CONFORMING", "GREEN": 0, "ORANGE": 0, "RED": 0, "WHITE": 0, "SEC(IN HAC": 196.2, "IND(IN HAC": 0.0, "AREA(%AGE)": 0.0, "TOTAL IND": 0 }, "geometry": { "type": "MultiPolygon", "coordinates": [ [ [ [ 664789.597500000149012, 3190861.827600000426173 ], [ 664486.430399999953806, 3190300.4496 ], [ 664459.169700000435114, 3190212.03969999961555 ], [ 663767.101300000213087, 3190610.874399999156594 ], [ 663792.081799999810755, 3190729.517899999395013 ], [ 663849.918600000441074, 3190733.323899999260902 ], [ 663846.792200000025332, 3190954.416500000283122 ], [ 663994.202200000174344, 3190950.525299999862909 ], [ 664008.261599999852479, 3191258.523299999535084 ], [ 664206.885900000110269, 3191254.79619999974966 ], [ 664284.736999999731779, 3191128.852299999445677 ], [ 664456.00040000025183, 3190995.5304000005126 ], [ 664622.361600000411272, 3190901.130799999460578 ], [ 664789.597500000149012, 3190861.827600000426173 ] ] ] ] } },
{ "type": "Feature", "properties": { "SECTOR_NO": "30-D", "CATEGORY": "INDUSTRIAL", "ZONE": "CONFORMING", "GREEN": 0, "ORANGE": 0, "RED": 0, "WHITE": 0, "SEC(IN HAC": 197.2, "IND(IN HAC": 0.0, "AREA(%AGE)": 0.0, "TOTAL IND": 0 }, "geometry": { "type": "MultiPolygon", "coordinates": [ [ [ [ 664124.442900000140071, 3193073.850099999457598 ], [ 664121.138399999588728, 3193741.4846 ], [ 664023.827100000344217, 3193753.069599999114871 ], [ 664800.39919999986887, 3193745.558000000193715 ], [ 665515.059200000017881, 3193771.207699999213219 ], [ 666266.683199999853969, 3193760.133300000801682 ], [ 666267.048600000329316, 3193073.770099999383092 ], [ 664124.442900000140071, 3193073.850099999457598 ], [ 664124.442900000140071, 3193073.850099999457598 ] ] ] ] } },
{ "type": "Feature", "properties": { "SECTOR_NO": "30-C", "CATEGORY": "INDUSTRIAL", "ZONE": "CONFORMING", "GREEN": 0, "ORANGE": 0, "RED": 0, "WHITE": 0, "SEC(IN HAC": 198.2, "IND(IN HAC": 0.0, "AREA(%AGE)": 0.0, "TOTAL IND": 0 }, "geometry": { "type": "MultiPolygon", "coordinates": [ [ [ [ 664120.808699999935925, 3193786.483899999409914 ], [ 664111.95160000026226, 3194105.13429999910295 ], [ 664025.507299999706447, 3194498.929999999701977 ], [ 663937.245699999853969, 3194836.455800000578165 ], [ 664556.650299999862909, 3195397.0647 ], [ 664894.093399999663234, 3195399.320800000801682 ], [ 664954.638600000180304, 3195356.677400000393391 ], [ 665045.887400000356138, 3195327.227700000628829 ], [ 666259.718000000342727, 3195349.6371 ], [ 666264.259700000286102, 3195251.670700000599027 ], [ 666248.611100000329316, 3194741.45920000039041 ], [ 666266.659199999645352, 3193805.134600000455976 ], [ 665417.925900000147521, 3193807.561000000685453 ], [ 664711.957499999552965, 3193791.234899999573827 ], [ 664120.808699999935925, 3193786.483899999409914 ] ] ] ] } },
{ "type": "Feature", "properties": { "SECTOR_NO": "33-B", "CATEGORY": "INDUSTRIAL", "ZONE": "CONFORMING", "GREEN": 0, "ORANGE": 0, "RED": 0, "WHITE": 0, "SEC(IN HAC": 199.2, "IND(IN HAC": 0.0, "AREA(%AGE)": 0.0, "TOTAL IND": 0 }, "geometry": { "type": "MultiPolygon", "coordinates": [ [ [ [ 663920.169200000353158, 3194881.134099999442697 ], [ 663142.861800000071526, 3196720.9397 ], [ 662692.274799999780953, 3197279.003100000321865 ], [ 662432.05379999987781, 3197599.733999999240041 ], [ 662242.385300000198185, 3197813.80489999987185 ], [ 662015.776800000108778, 3197906.5669 ], [ 661975.356300000101328, 3197954.292400000616908 ], [ 662214.631699999794364, 3198005.28690000064671 ], [ 662675.587799999862909, 3198108.219200000166893 ], [ 663707.718999999575317, 3198274.245100000873208 ], [ 664684.751400000415742, 3196417.0406 ], [ 664267.675499999895692, 3196413.332699999213219 ], [ 664244.141800000332296, 3196382.219100000336766 ], [ 664245.751299999654293, 3195407.473799999803305 ], [ 664497.956100000068545, 3195403.9101 ], [ 663920.169200000353158, 3194881.134099999442697 ] ] ] ] } },
{ "type": "Feature", "properties": { "SECTOR_NO": "31-D", "CATEGORY": "INDUSTRIAL", "ZONE": "CONFORMING", "GREEN": 0, "ORANGE": 0, "RED": 0, "WHITE": 0, "SEC(IN HAC": 200.2, "IND(IN HAC": 0.0, "AREA(%AGE)": 0.0, "TOTAL IND": 0 }, "geometry": { "type": "MultiPolygon", "coordinates": [ [ [ [ 665108.74239999987185, 3195399.455600000917912 ], [ 665189.638299999758601, 3195448.93720000050962 ], [ 665256.866399999707937, 3195511.116100000217557 ], [ 665304.022599999792874, 3195566.105599999427795 ], [ 665369.63289999961853, 3195685.858300000429153 ], [ 665400.02419999986887, 3195771.838700000196695 ], [ 665397.497999999672174, 3195966.315300000831485 ], [ 665381.136300000362098, 3196040.550300000235438 ], [ 665350.232099999673665, 3196115.340700000524521 ], [ 665288.425599999725819, 3196202.418299999088049 ], [ 665240.904000000096858, 3196256.4759 ], [ 665183.252100000157952, 3196317.602099999785423 ], [ 665069.819899999536574, 3196396.205199999734759 ], [ 665014.880300000309944, 3196418.277200000360608 ], [ 664737.653300000354648, 3196413.555700000375509 ], [ 664241.375900000333786, 3197350.567800000309944 ], [ 664387.22649999987334, 3197458.760199999436736 ], [ 666260.832399999722838, 3197722.693099999800324 ], [ 666262.387799999676645, 3195399.382999999448657 ], [ 665567.583700000308454, 3195396.357799999415874 ], [ 665363.010300000198185, 3195393.431500000879169 ], [ 665315.801799999549985, 3195397.584799999371171 ], [ 665212.194199999794364, 3195393.38880000077188 ], [ 665108.74239999987185, 3195399.455600000917912 ] ] ] ] } },
{ "type": "Feature", "properties": { "SECTOR_NO": "33-C", "CATEGORY": "INDUSTRIAL", "ZONE": "CONFORMING", "GREEN": 0, "ORANGE": 0, "RED": 0, "WHITE": 0, "SEC(IN HAC": 201.2, "IND(IN HAC": 0.0, "AREA(%AGE)": 0.0, "TOTAL IND": 0 }, "geometry": { "type": "MultiPolygon", "coordinates": [ [ [ [ 663770.35120000038296, 3198285.64780000038445 ], [ 665068.785500000230968, 3198516.420199999585748 ], [ 665384.115399999544024, 3198340.3695 ], [ 665624.451700000092387, 3198212.680500000715256 ], [ 666260.605899999849498, 3197847.057099999859929 ], [ 666260.74959999974817, 3197768.126199999824166 ], [ 664369.621700000017881, 3197501.730399999767542 ], [ 664220.309000000357628, 3197390.969799999147654 ], [ 663770.35120000038296, 3198285.64780000038445 ] ] ] ] } },
{ "type": "Feature", "properties": { "SECTOR_NO": "25-E", "CATEGORY": "OPEN SPACE", "ZONE": "NON-CONFORMING", "GREEN": 0, "ORANGE": 0, "RED": 0, "WHITE": 0, "SEC(IN HAC": 202.2, "IND(IN HAC": 0.0, "AREA(%AGE)": 0.0, "TOTAL IND": 0 }, "geometry": { "type": "MultiPolygon", "coordinates": [ [ [ [ 659821.206000000238419, 3191229.767899999395013 ], [ 659823.628999999724329, 3192445.107300000265241 ], [ 660293.996199999935925, 3192256.47440000064671 ], [ 660394.750500000081956, 3192256.284700000658631 ], [ 660498.543100000359118, 3192305.787399999797344 ], [ 660530.911999999545515, 3192346.114399999380112 ], [ 660641.813900000415742, 3192127.514699999243021 ], [ 660680.865600000135601, 3191967.684800000861287 ], [ 660705.826100000180304, 3191812.1418999992311 ], [ 660725.125300000421703, 3191685.407400000840425 ], [ 660726.755900000222027, 3191567.89049999974668 ], [ 660726.68099999986589, 3191446.863700000569224 ], [ 660687.532399999909103, 3191297.40430000051856 ], [ 660665.506400000303984, 3191241.317299999296665 ], [ 660609.545699999667704, 3191238.659499999135733 ], [ 659821.206000000238419, 3191229.767899999395013 ] ] ] ] } },
{ "type": "Feature", "properties": { "SECTOR_NO": "25", "CATEGORY": "OPEN SPACE", "ZONE": "NON-CONFORMING", "GREEN": 0, "ORANGE": 0, "RED": 0, "WHITE": 0, "SEC(IN HAC": 203.2, "IND(IN HAC": 0.0, "AREA(%AGE)": 0.0, "TOTAL IND": 0 }, "geometry": { "type": "MultiPolygon", "coordinates": [ [ [ [ 657044.471599999815226, 3193993.179700000211596 ], [ 657153.403300000354648, 3193617.103900000452995 ], [ 656684.051400000229478, 3193471.78800000064075 ], [ 656600.923899999819696, 3193912.424100000411272 ], [ 657044.471599999815226, 3193993.179700000211596 ] ] ] ] } },
{ "type": "Feature", "properties": { "SECTOR_NO": "25-A", "CATEGORY": "OPEN SPACE", "ZONE": "NON-CONFORMING", "GREEN": 0, "ORANGE": 0, "RED": 0, "WHITE": 0, "SEC(IN HAC": 204.2, "IND(IN HAC": 0.0, "AREA(%AGE)": 0.0, "TOTAL IND": 0 }, "geometry": { "type": "MultiPolygon", "coordinates": [ [ [ [ 657249.621199999935925, 3193560.3429000005126 ], [ 657632.838499999605119, 3192642.285700000822544 ], [ 656973.8277000002563, 3192702.278000000864267 ], [ 656674.10950000025332, 3193373.619300000369549 ], [ 657249.621199999935925, 3193560.3429000005126 ] ] ] ] } },
{ "type": "Feature", "properties": { "SECTOR_NO": "21-B", "CATEGORY": "OPEN SPACE", "ZONE": "NON-CONFORMING", "GREEN": 0, "ORANGE": 0, "RED": 0, "WHITE": 0, "SEC(IN HAC": 205.2, "IND(IN HAC": 0.0, "AREA(%AGE)": 0.0, "TOTAL IND": 0 }, "geometry": { "type": "MultiPolygon", "coordinates": [ [ [ [ 651644.557799999602139, 3194621.834100000560284 ], [ 651466.574900000356138, 3194267.50650000013411 ], [ 650559.0152000002563, 3194730.52419999986887 ], [ 650535.206600000150502, 3194740.554099999368191 ], [ 651111.760700000450015, 3195143.907999999821186 ], [ 651311.539900000207126, 3195036.313999999314547 ], [ 652060.006199999712408, 3196051.806399999186397 ], [ 652113.205500000156462, 3195999.979399999603629 ], [ 651247.468799999915063, 3194891.874399999156594 ], [ 651644.557799999602139, 3194621.834100000560284 ] ] ] ] } },
{ "type": "Feature", "properties": { "SECTOR_NO": "21-B", "CATEGORY": "OPEN SPACE", "ZONE": "NON-CONFORMING", "GREEN": 0, "ORANGE": 0, "RED": 0, "WHITE": 0, "SEC(IN HAC": 206.2, "IND(IN HAC": 0.0, "AREA(%AGE)": 0.0, "TOTAL IND": 0 }, "geometry": { "type": "MultiPolygon", "coordinates": [ [ [ [ 651423.457200000062585, 3196069.927200000733137 ], [ 651485.349000000394881, 3195876.599999999627471 ], [ 651484.299100000411272, 3195843.809699999168515 ], [ 651387.74309999961406, 3195761.02449999935925 ], [ 651185.114900000393391, 3195559.19400000013411 ], [ 651095.230999999679625, 3195305.052899999544024 ], [ 651056.658699999563396, 3195199.9167 ], [ 650929.923499999567866, 3195104.97580000013113 ], [ 650566.604899999685585, 3194871.647700000554323 ], [ 650479.796000000089407, 3194791.939099999144673 ], [ 650298.53249999973923, 3195059.945599999278784 ], [ 651423.457200000062585, 3196069.927200000733137 ] ] ] ] } },
{ "type": "Feature", "properties": { "SECTOR_NO": "6", "CATEGORY": "OPEN SPACE", "ZONE": "NON-CONFORMING", "GREEN": 0, "ORANGE": 0, "RED": 0, "WHITE": 0, "SEC(IN HAC": 207.2, "IND(IN HAC": 0.0, "AREA(%AGE)": 0.0, "TOTAL IND": 0 }, "geometry": { "type": "MultiPolygon", "coordinates": [ [ [ [ 657046.113400000147521, 3199529.405300000682473 ], [ 656632.333800000138581, 3199020.2643 ], [ 656328.639000000432134, 3199166.061300000175834 ], [ 656134.661100000143051, 3199268.026499999687076 ], [ 656599.804299999959767, 3199867.991399999707937 ], [ 657046.113400000147521, 3199529.405300000682473 ] ] ] ] } },
{ "type": "Feature", "properties": { "SECTOR_NO": "38", "CATEGORY": "OPEN SPACE", "ZONE": "NON-CONFORMING", "GREEN": 0, "ORANGE": 0, "RED": 0, "WHITE": 0, "SEC(IN HAC": 208.2, "IND(IN HAC": 0.0, "AREA(%AGE)": 0.0, "TOTAL IND": 0 }, "geometry": { "type": "MultiPolygon", "coordinates": [ [ [ [ 652597.048200000077486, 3200599.253100000321865 ], [ 652613.324699999764562, 3200612.150499999523163 ], [ 653274.069799999706447, 3201061.045399999246001 ], [ 653511.9989, 3201217.39049999974668 ], [ 653620.822300000116229, 3201288.539899999275804 ], [ 653736.655100000090897, 3201338.957800000905991 ], [ 653845.288099999539554, 3201354.9679000005126 ], [ 653965.865399999544024, 3201357.121899999678135 ], [ 653971.126199999824166, 3201352.277300000190735 ], [ 653834.461099999956787, 3201183.966 ], [ 653637.260900000110269, 3200940.748299999162555 ], [ 653448.910799999721348, 3200707.533099999651313 ], [ 653418.610600000247359, 3200670.55350000038743 ], [ 653360.675699999555945, 3200600.8574 ], [ 653242.528099999763072, 3200440.8969 ], [ 653176.484199999831617, 3200354.067299999296665 ], [ 653173.486200000159442, 3200348.943199999630451 ], [ 653173.486200000159442, 3200348.943199999630451 ], [ 652681.390599999576807, 3200180.099099999293685 ], [ 652681.390599999576807, 3200180.099099999293685 ], [ 652681.390599999576807, 3200180.099099999293685 ], [ 652642.199400000274181, 3200329.965900000184774 ], [ 652597.048200000077486, 3200599.253100000321865 ] ] ] ] } },
{ "type": "Feature", "properties": { "SECTOR_NO": "40", "CATEGORY": "OPEN SPACE", "ZONE": "NON-CONFORMING", "GREEN": 7, "ORANGE": 0, "RED": 0, "WHITE": 0, "SEC(IN HAC": 209.2, "IND(IN HAC": 0.1, "AREA(%AGE)": 0.05, "TOTAL IND": 7 }, "geometry": { "type": "MultiPolygon", "coordinates": [ [ [ [ 650528.441700000315905, 3199302.957599999383092 ], [ 650848.763500000350177, 3198969.871600000187755 ], [ 651094.533300000242889, 3199257.1678 ], [ 651055.606700000353158, 3199147.333399999886751 ], [ 650993.54700000025332, 3198955.019400000572205 ], [ 650993.54700000025332, 3198955.019400000572205 ], [ 650968.407700000330806, 3198869.273499999195337 ], [ 650968.407700000330806, 3198869.273499999195337 ], [ 650934.056599999777973, 3198784.212500000372529 ], [ 650914.625099999830127, 3198743.2862 ], [ 650894.486600000411272, 3198707.173499999567866 ], [ 650894.486600000411272, 3198707.173499999567866 ], [ 650832.5148, 3198619.311599999666214 ], [ 650723.864199999719858, 3198497.344699999317527 ], [ 650723.864199999719858, 3198497.344699999317527 ], [ 650615.959999999962747, 3198454.476600000634789 ], [ 650479.240600000135601, 3198447.372600000351667 ], [ 650342.943500000052154, 3198464.647700000554323 ], [ 650321.404000000096858, 3198490.770700000226498 ], [ 650298.538499999791384, 3198524.090099999681115 ], [ 650346.946800000034273, 3198689.89130000025034 ], [ 650446.582799999974668, 3198957.627399999648333 ], [ 650480.162800000049174, 3199153.9923 ], [ 650528.441700000315905, 3199302.957599999383092 ] ] ] ] } },
{ "type": "Feature", "properties": { "SECTOR_NO": "28", "CATEGORY": "OPEN SPACE", "ZONE": "NON-CONFORMING", "GREEN": 0, "ORANGE": 0, "RED": 0, "WHITE": 0, "SEC(IN HAC": 210.2, "IND(IN HAC": 0.0, "AREA(%AGE)": 0.0, "TOTAL IND": 0 }, "geometry": { "type": "MultiPolygon", "coordinates": [ [ [ [ 659103.451999999582767, 3194240.527799999341369 ], [ 659190.789499999955297, 3194520.6349 ], [ 659769.117899999953806, 3194293.527200000360608 ], [ 659880.957200000062585, 3194258.714299999177456 ], [ 659847.452100000344217, 3194157.803300000727177 ], [ 659847.451399999670684, 3194157.802500000223517 ], [ 659804.006000000052154, 3194105.644400000572205 ], [ 659681.975300000049174, 3194127.221699999645352 ], [ 659681.975300000049174, 3194127.221699999645352 ], [ 659660.115899999625981, 3194059.185499999672174 ], [ 659677.979399999603629, 3194035.525800000876188 ], [ 659643.91469999961555, 3193962.340900000184774 ], [ 659103.451999999582767, 3194240.527799999341369 ] ] ] ] } },
{ "type": "Feature", "properties": { "SECTOR_NO": "26", "CATEGORY": "OPEN SPACE", "ZONE": "NON-CONFORMING", "GREEN": 0, "ORANGE": 0, "RED": 0, "WHITE": 0, "SEC(IN HAC": 211.2, "IND(IN HAC": 0.0, "AREA(%AGE)": 0.0, "TOTAL IND": 0 }, "geometry": { "type": "MultiPolygon", "coordinates": [ [ [ [ 659681.940100000239909, 3193911.317600000649691 ], [ 659428.561900000087917, 3193845.070599999278784 ], [ 659428.561900000087917, 3193845.070599999278784 ], [ 659237.645800000056624, 3193955.000800000503659 ], [ 659323.697399999946356, 3194073.724099999293685 ], [ 659681.940100000239909, 3193911.317600000649691 ] ] ] ] } },
{ "type": "Feature", "properties": { "SECTOR_NO": "26", "CATEGORY": "OPEN SPACE", "ZONE": "NON-CONFORMING", "GREEN": 0, "ORANGE": 0, "RED": 0, "WHITE": 0, "SEC(IN HAC": 212.2, "IND(IN HAC": 0.0, "AREA(%AGE)": 0.0, "TOTAL IND": 0 }, "geometry": { "type": "MultiPolygon", "coordinates": [ [ [ [ 659139.09389999974519, 3194171.291400000452995 ], [ 659268.931699999608099, 3194102.8531 ], [ 659179.427899999544024, 3193980.098300000652671 ], [ 659059.342400000430644, 3194040.703099999576807 ], [ 659139.09389999974519, 3194171.291400000452995 ] ] ] ] } },
{ "type": "Feature", "properties": { "SECTOR_NO": "26", "CATEGORY": "OPEN SPACE", "ZONE": "NON-CONFORMING", "GREEN": 0, "ORANGE": 0, "RED": 0, "WHITE": 0, "SEC(IN HAC": 213.2, "IND(IN HAC": 0.0, "AREA(%AGE)": 0.0, "TOTAL IND": 0 }, "geometry": { "type": "MultiPolygon", "coordinates": [ [ [ [ 658784.727699999697506, 3193804.718499999493361 ], [ 658659.606900000013411, 3193577.01490000076592 ], [ 658206.233500000089407, 3193851.456900000572205 ], [ 658336.465599999763072, 3194034.401399999856949 ], [ 658784.727699999697506, 3193804.718499999493361 ] ] ] ] } },
{ "type": "Feature", "properties": { "SECTOR_NO": "38", "CATEGORY": "OPEN SPACE", "ZONE": "NON-CONFORMING", "GREEN": 0, "ORANGE": 0, "RED": 0, "WHITE": 0, "SEC(IN HAC": 214.2, "IND(IN HAC": 0.0, "AREA(%AGE)": 0.0, "TOTAL IND": 0 }, "geometry": { "type": "MultiPolygon", "coordinates": [ [ [ [ 652671.570299999788404, 3200177.1678 ], [ 652358.006000000052154, 3199956.755000000819564 ], [ 652117.767099999822676, 3200288.219200000166893 ], [ 652589.117600000463426, 3200583.915400000289083 ], [ 652628.32120000012219, 3200331.043099999427795 ], [ 652671.570299999788404, 3200177.1678 ] ] ] ] } },
{ "type": "Feature", "properties": { "SECTOR_NO": "13", "CATEGORY": "OPEN SPACE", "ZONE": "NON-CONFORMING", "GREEN": 0, "ORANGE": 0, "RED": 0, "WHITE": 0, "SEC(IN HAC": 215.2, "IND(IN HAC": 0.0, "AREA(%AGE)": 0.0, "TOTAL IND": 0 }, "geometry": { "type": "MultiPolygon", "coordinates": [ [ [ [ 656277.35080000013113, 3198049.981599999591708 ], [ 656277.45920000039041, 3197877.901900000870228 ], [ 655945.00899999961257, 3197864.691299999132752 ], [ 655956.749699999578297, 3198282.550499999895692 ], [ 656277.35080000013113, 3198049.981599999591708 ] ] ] ] } },
{ "type": "Feature", "properties": { "SECTOR_NO": "17", "CATEGORY": "OPEN SPACE", "ZONE": "NON-CONFORMING", "GREEN": 0, "ORANGE": 0, "RED": 0, "WHITE": 0, "SEC(IN HAC": 216.2, "IND(IN HAC": 0.0, "AREA(%AGE)": 0.0, "TOTAL IND": 0 }, "geometry": { "type": "MultiPolygon", "coordinates": [ [ [ [ 653500.226300000213087, 3196883.793999999761581 ], [ 653512.963800000026822, 3196843.622500000521541 ], [ 653485.009800000116229, 3196776.436899999156594 ], [ 653434.050200000405312, 3196770.7179000005126 ], [ 653395.682900000363588, 3196819.373999999836087 ], [ 653375.403900000266731, 3196926.259999999776483 ], [ 653500.226300000213087, 3196883.793999999761581 ] ] ] ] } },
{ "type": "Feature", "properties": { "SECTOR_NO": "25-E", "CATEGORY": "OPEN SPACE", "ZONE": "NON-CONFORMING", "GREEN": 0, "ORANGE": 0, "RED": 0, "WHITE": 0, "SEC(IN HAC": 217.2, "IND(IN HAC": 0.0, "AREA(%AGE)": 0.0, "TOTAL IND": 0 }, "geometry": { "type": "MultiPolygon", "coordinates": [ [ [ [ 660552.473500000312924, 3192372.311799999326468 ], [ 660935.180700000375509, 3192158.482200000435114 ], [ 661560.622999999672174, 3191787.177699999883771 ], [ 662095.9068, 3191484.369799999520183 ], [ 661935.394299999810755, 3191422.358799999579787 ], [ 661738.356200000271201, 3191337.925799999386072 ], [ 661635.159900000318885, 3191316.563500000163913 ], [ 661188.39850000012666, 3191293.156099999323487 ], [ 660725.919599999673665, 3191248.878900000825524 ], [ 660768.892599999904633, 3191438.7336 ], [ 660772.949699999764562, 3191651.954700000584126 ], [ 660763.474399999715388, 3191829.128499999642372 ], [ 660737.270600000396371, 3191947.798499999567866 ], [ 660694.727800000458956, 3192137.960799999535084 ], [ 660629.744599999859929, 3192270.536299999803305 ], [ 660552.473500000312924, 3192372.311799999326468 ] ] ] ] } },
{ "type": "Feature", "properties": { "SECTOR_NO": "21-D", "CATEGORY": "OPEN SPACE", "ZONE": "NON-CONFORMING", "GREEN": 0, "ORANGE": 0, "RED": 0, "WHITE": 0, "SEC(IN HAC": 218.2, "IND(IN HAC": 0.0, "AREA(%AGE)": 0.0, "TOTAL IND": 0 }, "geometry": { "type": "MultiPolygon", "coordinates": [ [ [ [ 651051.474000000394881, 3192956.849300000816584 ], [ 651722.407599999569356, 3192657.489499999210238 ], [ 651673.181900000199676, 3192543.33559999987483 ], [ 651014.977699999697506, 3192851.476700000464916 ], [ 651051.474000000394881, 3192956.849300000816584 ] ] ] ] } },
{ "type": "Feature", "properties": { "SECTOR_NO": "22-A", "CATEGORY": "OPEN SPACE", "ZONE": "NON-CONFORMING", "GREEN": 0, "ORANGE": 0, "RED": 0, "WHITE": 0, "SEC(IN HAC": 219.2, "IND(IN HAC": 0.0, "AREA(%AGE)": 0.0, "TOTAL IND": 0 }, "geometry": { "type": "MultiPolygon", "coordinates": [ [ [ [ 651763.466199999675155, 3192639.0636 ], [ 653131.671299999579787, 3192050.743599999696016 ], [ 653120.254800000227988, 3191935.859099999070168 ], [ 651720.337299999780953, 3192525.028400000184774 ], [ 651763.466199999675155, 3192639.0636 ] ] ] ] } },
{ "type": "Feature", "properties": { "SECTOR_NO": "22-C", "CATEGORY": "OPEN SPACE", "ZONE": "NON-CONFORMING", "GREEN": 0, "ORANGE": 0, "RED": 0, "WHITE": 0, "SEC(IN HAC": 220.2, "IND(IN HAC": 0.0, "AREA(%AGE)": 0.0, "TOTAL IND": 0 }, "geometry": { "type": "MultiPolygon", "coordinates": [ [ [ [ 653178.468000000342727, 3192043.331800000742078 ], [ 653778.155199999921024, 3191791.106699999421835 ], [ 653721.340200000442564, 3191710.991900000721216 ], [ 653166.408200000412762, 3191910.820900000631809 ], [ 653178.468000000342727, 3192043.331800000742078 ] ] ] ] } },
{ "type": "Feature", "properties": { "SECTOR_NO": "21-F", "CATEGORY": "PUBLIC AND SEMI PUBLIC", "ZONE": "NON-CONFORMING", "GREEN": 0, "ORANGE": 0, "RED": 0, "WHITE": 0, "SEC(IN HAC": 221.2, "IND(IN HAC": 0.0, "AREA(%AGE)": 0.0, "TOTAL IND": 0 }, "geometry": { "type": "MultiPolygon", "coordinates": [ [ [ [ 651781.632299999706447, 3189339.035800000652671 ], [ 651782.295400000177324, 3189338.390799999237061 ], [ 651779.49309999961406, 3189402.41330000013113 ], [ 651734.643500000238419, 3191167.629200000315905 ], [ 651998.978099999949336, 3191167.172800000756979 ], [ 652051.192300000227988, 3189342.698799999430776 ], [ 651781.679299999959767, 3189335.441199999302626 ], [ 651781.632299999706447, 3189339.035800000652671 ] ] ] ] } },
{ "type": "Feature", "properties": { "SECTOR_NO": "21-F", "CATEGORY": "PUBLIC AND SEMI PUBLIC", "ZONE": "NON-CONFORMING", "GREEN": 0, "ORANGE": 0, "RED": 0, "WHITE": 0, "SEC(IN HAC": 222.2, "IND(IN HAC": 0.0, "AREA(%AGE)": 0.0, "TOTAL IND": 0 }, "geometry": { "type": "MultiPolygon", "coordinates": [ [ [ [ 650396.863300000317395, 3189300.590199999511242 ], [ 650358.77350000012666, 3190457.265599999576807 ], [ 651004.256699999794364, 3190460.23619999922812 ], [ 651002.837299999780953, 3190628.700300000607967 ], [ 651000.450600000098348, 3191138.643100000917912 ], [ 651696.423200000077486, 3191164.495400000363588 ], [ 651725.595999999903142, 3189825.1392 ], [ 651748.351300000213087, 3189331.565400000661612 ], [ 651111.931900000199676, 3189312.7939 ], [ 650644.418300000019372, 3189305.837899999693036 ], [ 650396.863300000317395, 3189300.590199999511242 ] ] ] ] } },
{ "type": "Feature", "properties": { "SECTOR_NO": "21-F", "CATEGORY": "PUBLIC AND SEMI PUBLIC", "ZONE": "NON-CONFORMING", "GREEN": 0, "ORANGE": 0, "RED": 0, "WHITE": 0, "SEC(IN HAC": 223.2, "IND(IN HAC": 0.0, "AREA(%AGE)": 0.0, "TOTAL IND": 0 }, "geometry": { "type": "MultiPolygon", "coordinates": [ [ [ [ 650975.376699999906123, 3190488.395500000566244 ], [ 650355.740000000223517, 3190487.0625 ], [ 650345.598899999633431, 3191040.4825 ], [ 650612.760499999858439, 3191133.596599999815226 ], [ 650499.8432, 3191319.261199999600649 ], [ 650268.772699999623001, 3191486.58530000038445 ], [ 650023.259600000455976, 3191855.425499999895692 ], [ 649721.8284, 3192277.3333 ], [ 649634.802299999631941, 3192598.9265 ], [ 649323.178199999965727, 3192742.8158 ], [ 649498.541199999861419, 3193066.676200000569224 ], [ 649577.002000000327826, 3193254.8213 ], [ 649641.851800000295043, 3193274.70890000090003 ], [ 649847.93099999986589, 3193205.659299999475479 ], [ 650001.620900000445545, 3193221.096400000154972 ], [ 650145.381299999542534, 3193201.8772 ], [ 650360.204199999570847, 3193085.5929000005126 ], [ 650691.077600000426173, 3192918.544299999251962 ], [ 650931.092899999581277, 3192804.530999999493361 ], [ 650975.376699999906123, 3190488.395500000566244 ] ] ] ] } },
{ "type": "Feature", "properties": { "SECTOR_NO": "21-F", "CATEGORY": "PUBLIC AND SEMI PUBLIC", "ZONE": "NON-CONFORMING", "GREEN": 0, "ORANGE": 0, "RED": 0, "WHITE": 0, "SEC(IN HAC": 224.2, "IND(IN HAC": 0.0, "AREA(%AGE)": 0.0, "TOTAL IND": 0 }, "geometry": { "type": "MultiPolygon", "coordinates": [ [ [ [ 650988.524100000038743, 3192788.848899999633431 ], [ 651487.073900000192225, 3192563.013499999418855 ], [ 652002.898900000378489, 3192335.986099999397993 ], [ 651992.975200000219047, 3191199.245699999853969 ], [ 650998.684500000439584, 3191179.520300000905991 ], [ 650988.524100000038743, 3192788.848899999633431 ] ] ] ] } },
{ "type": "Feature", "properties": { "SECTOR_NO": "21-E", "CATEGORY": "PUBLIC AND SEMI PUBLIC", "ZONE": "NON-CONFORMING", "GREEN": 0, "ORANGE": 0, "RED": 0, "WHITE": 0, "SEC(IN HAC": 225.2, "IND(IN HAC": 0.0, "AREA(%AGE)": 0.0, "TOTAL IND": 0 }, "geometry": { "type": "MultiPolygon", "coordinates": [ [ [ [ 650357.002500000409782, 3193310.973899999633431 ], [ 650491.713899999856949, 3193420.29759999923408 ], [ 650567.613300000317395, 3193384.442600000649691 ], [ 651062.9364, 3193132.120999999344349 ], [ 651011.027099999599159, 3192978.919099999591708 ], [ 650357.002500000409782, 3193310.973899999633431 ] ] ] ] } },
{ "type": "Feature", "properties": { "SECTOR_NO": "22-A", "CATEGORY": "PUBLIC AND SEMI PUBLIC", "ZONE": "NON-CONFORMING", "GREEN": 0, "ORANGE": 0, "RED": 0, "WHITE": 0, "SEC(IN HAC": 226.2, "IND(IN HAC": 0.0, "AREA(%AGE)": 0.0, "TOTAL IND": 0 }, "geometry": { "type": "MultiPolygon", "coordinates": [ [ [ [ 651828.470599999651313, 3192778.394300000742078 ], [ 653151.929100000299513, 3192234.784600000828505 ], [ 653131.671299999579787, 3192050.743599999696016 ], [ 651763.466199999675155, 3192639.0636 ], [ 651828.470599999651313, 3192778.394300000742078 ] ] ] ] } },
{ "type": "Feature", "properties": { "SECTOR_NO": "25-D", "CATEGORY": "PUBLIC AND SEMI PUBLIC", "ZONE": "NON-CONFORMING", "GREEN": 0, "ORANGE": 0, "RED": 0, "WHITE": 0, "SEC(IN HAC": 227.2, "IND(IN HAC": 0.0, "AREA(%AGE)": 0.0, "TOTAL IND": 0 }, "geometry": { "type": "MultiPolygon", "coordinates": [ [ [ [ 658300.956199999898672, 3191360.171599999070168 ], [ 659777.20409999974072, 3191357.600400000810623 ], [ 659776.212799999862909, 3191230.817199999466538 ], [ 658290.535899999551475, 3191258.31220000050962 ], [ 658300.956199999898672, 3191360.171599999070168 ] ] ] ] } },
{ "type": "Feature", "properties": { "SECTOR_NO": "25-A", "CATEGORY": "PUBLIC AND SEMI PUBLIC", "ZONE": "NON-CONFORMING", "GREEN": 0, "ORANGE": 0, "RED": 0, "WHITE": 0, "SEC(IN HAC": 228.2, "IND(IN HAC": 0.0, "AREA(%AGE)": 0.0, "TOTAL IND": 0 }, "geometry": { "type": "MultiPolygon", "coordinates": [ [ [ [ 656674.10950000025332, 3193373.619300000369549 ], [ 656973.8277000002563, 3192702.278000000864267 ], [ 656430.258200000040233, 3192753.171900000423193 ], [ 656164.854399999603629, 3192795.408700000494719 ], [ 655992.604799999855459, 3192822.969100000336766 ], [ 655918.644700000062585, 3192843.248199999332428 ], [ 655626.936599999666214, 3193035.627800000831485 ], [ 656674.10950000025332, 3193373.619300000369549 ] ] ] ] } },
{ "type": "Feature", "properties": { "SECTOR_NO": "26-B", "CATEGORY": "PUBLIC AND SEMI PUBLIC", "ZONE": "NON-CONFORMING", "GREEN": 0, "ORANGE": 0, "RED": 0, "WHITE": 0, "SEC(IN HAC": 229.2, "IND(IN HAC": 0.0, "AREA(%AGE)": 0.0, "TOTAL IND": 0 }, "geometry": { "type": "MultiPolygon", "coordinates": [ [ [ [ 662721.961900000460446, 3191777.314300000667572 ], [ 662170.509200000204146, 3191538.909 ], [ 661300.414599999785423, 3192046.925300000235438 ], [ 661701.591000000014901, 3192788.199799999594688 ], [ 662619.605899999849498, 3192079.826199999079108 ], [ 662721.961900000460446, 3191777.314300000667572 ] ] ] ] } },
{ "type": "Feature", "properties": { "SECTOR_NO": "27-B", "CATEGORY": "PUBLIC AND SEMI PUBLIC", "ZONE": "NON-CONFORMING", "GREEN": 0, "ORANGE": 0, "RED": 0, "WHITE": 0, "SEC(IN HAC": 230.2, "IND(IN HAC": 0.0, "AREA(%AGE)": 0.0, "TOTAL IND": 0 }, "geometry": { "type": "MultiPolygon", "coordinates": [ [ [ [ 662001.238099999725819, 3193179.029400000348687 ], [ 663197.521499999798834, 3192391.947599999606609 ], [ 663270.205900000408292, 3192328.868000000715256 ], [ 663428.87569999974221, 3192107.881100000813603 ], [ 663382.420800000429153, 3192073.463899999856949 ], [ 662772.38910000026226, 3191799.935200000181794 ], [ 662657.25040000025183, 3192107.617799999192357 ], [ 661723.332200000062585, 3192828.2631 ], [ 661866.338899999856949, 3193090.5449 ], [ 662001.238099999725819, 3193179.029400000348687 ] ] ] ] } },
{ "type": "Feature", "properties": { "SECTOR_NO": "31", "CATEGORY": "PUBLIC AND SEMI PUBLIC", "ZONE": "NON-CONFORMING", "GREEN": 0, "ORANGE": 0, "RED": 0, "WHITE": 0, "SEC(IN HAC": 231.2, "IND(IN HAC": 0.0, "AREA(%AGE)": 0.0, "TOTAL IND": 0 }, "geometry": { "type": "MultiPolygon", "coordinates": [ [ [ [ 661622.77280000038445, 3196413.597899999469519 ], [ 661224.974299999885261, 3195848.567600000649691 ], [ 660835.38370000012219, 3196062.096200000494719 ], [ 660284.45409999974072, 3196359.885700000450015 ], [ 660937.330099999904633, 3196887.659399999305606 ], [ 661134.826899999752641, 3196716.679400000721216 ], [ 661622.77280000038445, 3196413.597899999469519 ] ] ] ] } },
{ "type": "Feature", "properties": { "SECTOR_NO": "17", "CATEGORY": "PUBLIC AND SEMI PUBLIC", "ZONE": "NON-CONFORMING", "GREEN": 4, "ORANGE": 0, "RED": 0, "WHITE": 0, "SEC(IN HAC": 232.2, "IND(IN HAC": 1.72, "AREA(%AGE)": 0.74, "TOTAL IND": 4 }, "geometry": { "type": "MultiPolygon", "coordinates": [ [ [ [ 653692.674499999731779, 3196991.300100000575185 ], [ 654109.147099999710917, 3196792.618899999186397 ], [ 654020.740000000223517, 3196370.698300000280142 ], [ 653543.714399999938905, 3196345.129200000315905 ], [ 653692.674499999731779, 3196991.300100000575185 ] ] ] ] } },
{ "type": "Feature", "properties": { "SECTOR_NO": "6", "CATEGORY": "PUBLIC AND SEMI PUBLIC", "ZONE": "NON-CONFORMING", "GREEN": 0, "ORANGE": 0, "RED": 0, "WHITE": 0, "SEC(IN HAC": 233.2, "IND(IN HAC": 0.0, "AREA(%AGE)": 0.0, "TOTAL IND": 0 }, "geometry": { "type": "MultiPolygon", "coordinates": [ [ [ [ 656328.639000000432134, 3199166.061300000175834 ], [ 656632.333800000138581, 3199020.2643 ], [ 656423.711199999786913, 3198747.00029999949038 ], [ 656362.543600000441074, 3198603.732200000435114 ], [ 656356.375099999830127, 3198492.83420000039041 ], [ 656006.715699999593198, 3198488.107699999585748 ], [ 655991.02419999986887, 3198725.212500000372529 ], [ 656218.840800000354648, 3198730.282999999821186 ], [ 656225.206699999980628, 3198907.6721 ], [ 656182.201399999670684, 3198976.816500000655651 ], [ 656328.639000000432134, 3199166.061300000175834 ] ] ] ] } },
{ "type": "Feature", "properties": { "SECTOR_NO": "5", "CATEGORY": "PUBLIC AND SEMI PUBLIC", "ZONE": "NON-CONFORMING", "GREEN": 0, "ORANGE": 0, "RED": 0, "WHITE": 0, "SEC(IN HAC": 234.2, "IND(IN HAC": 0.0, "AREA(%AGE)": 0.0, "TOTAL IND": 0 }, "geometry": { "type": "MultiPolygon", "coordinates": [ [ [ [ 657305.169200000353158, 3199266.725600000470877 ], [ 657840.910400000400841, 3198977.198599999770522 ], [ 657659.410699999891222, 3198693.324300000444055 ], [ 657178.582399999722838, 3198988.587500000372529 ], [ 657305.169200000353158, 3199266.725600000470877 ] ] ] ] } },
{ "type": "Feature", "properties": { "SECTOR_NO": "20-B", "CATEGORY": "PUBLIC AND SEMI PUBLIC", "ZONE": "NON-CONFORMING", "GREEN": 0, "ORANGE": 0, "RED": 0, "WHITE": 0, "SEC(IN HAC": 235.2, "IND(IN HAC": 0.0, "AREA(%AGE)": 0.0, "TOTAL IND": 0 }, "geometry": { "type": "MultiPolygon", "coordinates": [ [ [ [ 646984.93680000025779, 3195017.962899999693036 ], [ 647358.055900000035763, 3195168.940099999308586 ], [ 647880.209999999962747, 3194683.965099999681115 ], [ 647622.36809999961406, 3194628.987400000914931 ], [ 646984.93680000025779, 3195017.962899999693036 ] ] ] ] } },
{ "type": "Feature", "properties": { "SECTOR_NO": "21-E", "CATEGORY": "PUBLIC AND SEMI PUBLIC", "ZONE": "NON-CONFORMING", "GREEN": 0, "ORANGE": 0, "RED": 0, "WHITE": 0, "SEC(IN HAC": 236.2, "IND(IN HAC": 0.0, "AREA(%AGE)": 0.0, "TOTAL IND": 0 }, "geometry": { "type": "MultiPolygon", "coordinates": [ [ [ [ 649331.472599999979138, 3194042.61879999935627 ], [ 650273.182199999690056, 3193505.1305 ], [ 650257.069299999624491, 3193493.201899999752641 ], [ 650217.539099999703467, 3193460.753100000321865 ], [ 650184.448099999688566, 3193445.19620000012219 ], [ 650160.875199999660254, 3193437.32660000026226 ], [ 650136.736999999731779, 3193416.003200000151992 ], [ 649833.853099999949336, 3193586.0559 ], [ 649332.493200000375509, 3193873.264499999582767 ], [ 649331.472599999979138, 3194042.61879999935627 ] ] ] ] } },
{ "type": "Feature", "properties": { "SECTOR_NO": "21-C", "CATEGORY": "PUBLIC AND SEMI PUBLIC", "ZONE": "NON-CONFORMING", "GREEN": 0, "ORANGE": 0, "RED": 0, "WHITE": 0, "SEC(IN HAC": 237.2, "IND(IN HAC": 0.0, "AREA(%AGE)": 0.0, "TOTAL IND": 0 }, "geometry": { "type": "MultiPolygon", "coordinates": [ [ [ [ 652305.96750000026077, 3195774.41950000077486 ], [ 652897.28899999987334, 3194938.148800000548363 ], [ 652788.979399999603629, 3194748.745400000363588 ], [ 652188.873100000433624, 3195552.365800000727177 ], [ 652305.96750000026077, 3195774.41950000077486 ] ] ] ] } },
{ "type": "Feature", "properties": { "SECTOR_NO": "22-B", "CATEGORY": "PUBLIC AND SEMI PUBLIC", "ZONE": "NON-CONFORMING", "GREEN": 0, "ORANGE": 0, "RED": 0, "WHITE": 0, "SEC(IN HAC": 238.2, "IND(IN HAC": 0.0, "AREA(%AGE)": 0.0, "TOTAL IND": 0 }, "geometry": { "type": "MultiPolygon", "coordinates": [ [ [ [ 655299.707200000062585, 3193853.678099999204278 ], [ 655371.434999999590218, 3193634.807399999350309 ], [ 655156.288499999791384, 3193577.5351 ], [ 655025.213999999687076, 3193768.676999999210238 ], [ 655299.707200000062585, 3193853.678099999204278 ] ] ] ] } },
{ "type": "Feature", "properties": { "SECTOR_NO": "24", "CATEGORY": "PUBLIC AND SEMI PUBLIC", "ZONE": "NON-CONFORMING", "GREEN": 0, "ORANGE": 0, "RED": 0, "WHITE": 0, "SEC(IN HAC": 239.2, "IND(IN HAC": 0.0, "AREA(%AGE)": 0.0, "TOTAL IND": 0 }, "geometry": { "type": "MultiPolygon", "coordinates": [ [ [ [ 656581.440299999900162, 3194380.317700000479817 ], [ 656676.120400000363588, 3193972.464600000530481 ], [ 656447.003100000321865, 3193917.996600000187755 ], [ 656357.880599999800324, 3194378.29079999960959 ], [ 656581.440299999900162, 3194380.317700000479817 ] ] ] ] } },
{ "type": "Feature", "properties": { "SECTOR_NO": "36-A", "CATEGORY": "PUBLIC AND SEMI PUBLIC", "ZONE": "NON-CONFORMING", "GREEN": 0, "ORANGE": 0, "RED": 0, "WHITE": 0, "SEC(IN HAC": 240.2, "IND(IN HAC": 0.0, "AREA(%AGE)": 0.0, "TOTAL IND": 0 }, "geometry": { "type": "MultiPolygon", "coordinates": [ [ [ [ 655777.067999999970198, 3200575.911800000816584 ], [ 655856.659199999645352, 3200782.179500000551343 ], [ 656125.08739999961108, 3200632.409399999305606 ], [ 656125.08739999961108, 3200632.409399999305606 ], [ 656032.664099999703467, 3200459.957699999213219 ], [ 657354.078200000338256, 3199512.55460000038147 ], [ 657310.058699999935925, 3199398.400699999183416 ], [ 656105.025000000372529, 3200301.437599999830127 ], [ 655777.067999999970198, 3200575.911800000816584 ] ] ] ] } },
{ "type": "Feature", "properties": { "SECTOR_NO": "36", "CATEGORY": "PUBLIC AND SEMI PUBLIC", "ZONE": "NON-CONFORMING", "GREEN": 0, "ORANGE": 0, "RED": 0, "WHITE": 0, "SEC(IN HAC": 241.2, "IND(IN HAC": 0.0, "AREA(%AGE)": 0.0, "TOTAL IND": 0 }, "geometry": { "type": "MultiPolygon", "coordinates": [ [ [ [ 657358.475499999709427, 3199350.62529999949038 ], [ 657404.274299999698997, 3199462.811499999836087 ], [ 657979.879800000227988, 3199157.896999999880791 ], [ 657883.177600000053644, 3199050.989 ], [ 657358.475499999709427, 3199350.62529999949038 ] ] ] ] } },
{ "type": "Feature", "properties": { "SECTOR_NO": "27-D", "CATEGORY": "PUBLIC AND SEMI PUBLIC", "ZONE": "NON-CONFORMING", "GREEN": 0, "ORANGE": 0, "RED": 0, "WHITE": 0, "SEC(IN HAC": 242.2, "IND(IN HAC": 0.0, "AREA(%AGE)": 0.0, "TOTAL IND": 0 }, "geometry": { "type": "MultiPolygon", "coordinates": [ [ [ [ 665759.75829999987036, 3189921.435200000181794 ], [ 666472.345200000330806, 3189333.582499999552965 ], [ 666277.410600000061095, 3189155.333100000396371 ], [ 665589.472799999639392, 3189574.7215 ], [ 665759.75829999987036, 3189921.435200000181794 ] ] ] ] } },
{ "type": "Feature", "properties": { "SECTOR_NO": "25-A", "CATEGORY": "PUBLIC UTILITIES", "ZONE": "NON-CONFORMING", "GREEN": 0, "ORANGE": 0, "RED": 0, "WHITE": 0, "SEC(IN HAC": 243.2, "IND(IN HAC": 0.0, "AREA(%AGE)": 0.0, "TOTAL IND": 0 }, "geometry": { "type": "MultiPolygon", "coordinates": [ [ [ [ 657670.62569999974221, 3193694.4682 ], [ 657955.752799999900162, 3192614.80350000038743 ], [ 657632.838499999605119, 3192642.285700000822544 ], [ 657249.621199999935925, 3193560.3429000005126 ], [ 657670.62569999974221, 3193694.4682 ] ] ] ] } },
{ "type": "Feature", "properties": { "SECTOR_NO": "34", "CATEGORY": "PUBLIC UTILITIES", "ZONE": "NON-CONFORMING", "GREEN": 0, "ORANGE": 0, "RED": 0, "WHITE": 0, "SEC(IN HAC": 244.2, "IND(IN HAC": 0.0, "AREA(%AGE)": 0.0, "TOTAL IND": 0 }, "geometry": { "type": "MultiPolygon", "coordinates": [ [ [ [ 659689.824099999852479, 3198042.80379999987781 ], [ 659641.665400000289083, 3198071.313400000333786 ], [ 659694.745400000363588, 3198162.403899999335408 ], [ 659919.832999999634922, 3198587.366100000217557 ], [ 659721.564899999648333, 3198790.318399999290705 ], [ 659824.134100000374019, 3198979.004200000315905 ], [ 659710.974399999715388, 3199049.158500000834465 ], [ 659985.302699999883771, 3199510.3476 ], [ 660618.152800000272691, 3199198.888299999758601 ], [ 660737.466799999587238, 3199198.553899999707937 ], [ 661170.000500000081956, 3198791.243300000205636 ], [ 660155.793399999849498, 3197922.886600000783801 ], [ 660082.236600000411272, 3197810.369300000369549 ], [ 660000.842600000090897, 3197853.650499999523163 ], [ 659689.824099999852479, 3198042.80379999987781 ] ] ] ] } },
{ "type": "Feature", "properties": { "SECTOR_NO": "37", "CATEGORY": "PUBLIC UTILITIES", "ZONE": "NON-CONFORMING", "GREEN": 0, "ORANGE": 0, "RED": 0, "WHITE": 0, "SEC(IN HAC": 245.2, "IND(IN HAC": 0.0, "AREA(%AGE)": 0.0, "TOTAL IND": 0 }, "geometry": { "type": "MultiPolygon", "coordinates": [ [ [ [ 654714.671400000341237, 3201931.3322 ], [ 654778.16399999987334, 3202020.6403 ], [ 655108.979799999855459, 3201940.197599999606609 ], [ 655033.301400000229478, 3201767.519799999892712 ], [ 654714.671400000341237, 3201931.3322 ] ] ] ] } },
{ "type": "Feature", "properties": { "SECTOR_NO": "20-B", "CATEGORY": "PUBLIC UTILITIES", "ZONE": "NON-CONFORMING", "GREEN": 0, "ORANGE": 0, "RED": 0, "WHITE": 0, "SEC(IN HAC": 246.2, "IND(IN HAC": 0.0, "AREA(%AGE)": 0.0, "TOTAL IND": 0 }, "geometry": { "type": "MultiPolygon", "coordinates": [ [ [ [ 649557.268799999728799, 3196118.463700000196695 ], [ 649731.663499999791384, 3195861.975999999791384 ], [ 649351.060800000093877, 3195644.6744 ], [ 649173.083399999886751, 3195945.3388 ], [ 649557.268799999728799, 3196118.463700000196695 ] ] ] ] } },
{ "type": "Feature", "properties": { "SECTOR_NO": "40", "CATEGORY": "PUBLIC UTILITIES", "ZONE": "NON-CONFORMING", "GREEN": 0, "ORANGE": 0, "RED": 0, "WHITE": 0, "SEC(IN HAC": 247.2, "IND(IN HAC": 0.0, "AREA(%AGE)": 0.0, "TOTAL IND": 0 }, "geometry": { "type": "MultiPolygon", "coordinates": [ [ [ [ 650528.441700000315905, 3199302.957599999383092 ], [ 650528.441700000315905, 3199302.957599999383092 ], [ 650661.699000000022352, 3199655.54590000025928 ], [ 650756.405199999921024, 3199823.649399999529123 ], [ 650941.394899999722838, 3199519.255599999800324 ], [ 651094.533300000242889, 3199257.1678 ], [ 650848.763500000350177, 3198969.871600000187755 ], [ 650528.441700000315905, 3199302.957599999383092 ] ] ] ] } },
{ "type": "Feature", "properties": { "SECTOR_NO": "22-C", "CATEGORY": "PUBLIC UTILITIES", "ZONE": "NON-CONFORMING", "GREEN": 0, "ORANGE": 0, "RED": 0, "WHITE": 0, "SEC(IN HAC": 248.2, "IND(IN HAC": 0.0, "AREA(%AGE)": 0.0, "TOTAL IND": 0 }, "geometry": { "type": "MultiPolygon", "coordinates": [ [ [ [ 653178.468000000342727, 3192043.331800000742078 ], [ 653194.422799999825656, 3192180.894099999219179 ], [ 653193.130499999970198, 3192385.507099999114871 ], [ 653167.612200000323355, 3192560.951500000432134 ], [ 654312.482099999673665, 3193921.382200000807643 ], [ 655493.862499999813735, 3193061.701199999079108 ], [ 655069.762900000438094, 3192953.010600000619888 ], [ 654789.686900000087917, 3192871.942800000309944 ], [ 654493.720900000073016, 3192773.861400000751019 ], [ 654298.66399999987334, 3192678.99970000050962 ], [ 654134.394100000150502, 3192519.184499999508262 ], [ 653778.155199999921024, 3191791.106699999421835 ], [ 653178.468000000342727, 3192043.331800000742078 ] ] ] ] } },
{ "type": "Feature", "properties": { "SECTOR_NO": "25", "CATEGORY": "PUBLIC UTILITIES", "ZONE": "NON-CONFORMING", "GREEN": 0, "ORANGE": 0, "RED": 0, "WHITE": 0, "SEC(IN HAC": 249.2, "IND(IN HAC": 0.0, "AREA(%AGE)": 0.0, "TOTAL IND": 0 }, "geometry": { "type": "MultiPolygon", "coordinates": [ [ [ [ 657044.471599999815226, 3193993.179700000211596 ], [ 657632.059799999929965, 3194172.953099999576807 ], [ 658006.298299999907613, 3193864.2895 ], [ 657872.877100000157952, 3193810.1744 ], [ 657637.28899999987334, 3193789.033800000324845 ], [ 657153.403300000354648, 3193617.103900000452995 ], [ 657044.471599999815226, 3193993.179700000211596 ] ] ] ] } },
{ "type": "Feature", "properties": { "SECTOR_NO": "26", "CATEGORY": "PUBLIC UTILITIES", "ZONE": "NON-CONFORMING", "GREEN": 0, "ORANGE": 0, "RED": 0, "WHITE": 0, "SEC(IN HAC": 250.2, "IND(IN HAC": 0.0, "AREA(%AGE)": 0.0, "TOTAL IND": 0 }, "geometry": { "type": "MultiPolygon", "coordinates": [ [ [ [ 660795.075100000016391, 3192963.998500000685453 ], [ 660633.621799999848008, 3193448.849600000306964 ], [ 660955.690200000070035, 3193265.648299999535084 ], [ 660795.075100000016391, 3192963.998500000685453 ] ] ] ] } },
{ "type": "Feature", "properties": { "SECTOR_NO": "2", "CATEGORY": "PUBLIC UTILITIES", "ZONE": "NON-CONFORMING", "GREEN": 0, "ORANGE": 0, "RED": 0, "WHITE": 0, "SEC(IN HAC": 251.2, "IND(IN HAC": 0.0, "AREA(%AGE)": 0.0, "TOTAL IND": 0 }, "geometry": { "type": "MultiPolygon", "coordinates": [ [ [ [ 659534.379200000315905, 3196460.408500000834465 ], [ 659312.105499999597669, 3196622.197799999266863 ], [ 659452.473799999803305, 3196805.422499999403954 ], [ 659452.473799999803305, 3196805.422499999403954 ], [ 659475.758399999700487, 3196833.323200000450015 ], [ 659538.169999999925494, 3196757.4847 ], [ 659671.399400000460446, 3196917.703600000590086 ], [ 659737.69400000013411, 3197005.030999999493361 ], [ 659787.827899999916553, 3196993.023600000888109 ], [ 659866.221199999563396, 3197156.222699999809265 ], [ 659933.369400000199676, 3197435.0636 ], [ 659999.794599999673665, 3197385.928899999707937 ], [ 659928.077899999916553, 3197136.409299999475479 ], [ 659851.062400000169873, 3196873.618699999526143 ], [ 659720.590499999932945, 3196609.094399999827147 ], [ 659580.16440000012517, 3196446.036499999463558 ], [ 659534.379200000315905, 3196460.408500000834465 ] ] ] ] } },
{ "type": "Feature", "properties": { "SECTOR_NO": "27-C", "CATEGORY": "PUBLIC UTILITIES", "ZONE": "NON-CONFORMING", "GREEN": 0, "ORANGE": 0, "RED": 0, "WHITE": 0, "SEC(IN HAC": 252.2, "IND(IN HAC": 0.0, "AREA(%AGE)": 0.0, "TOTAL IND": 0 }, "geometry": { "type": "MultiPolygon", "coordinates": [ [ [ [ 663466.098899999633431, 3191640.091 ], [ 664008.261599999852479, 3191258.523299999535084 ], [ 663994.202200000174344, 3190950.525299999862909 ], [ 663846.792200000025332, 3190954.416500000283122 ], [ 663849.918600000441074, 3190733.323899999260902 ], [ 663792.081799999810755, 3190729.517899999395013 ], [ 663767.101300000213087, 3190610.874399999156594 ], [ 663271.223899999633431, 3190905.202099999412894 ], [ 663466.098899999633431, 3191640.091 ] ] ] ] } },
{ "type": "Feature", "properties": { "SECTOR_NO": "15", "CATEGORY": "PUBLIC UTILITIES", "ZONE": "NON-CONFORMING", "GREEN": 0, "ORANGE": 0, "RED": 0, "WHITE": 0, "SEC(IN HAC": 253.2, "IND(IN HAC": 0.0, "AREA(%AGE)": 0.0, "TOTAL IND": 0 }, "geometry": { "type": "MultiPolygon", "coordinates": [ [ [ [ 658420.821399999782443, 3194537.771299999207258 ], [ 658498.457499999552965, 3194502.975299999117851 ], [ 658099.19579999987036, 3193948.1711 ], [ 657800.9682, 3194212.546 ], [ 658236.470499999821186, 3194425.679099999368191 ], [ 658420.821399999782443, 3194537.771299999207258 ] ] ] ] } },
{ "type": "Feature", "properties": { "SECTOR_NO": "22-D", "CATEGORY": "RESIDENTIAL", "ZONE": "NON-CONFORMING", "GREEN": 0, "ORANGE": 0, "RED": 0, "WHITE": 0, "SEC(IN HAC": 254.2, "IND(IN HAC": 0.0, "AREA(%AGE)": 0.0, "TOTAL IND": 0 }, "geometry": { "type": "MultiPolygon", "coordinates": [ [ [ [ 654024.917899999767542, 3191887.226700000464916 ], [ 654197.672399999573827, 3192253.579500000923872 ], [ 654463.637000000104308, 3192563.912499999627471 ], [ 654899.896999999880791, 3192729.111300000920892 ], [ 655274.514499999582767, 3192781.940300000831485 ], [ 655365.346400000154972, 3192370.81279999949038 ], [ 655444.194799999706447, 3192216.2094 ], [ 655507.887299999594688, 3191979.8651 ], [ 655621.580000000074506, 3191603.882099999114871 ], [ 655667.581500000320375, 3191480.239 ], [ 654024.917899999767542, 3191887.226700000464916 ] ] ] ] } },
{ "type": "Feature", "properties": { "SECTOR_NO": "25-D", "CATEGORY": "RESIDENTIAL", "ZONE": "NON-CONFORMING", "GREEN": 0, "ORANGE": 0, "RED": 0, "WHITE": 0, "SEC(IN HAC": 255.2, "IND(IN HAC": 0.0, "AREA(%AGE)": 0.0, "TOTAL IND": 0 }, "geometry": { "type": "MultiPolygon", "coordinates": [ [ [ [ 658300.956199999898672, 3191360.171599999070168 ], [ 658419.428399999625981, 3192536.996600000187755 ], [ 658903.635800000280142, 3192456.350999999791384 ], [ 659778.631400000303984, 3192445.9847 ], [ 659777.20409999974072, 3191357.600400000810623 ], [ 658300.956199999898672, 3191360.171599999070168 ] ] ] ] } },
{ "type": "Feature", "properties": { "SECTOR_NO": "26-A", "CATEGORY": "RESIDENTIAL", "ZONE": "NON-CONFORMING", "GREEN": 0, "ORANGE": 0, "RED": 0, "WHITE": 0, "SEC(IN HAC": 256.2, "IND(IN HAC": 0.0, "AREA(%AGE)": 0.0, "TOTAL IND": 0 }, "geometry": { "type": "MultiPolygon", "coordinates": [ [ [ [ 661006.896399999968708, 3193234.1744 ], [ 661672.808500000275671, 3192829.561699999496341 ], [ 661261.545099999755621, 3192069.649000000208616 ], [ 660603.388500000350177, 3192452.729299999773502 ], [ 661006.896399999968708, 3193234.1744 ] ] ] ] } },
{ "type": "Feature", "properties": { "SECTOR_NO": "27-C", "CATEGORY": "RESIDENTIAL", "ZONE": "NON-CONFORMING", "GREEN": 0, "ORANGE": 0, "RED": 0, "WHITE": 0, "SEC(IN HAC": 257.2, "IND(IN HAC": 0.0, "AREA(%AGE)": 0.0, "TOTAL IND": 0 }, "geometry": { "type": "MultiPolygon", "coordinates": [ [ [ [ 663466.098899999633431, 3191640.091 ], [ 663271.223899999633431, 3190905.202099999412894 ], [ 662261.16509999986738, 3191487.353399999439716 ], [ 662901.578499999828637, 3191775.687100000679493 ], [ 662966.149400000460446, 3191642.011600000783801 ], [ 663201.518400000408292, 3191743.940099999308586 ], [ 663264.653400000184774, 3191744.829900000244379 ], [ 663309.626799999736249, 3191727.533900000154972 ], [ 663346.792700000107288, 3191704.1513 ], [ 663466.098899999633431, 3191640.091 ] ] ] ] } },
{ "type": "Feature", "properties": { "SECTOR_NO": "27-D", "CATEGORY": "RESIDENTIAL", "ZONE": "NON-CONFORMING", "GREEN": 0, "ORANGE": 0, "RED": 0, "WHITE": 0, "SEC(IN HAC": 258.2, "IND(IN HAC": 0.0, "AREA(%AGE)": 0.0, "TOTAL IND": 0 }, "geometry": { "type": "MultiPolygon", "coordinates": [ [ [ [ 664831.888199999928474, 3190845.293199999257922 ], [ 664890.500300000421703, 3190805.1074 ], [ 665327.672600000165403, 3190359.532999999821186 ], [ 665486.275999999605119, 3190138.479699999094009 ], [ 665735.843700000084937, 3189937.597799999639392 ], [ 665548.651200000196695, 3189593.502699999138713 ], [ 664499.119900000281632, 3190188.816099999472499 ], [ 664528.180100000463426, 3190283.149800000712276 ], [ 664831.888199999928474, 3190845.293199999257922 ] ] ] ] } },
{ "type": "Feature", "properties": { "SECTOR_NO": "26", "CATEGORY": "RESIDENTIAL", "ZONE": "NON-CONFORMING", "GREEN": 0, "ORANGE": 0, "RED": 0, "WHITE": 0, "SEC(IN HAC": 259.2, "IND(IN HAC": 0.0, "AREA(%AGE)": 0.0, "TOTAL IND": 0 }, "geometry": { "type": "MultiPolygon", "coordinates": [ [ [ [ 659428.561900000087917, 3193845.070599999278784 ], [ 659428.561900000087917, 3193845.070599999278784 ], [ 659681.940100000239909, 3193911.317600000649691 ], [ 660597.047600000165403, 3193430.412399999797344 ], [ 660764.775299999862909, 3192935.687000000849366 ], [ 660538.280799999833107, 3192489.9978 ], [ 659907.854700000025332, 3192855.089500000700355 ], [ 659113.978699999861419, 3193319.287699999287724 ], [ 659428.561900000087917, 3193845.070599999278784 ] ] ] ] } },
{ "type": "Feature", "properties": { "SECTOR_NO": "26", "CATEGORY": "RESIDENTIAL", "ZONE": "NON-CONFORMING", "GREEN": 0, "ORANGE": 0, "RED": 0, "WHITE": 0, "SEC(IN HAC": 260.2, "IND(IN HAC": 0.0, "AREA(%AGE)": 0.0, "TOTAL IND": 0 }, "geometry": { "type": "MultiPolygon", "coordinates": [ [ [ [ 658618.803700000047684, 3194418.773800000548363 ], [ 659139.09389999974519, 3194171.291400000452995 ], [ 659059.342400000430644, 3194040.703099999576807 ], [ 658880.874200000427663, 3193755.3618 ], [ 658784.727699999697506, 3193804.718499999493361 ], [ 658336.465599999763072, 3194034.401399999856949 ], [ 658618.803700000047684, 3194418.773800000548363 ] ] ] ] } },
{ "type": "Feature", "properties": { "SECTOR_NO": "28", "CATEGORY": "RESIDENTIAL", "ZONE": "NON-CONFORMING", "GREEN": 1, "ORANGE": 0, "RED": 0, "WHITE": 0, "SEC(IN HAC": 261.2, "IND(IN HAC": 0.34, "AREA(%AGE)": 0.13, "TOTAL IND": 1 }, "geometry": { "type": "MultiPolygon", "coordinates": [ [ [ [ 658607.533099999651313, 3194478.465600000694394 ], [ 659046.80559999961406, 3195618.341700000688434 ], [ 659683.098600000143051, 3195407.77930000051856 ], [ 660123.272410374134779, 3195230.73227902688086 ], [ 659769.117899999953806, 3194293.527200000360608 ], [ 659769.117899999953806, 3194293.527200000360608 ], [ 659190.789499999955297, 3194520.6349 ], [ 659103.451999999582767, 3194240.527799999341369 ], [ 658607.533099999651313, 3194478.465600000694394 ] ] ] ] } },
{ "type": "Feature", "properties": { "SECTOR_NO": "28", "CATEGORY": "RESIDENTIAL", "ZONE": "NON-CONFORMING", "GREEN": 1, "ORANGE": 0, "RED": 0, "WHITE": 0, "SEC(IN HAC": 262.2, "IND(IN HAC": 0.34, "AREA(%AGE)": 0.13, "TOTAL IND": 1 }, "geometry": { "type": "MultiPolygon", "coordinates": [ [ [ [ 659806.97719999961555, 3194104.010700000450015 ], [ 659722.721099999733269, 3193935.646500000730157 ], [ 659643.91469999961555, 3193962.340900000184774 ], [ 659677.979399999603629, 3194035.525800000876188 ], [ 659660.115899999625981, 3194059.185499999672174 ], [ 659681.975300000049174, 3194127.221699999645352 ], [ 659806.97719999961555, 3194104.010700000450015 ], [ 659806.97719999961555, 3194104.010700000450015 ] ] ] ] } },
{ "type": "Feature", "properties": { "SECTOR_NO": "27-A", "CATEGORY": "RESIDENTIAL", "ZONE": "NON-CONFORMING", "GREEN": 0, "ORANGE": 0, "RED": 0, "WHITE": 0, "SEC(IN HAC": 263.2, "IND(IN HAC": 0.0, "AREA(%AGE)": 0.0, "TOTAL IND": 0 }, "geometry": { "type": "MultiPolygon", "coordinates": [ [ [ [ 661030.351700000464916, 3193278.001199999824166 ], [ 661320.038200000301003, 3193951.902300000190735 ], [ 661335.039099999703467, 3194031.959499999880791 ], [ 661309.431800000369549, 3194175.156300000846386 ], [ 661160.516400000080466, 3194661.093900000676513 ], [ 662098.239500000141561, 3194071.782999999821186 ], [ 661927.458300000056624, 3193657.926000000908971 ], [ 661926.231900000013411, 3193372.2665 ], [ 661972.546099999919534, 3193245.523900000378489 ], [ 661689.422100000083447, 3192872.122700000181794 ], [ 661030.351700000464916, 3193278.001199999824166 ] ] ] ] } },
{ "type": "Feature", "properties": { "SECTOR_NO": "25", "CATEGORY": "RESIDENTIAL", "ZONE": "NON-CONFORMING", "GREEN": 0, "ORANGE": 0, "RED": 0, "WHITE": 0, "SEC(IN HAC": 264.2, "IND(IN HAC": 0.0, "AREA(%AGE)": 0.0, "TOTAL IND": 0 }, "geometry": { "type": "MultiPolygon", "coordinates": [ [ [ [ 656600.923899999819696, 3193912.424100000411272 ], [ 656684.051400000229478, 3193471.78800000064075 ], [ 656100.076799999922514, 3193274.643699999898672 ], [ 656006.682799999602139, 3193762.955800000578165 ], [ 656600.923899999819696, 3193912.424100000411272 ] ] ] ] } },
{ "type": "Feature", "properties": { "SECTOR_NO": "22-B", "CATEGORY": "RESIDENTIAL", "ZONE": "NON-CONFORMING", "GREEN": 0, "ORANGE": 0, "RED": 0, "WHITE": 0, "SEC(IN HAC": 265.2, "IND(IN HAC": 0.0, "AREA(%AGE)": 0.0, "TOTAL IND": 0 }, "geometry": { "type": "MultiPolygon", "coordinates": [ [ [ [ 653987.177000000141561, 3194422.895899999886751 ], [ 655077.818099999800324, 3194536.5219 ], [ 655299.707200000062585, 3193853.678099999204278 ], [ 655025.213999999687076, 3193768.676999999210238 ], [ 655156.288499999791384, 3193577.5351 ], [ 654954.376299999654293, 3193522.439899999648333 ], [ 653892.454699999652803, 3194300.324899999424815 ], [ 653987.177000000141561, 3194422.895899999886751 ] ] ] ] } },
{ "type": "Feature", "properties": { "SECTOR_NO": "21-D", "CATEGORY": "RESIDENTIAL", "ZONE": "NON-CONFORMING", "GREEN": 0, "ORANGE": 0, "RED": 0, "WHITE": 0, "SEC(IN HAC": 266.2, "IND(IN HAC": 0.0, "AREA(%AGE)": 0.0, "TOTAL IND": 0 }, "geometry": { "type": "MultiPolygon", "coordinates": [ [ [ [ 652241.40500000026077, 3193766.355200000107288 ], [ 651787.736299999989569, 3192797.518100000917912 ], [ 651098.330799999646842, 3193108.175699999555945 ], [ 651486.946100000292063, 3194205.800799999386072 ], [ 652241.40500000026077, 3193766.355200000107288 ] ] ] ] } },
{ "type": "Feature", "properties": { "SECTOR_NO": "21-E", "CATEGORY": "RESIDENTIAL", "ZONE": "NON-CONFORMING", "GREEN": 0, "ORANGE": 0, "RED": 0, "WHITE": 0, "SEC(IN HAC": 267.2, "IND(IN HAC": 0.0, "AREA(%AGE)": 0.0, "TOTAL IND": 0 }, "geometry": { "type": "MultiPolygon", "coordinates": [ [ [ [ 651062.9364, 3193132.120999999344349 ], [ 650491.713899999856949, 3193420.29759999923408 ], [ 650555.882100000046194, 3193463.993200000375509 ], [ 650607.423000000417233, 3193525.221300000324845 ], [ 650643.452200000174344, 3193613.886299999430776 ], [ 650663.444899999536574, 3193783.07039999961853 ], [ 650682.747600000351667, 3194005.191800000146031 ], [ 650669.373999999836087, 3194274.705199999734759 ], [ 650557.357599999755621, 3194544.788699999451637 ], [ 650516.862800000235438, 3194700.5793999992311 ], [ 651448.504099999554455, 3194226.207299999892712 ], [ 651267.29700000025332, 3193742.832699999213219 ], [ 651159.974000000394881, 3193463.251900000497699 ], [ 651062.9364, 3193132.120999999344349 ] ] ] ] } },
{ "type": "Feature", "properties": { "SECTOR_NO": "21-E", "CATEGORY": "RESIDENTIAL", "ZONE": "NON-CONFORMING", "GREEN": 0, "ORANGE": 0, "RED": 0, "WHITE": 0, "SEC(IN HAC": 268.2, "IND(IN HAC": 0.0, "AREA(%AGE)": 0.0, "TOTAL IND": 0 }, "geometry": { "type": "MultiPolygon", "coordinates": [ [ [ [ 650273.182199999690056, 3193505.1305 ], [ 649331.472599999979138, 3194042.61879999935627 ], [ 649116.013500000350177, 3194156.867900000885129 ], [ 649313.358300000429153, 3194334.299499999731779 ], [ 649310.577600000426173, 3194545.239 ], [ 649357.128800000064075, 3194549.364800000563264 ], [ 649393.251799999736249, 3194568.161299999803305 ], [ 649445.669999999925494, 3194610.081000000238419 ], [ 649466.438400000333786, 3194669.569499999284744 ], [ 649473.61699999962002, 3194715.134700000286102 ], [ 649482.64740000013262, 3194808.663100000470877 ], [ 649441.294800000265241, 3194894.137599999085069 ], [ 649387.230999999679625, 3194995.526200000196695 ], [ 650023.174999999813735, 3195433.333200000226498 ], [ 650423.292600000277162, 3194748.85329999960959 ], [ 650406.177899999544024, 3194629.2804000005126 ], [ 650556.308100000023842, 3194234.5559 ], [ 650549.591000000014901, 3193983.183800000697374 ], [ 650539.074599999934435, 3193767.900399999693036 ], [ 650522.611399999819696, 3193668.517100000753999 ], [ 650431.696800000034273, 3193604.652699999511242 ], [ 650292.592199999839067, 3193526.58049999922514 ], [ 650273.182199999690056, 3193505.1305 ] ] ] ] } },
{ "type": "Feature", "properties": { "SECTOR_NO": "20-B", "CATEGORY": "RESIDENTIAL", "ZONE": "NON-CONFORMING", "GREEN": 0, "ORANGE": 0, "RED": 0, "WHITE": 0, "SEC(IN HAC": 269.2, "IND(IN HAC": 0.0, "AREA(%AGE)": 0.0, "TOTAL IND": 0 }, "geometry": { "type": "MultiPolygon", "coordinates": [ [ [ [ 647358.055900000035763, 3195168.940099999308586 ], [ 649173.083399999886751, 3195945.3388 ], [ 649351.060800000093877, 3195644.6744 ], [ 649731.663499999791384, 3195861.975999999791384 ], [ 649979.770999999716878, 3195498.14130000025034 ], [ 649803.965300000272691, 3195375.2675 ], [ 649760.549499999731779, 3195401.142699999734759 ], [ 649709.743800000287592, 3195429.709100000560284 ], [ 649645.830799999646842, 3195449.83669999986887 ], [ 649517.578900000080466, 3195490.43129999935627 ], [ 649466.171000000089407, 3195504.650299999862909 ], [ 649380.057199999690056, 3195512.927400000393391 ], [ 649289.577200000174344, 3195521.015599999576807 ], [ 649177.336099999956787, 3195530.488600000739098 ], [ 648989.293700000271201, 3195501.44370000064373 ], [ 648861.097099999897182, 3195475.471100000664592 ], [ 648772.326500000432134, 3195447.914799999445677 ], [ 648670.721599999815226, 3195409.559599999338388 ], [ 648537.657800000160933, 3195347.316999999806285 ], [ 648466.117300000041723, 3195308.839999999850988 ], [ 648339.703499999828637, 3195233.419099999591708 ], [ 648154.589800000190735, 3195082.1689 ], [ 648050.144799999892712, 3194960.505100000649691 ], [ 648050.144799999892712, 3194960.505100000649691 ], [ 648005.631400000303984, 3194897.3268 ], [ 647937.61670000012964, 3194778.01799999922514 ], [ 648003.61699999962002, 3194739.394400000572205 ], [ 647880.209999999962747, 3194683.965099999681115 ], [ 647358.055900000035763, 3195168.940099999308586 ] ] ] ] } },
{ "type": "Feature", "properties": { "SECTOR_NO": "21-B", "CATEGORY": "RESIDENTIAL", "ZONE": "NON-CONFORMING", "GREEN": 0, "ORANGE": 0, "RED": 0, "WHITE": 0, "SEC(IN HAC": 270.2, "IND(IN HAC": 0.0, "AREA(%AGE)": 0.0, "TOTAL IND": 0 }, "geometry": { "type": "MultiPolygon", "coordinates": [ [ [ [ 652113.205500000156462, 3195999.979399999603629 ], [ 652256.402800000272691, 3195854.369000000879169 ], [ 652257.309899999760091, 3195785.466099999845028 ], [ 651644.557799999602139, 3194621.834100000560284 ], [ 651247.468799999915063, 3194891.874399999156594 ], [ 652113.205500000156462, 3195999.979399999603629 ] ] ] ] } },
{ "type": "Feature", "properties": { "SECTOR_NO": "21-C", "CATEGORY": "RESIDENTIAL", "ZONE": "NON-CONFORMING", "GREEN": 0, "ORANGE": 0, "RED": 0, "WHITE": 0, "SEC(IN HAC": 271.2, "IND(IN HAC": 0.0, "AREA(%AGE)": 0.0, "TOTAL IND": 0 }, "geometry": { "type": "MultiPolygon", "coordinates": [ [ [ [ 651506.098600000143051, 3194249.753399999812245 ], [ 652188.873100000433624, 3195552.365800000727177 ], [ 652788.979399999603629, 3194748.745400000363588 ], [ 652256.478199999779463, 3193801.571100000292063 ], [ 651506.098600000143051, 3194249.753399999812245 ] ] ] ] } },
{ "type": "Feature", "properties": { "SECTOR_NO": "2", "CATEGORY": "RESIDENTIAL", "ZONE": "NON-CONFORMING", "GREEN": 0, "ORANGE": 0, "RED": 0, "WHITE": 0, "SEC(IN HAC": 272.2, "IND(IN HAC": 0.0, "AREA(%AGE)": 0.0, "TOTAL IND": 0 }, "geometry": { "type": "MultiPolygon", "coordinates": [ [ [ [ 659336.394299999810755, 3197674.349199999123812 ], [ 659808.081899999640882, 3197711.7807 ], [ 659918.411000000312924, 3197724.224099999293685 ], [ 660080.477900000289083, 3197731.448200000450015 ], [ 659999.794599999673665, 3197385.928899999707937 ], [ 659933.369400000199676, 3197435.0636 ], [ 659866.221199999563396, 3197156.222699999809265 ], [ 659787.827899999916553, 3196993.023600000888109 ], [ 659737.69400000013411, 3197005.030999999493361 ], [ 659671.399400000460446, 3196917.703600000590086 ], [ 659538.169999999925494, 3196757.4847 ], [ 659475.758399999700487, 3196833.323200000450015 ], [ 658989.238199999555945, 3197214.601399999111891 ], [ 659336.394299999810755, 3197674.349199999123812 ] ] ] ] } },
{ "type": "Feature", "properties": { "SECTOR_NO": "33-A", "CATEGORY": "RESIDENTIAL", "ZONE": "NON-CONFORMING", "GREEN": 0, "ORANGE": 0, "RED": 0, "WHITE": 0, "SEC(IN HAC": 273.2, "IND(IN HAC": 0.0, "AREA(%AGE)": 0.0, "TOTAL IND": 0 }, "geometry": { "type": "MultiPolygon", "coordinates": [ [ [ [ 661699.226099999621511, 3196444.659299999475479 ], [ 661831.5329, 3196637.7632 ], [ 661906.524100000038743, 3196791.716099999845028 ], [ 661958.38289999961853, 3196969.750099999830127 ], [ 661986.971900000236928, 3197306.836200000718236 ], [ 661995.474499999545515, 3197700.917600000277162 ], [ 662864.324199999682605, 3196632.840900000184774 ], [ 662664.2977, 3196518.460400000214577 ], [ 662387.27280000038445, 3196018.502699999138713 ], [ 661699.226099999621511, 3196444.659299999475479 ] ] ] ] } },
{ "type": "Feature", "properties": { "SECTOR_NO": "33", "CATEGORY": "RESIDENTIAL", "ZONE": "NON-CONFORMING", "GREEN": 0, "ORANGE": 0, "RED": 0, "WHITE": 0, "SEC(IN HAC": 274.2, "IND(IN HAC": 0.0, "AREA(%AGE)": 0.0, "TOTAL IND": 0 }, "geometry": { "type": "MultiPolygon", "coordinates": [ [ [ [ 661653.553299999795854, 3196466.433000000193715 ], [ 661150.627299999818206, 3196791.614299999549985 ], [ 660217.341500000096858, 3197636.037900000810623 ], [ 660279.248300000093877, 3197786.311799999326468 ], [ 660495.541100000031292, 3197802.262800000607967 ], [ 660494.528300000354648, 3197496.44480000063777 ], [ 660553.55350000038743, 3197475.350199999287724 ], [ 660676.4216, 3197386.163100000470877 ], [ 660883.993400000035763, 3197240.026900000870228 ], [ 660948.542200000025332, 3197198.739099999889731 ], [ 661091.712600000202656, 3197119.010199999436736 ], [ 661167.53249999973923, 3197088.191600000485778 ], [ 661295.635099999606609, 3197080.017200000584126 ], [ 661417.505699999630451, 3197141.4847999997437 ], [ 661476.131099999882281, 3197212.031099999323487 ], [ 661540.235399999655783, 3197517.73619999922812 ], [ 661590.986899999901652, 3197900.45380000025034 ], [ 661877.74959999974817, 3197954.272600000724196 ], [ 661945.7796, 3197853.622300000861287 ], [ 661938.963399999774992, 3197182.6458 ], [ 661898.257799999788404, 3196959.444900000467896 ], [ 661844.031600000336766, 3196825.206900000572205 ], [ 661789.971199999563396, 3196679.018200000748038 ], [ 661653.553299999795854, 3196466.433000000193715 ] ] ] ] } },
{ "type": "Feature", "properties": { "SECTOR_NO": "33", "CATEGORY": "RESIDENTIAL", "ZONE": "NON-CONFORMING", "GREEN": 0, "ORANGE": 0, "RED": 0, "WHITE": 0, "SEC(IN HAC": 275.2, "IND(IN HAC": 0.0, "AREA(%AGE)": 0.0, "TOTAL IND": 0 }, "geometry": { "type": "MultiPolygon", "coordinates": [ [ [ [ 661842.35190000012517, 3197978.181600000709295 ], [ 661567.462899999693036, 3197921.541200000792742 ], [ 660983.265300000086427, 3198186.321900000795722 ], [ 660782.921799999661744, 3198237.322300000116229 ], [ 661269.828499999828637, 3198646.535700000822544 ], [ 661842.35190000012517, 3197978.181600000709295 ] ] ] ] } },
{ "type": "Feature", "properties": { "SECTOR_NO": "34", "CATEGORY": "RESIDENTIAL", "ZONE": "NON-CONFORMING", "GREEN": 0, "ORANGE": 0, "RED": 0, "WHITE": 0, "SEC(IN HAC": 276.2, "IND(IN HAC": 0.0, "AREA(%AGE)": 0.0, "TOTAL IND": 0 }, "geometry": { "type": "MultiPolygon", "coordinates": [ [ [ [ 659694.745400000363588, 3198162.403899999335408 ], [ 658952.205099999904633, 3198648.222300000488758 ], [ 659583.194099999964237, 3199720.428999999538064 ], [ 659985.302699999883771, 3199510.3476 ], [ 659710.974399999715388, 3199049.158500000834465 ], [ 659824.134100000374019, 3198979.004200000315905 ], [ 659721.564899999648333, 3198790.318399999290705 ], [ 659919.832999999634922, 3198587.366100000217557 ], [ 659694.745400000363588, 3198162.403899999335408 ] ] ] ] } },
{ "type": "Feature", "properties": { "SECTOR_NO": "36", "CATEGORY": "RESIDENTIAL", "ZONE": "NON-CONFORMING", "GREEN": 0, "ORANGE": 0, "RED": 0, "WHITE": 0, "SEC(IN HAC": 277.2, "IND(IN HAC": 0.0, "AREA(%AGE)": 0.0, "TOTAL IND": 0 }, "geometry": { "type": "MultiPolygon", "coordinates": [ [ [ [ 657979.879800000227988, 3199157.896999999880791 ], [ 657404.274299999698997, 3199462.811499999836087 ], [ 657907.789900000207126, 3200840.310599999502301 ], [ 658151.904199999757111, 3200676.308299999684095 ], [ 658273.249200000427663, 3200518.595599999651313 ], [ 658651.544200000353158, 3200284.724199999123812 ], [ 657979.879800000227988, 3199157.896999999880791 ] ] ] ] } },
{ "type": "Feature", "properties": { "SECTOR_NO": "36-A", "CATEGORY": "RESIDENTIAL", "ZONE": "NON-CONFORMING", "GREEN": 0, "ORANGE": 0, "RED": 0, "WHITE": 0, "SEC(IN HAC": 278.2, "IND(IN HAC": 0.0, "AREA(%AGE)": 0.0, "TOTAL IND": 0 }, "geometry": { "type": "MultiPolygon", "coordinates": [ [ [ [ 657354.078200000338256, 3199512.55460000038147 ], [ 656032.664099999703467, 3200459.957699999213219 ], [ 656032.664099999703467, 3200459.957699999213219 ], [ 656125.08739999961108, 3200632.409399999305606 ], [ 655856.659199999645352, 3200782.179500000551343 ], [ 655997.554999999701977, 3201031.485500000417233 ], [ 656090.253499999642372, 3201239.924699999392033 ], [ 656171.053399999625981, 3201356.0658 ], [ 656323.800099999643862, 3201529.958799999207258 ], [ 656441.05599999986589, 3201735.994999999180436 ], [ 656474.02170000039041, 3201566.60869999974966 ], [ 656527.450500000268221, 3201445.996799999848008 ], [ 656606.665900000371039, 3201332.583699999377131 ], [ 656749.142099999822676, 3201229.928300000727177 ], [ 657864.85259999986738, 3200864.127699999138713 ], [ 657733.07799999974668, 3200534.419399999082088 ], [ 657648.672899999655783, 3200285.589999999850988 ], [ 657354.078200000338256, 3199512.55460000038147 ] ] ] ] } },
{ "type": "Feature", "properties": { "SECTOR_NO": "37", "CATEGORY": "RESIDENTIAL", "ZONE": "NON-CONFORMING", "GREEN": 1, "ORANGE": 0, "RED": 0, "WHITE": 0, "SEC(IN HAC": 279.2, "IND(IN HAC": 0.74, "AREA(%AGE)": 0.27, "TOTAL IND": 1 }, "geometry": { "type": "MultiPolygon", "coordinates": [ [ [ [ 655811.699500000104308, 3200763.163499999791384 ], [ 654605.362099999561906, 3201757.576199999079108 ], [ 654714.671400000341237, 3201931.3322 ], [ 655033.301400000229478, 3201767.519799999892712 ], [ 655108.979799999855459, 3201940.197599999606609 ], [ 655787.936499999836087, 3201811.510700000450015 ], [ 655747.947700000368059, 3201706.7555 ], [ 655702.702100000344217, 3201553.183499999344349 ], [ 655775.680800000205636, 3201432.30350000038743 ], [ 655878.322499999776483, 3201359.729900000616908 ], [ 655878.322499999776483, 3201359.729900000616908 ], [ 655989.524500000290573, 3201337.699799999594688 ], [ 655989.524500000290573, 3201337.699799999594688 ], [ 656167.644700000062585, 3201397.25899999961257 ], [ 656167.644700000062585, 3201397.25899999961257 ], [ 656102.89780000038445, 3201341.696599999442697 ], [ 656045.503600000403821, 3201244.300000000745058 ], [ 655926.585400000214577, 3200965.780999999493361 ], [ 655811.699500000104308, 3200763.163499999791384 ], [ 655811.699500000104308, 3200763.163499999791384 ] ] ] ] } },
{ "type": "Feature", "properties": { "SECTOR_NO": "18", "CATEGORY": "TRANSPORT AND COMMUNICATION", "ZONE": "NON-CONFORMING", "GREEN": 4, "ORANGE": 0, "RED": 0, "WHITE": 0, "SEC(IN HAC": 280.2, "IND(IN HAC": 0.08, "AREA(%AGE)": 0.03, "TOTAL IND": 4 }, "geometry": { "type": "MultiPolygon", "coordinates": [ [ [ [ 653343.713399999774992, 3197182.539000000804663 ], [ 653341.637099999934435, 3197171.796 ], [ 653207.912299999967217, 3197160.778100000694394 ], [ 652578.776399999856949, 3196495.241699999198318 ], [ 652359.567499999888241, 3196740.277100000530481 ], [ 652706.121299999766052, 3196919.868699999526143 ], [ 652966.276300000026822, 3197158.2083 ], [ 653069.786399999633431, 3197328.505200000479817 ], [ 653125.463100000284612, 3197298.987199999392033 ], [ 653343.713399999774992, 3197182.539000000804663 ] ] ] ] } },
{ "type": "Feature", "properties": { "SECTOR_NO": "6", "CATEGORY": "TRANSPORT AND COMMUNICATION", "ZONE": "NON-CONFORMING", "GREEN": 3, "ORANGE": 0, "RED": 0, "WHITE": 0, "SEC(IN HAC": 281.2, "IND(IN HAC": 0.04, "AREA(%AGE)": 0.01, "TOTAL IND": 3 }, "geometry": { "type": "MultiPolygon", "coordinates": [ [ [ [ 656356.375099999830127, 3198492.83420000039041 ], [ 656345.169599999673665, 3198219.755599999800324 ], [ 656216.895399999804795, 3198112.435799999162555 ], [ 656014.119599999859929, 3198264.33809999935329 ], [ 656006.715699999593198, 3198488.107699999585748 ], [ 656356.375099999830127, 3198492.83420000039041 ] ] ] ] } },
{ "type": "Feature", "properties": { "SECTOR_NO": "25-C", "CATEGORY": "TRANSPORT AND COMMUNICATION", "ZONE": "NON-CONFORMING", "GREEN": 0, "ORANGE": 0, "RED": 0, "WHITE": 0, "SEC(IN HAC": 282.2, "IND(IN HAC": 0.0, "AREA(%AGE)": 0.0, "TOTAL IND": 0 }, "geometry": { "type": "MultiPolygon", "coordinates": [ [ [ [ 658359.479600000195205, 3192540.52170000039041 ], [ 658251.143400000408292, 3191467.441700000315905 ], [ 656950.370400000363588, 3191444.2664 ], [ 656991.167100000195205, 3192640.113500000908971 ], [ 657951.703900000080466, 3192554.926599999889731 ], [ 658359.479600000195205, 3192540.52170000039041 ] ] ] ] } },
{ "type": "Feature", "properties": { "SECTOR_NO": "25-A", "CATEGORY": "TRANSPORT AND COMMUNICATION", "ZONE": "NON-CONFORMING", "GREEN": 0, "ORANGE": 0, "RED": 0, "WHITE": 0, "SEC(IN HAC": 283.2, "IND(IN HAC": 0.0, "AREA(%AGE)": 0.0, "TOTAL IND": 0 }, "geometry": { "type": "MultiPolygon", "coordinates": [ [ [ [ 658061.464900000020862, 3193753.258400000631809 ], [ 658084.567200000397861, 3193764.809499999508262 ], [ 658127.550900000147521, 3193839.958100000396371 ], [ 658822.837700000032783, 3193417.245400000363588 ], [ 658370.512199999764562, 3192719.480900000780821 ], [ 658359.748599999584258, 3192600.530099999159575 ], [ 658042.290900000371039, 3192608.717199999839067 ], [ 657744.9205, 3193706.5219 ], [ 658061.464900000020862, 3193753.258400000631809 ] ] ] ] } },
{ "type": "Feature", "properties": { "SECTOR_NO": "25-B", "CATEGORY": "TRANSPORT AND COMMUNICATION", "ZONE": "NON-CONFORMING", "GREEN": 0, "ORANGE": 0, "RED": 0, "WHITE": 0, "SEC(IN HAC": 284.2, "IND(IN HAC": 0.0, "AREA(%AGE)": 0.0, "TOTAL IND": 0 }, "geometry": { "type": "MultiPolygon", "coordinates": [ [ [ [ 658874.040500000119209, 3193385.928600000217557 ], [ 660509.542700000107288, 3192437.313400000333786 ], [ 660465.4671, 3192356.511600000783801 ], [ 660393.067900000140071, 3192317.5954 ], [ 660328.057099999859929, 3192311.902699999511242 ], [ 659842.365000000223517, 3192512.439099999144673 ], [ 658908.567300000227988, 3192516.356000000610948 ], [ 658419.716799999587238, 3192597.775100000202656 ], [ 658428.293100000359118, 3192698.3114 ], [ 658874.040500000119209, 3193385.928600000217557 ] ] ] ] } },
{ "type": "Feature", "properties": { "SECTOR_NO": "26", "CATEGORY": "TRANSPORT AND COMMUNICATION", "ZONE": "NON-CONFORMING", "GREEN": 0, "ORANGE": 0, "RED": 0, "WHITE": 0, "SEC(IN HAC": 285.2, "IND(IN HAC": 0.0, "AREA(%AGE)": 0.0, "TOTAL IND": 0 }, "geometry": { "type": "MultiPolygon", "coordinates": [ [ [ [ 658659.606900000013411, 3193577.01490000076592 ], [ 658784.727699999697506, 3193804.718499999493361 ], [ 658880.874200000427663, 3193755.3618 ], [ 659059.342400000430644, 3194040.703099999576807 ], [ 659179.427899999544024, 3193980.098300000652671 ], [ 658851.522900000214577, 3193466.0929000005126 ], [ 658659.606900000013411, 3193577.01490000076592 ] ] ] ] } },
{ "type": "Feature", "properties": { "SECTOR_NO": "17", "CATEGORY": "TRANSPORT AND COMMUNICATION", "ZONE": "NON-CONFORMING", "GREEN": 0, "ORANGE": 0, "RED": 0, "WHITE": 0, "SEC(IN HAC": 286.2, "IND(IN HAC": 0.0, "AREA(%AGE)": 0.0, "TOTAL IND": 0 }, "geometry": { "type": "MultiPolygon", "coordinates": [ [ [ [ 654144.122800000011921, 3196873.7668999992311 ], [ 653540.010599999688566, 3197167.022900000214577 ], [ 653578.971699999645352, 3197240.65819999948144 ], [ 654175.333300000056624, 3196946.040300000458956 ], [ 654144.122800000011921, 3196873.7668999992311 ] ] ] ] } },
{ "type": "Feature", "properties": { "SECTOR_NO": "18", "CATEGORY": "TRANSPORT AND COMMUNICATION", "ZONE": "NON-CONFORMING", "GREEN": 4, "ORANGE": 0, "RED": 0, "WHITE": 0, "SEC(IN HAC": 287.2, "IND(IN HAC": 0.08, "AREA(%AGE)": 0.03, "TOTAL IND": 4 }, "geometry": { "type": "MultiPolygon", "coordinates": [ [ [ [ 653157.447900000028312, 3197327.145099999383092 ], [ 653255.365100000053644, 3197528.465800000354648 ], [ 653260.972900000400841, 3197607.54079999960959 ], [ 653422.044499999843538, 3197675.231599999591708 ], [ 653472.933000000193715, 3197685.99239999987185 ], [ 653511.485100000165403, 3197678.940500000491738 ], [ 653469.933400000445545, 3197535.9353 ], [ 653444.754200000315905, 3197468.786599999293685 ], [ 653414.373999999836087, 3197417.326999999582767 ], [ 653403.323099999688566, 3197358.349999999627471 ], [ 653372.489199999719858, 3197229.564799999818206 ], [ 653157.447900000028312, 3197327.145099999383092 ] ] ] ] } }
]
}
