{
"type": "FeatureCollection",
"name": "YNR_WARD",
"crs": { "type": "name", "properties": { "name": "urn:ogc:def:crs:OGC:1.3:CRS84" } },
"features": [
{ "type": "Feature", "properties": { "WARD_NO": 15 }, "geometry": { "type": "MultiPolygon", "coordinates": [ [ [ [ 77.272995727556236, 30.135156936359248 ], [ 77.275395800601771, 30.134283525801735 ], [ 77.283579700547818, 30.131209629309154 ], [ 77.2907656249198, 30.128416864851687 ], [ 77.2907656249198, 30.128416864851687 ], [ 77.290819400545942, 30.12839090540017 ], [ 77.290879429151929, 30.128461212232285 ], [ 77.291234598403861, 30.128265434621589 ], [ 77.294667484307283, 30.126213532107734 ], [ 77.294529918751934, 30.126144305343608 ], [ 77.294015771647807, 30.125635440191566 ], [ 77.293444401460818, 30.125103734697703 ], [ 77.292651412150619, 30.124064257891604 ], [ 77.292436707412662, 30.123812022001822 ], [ 77.291908669624959, 30.123310293024367 ], [ 77.29174859334239, 30.123217266813761 ], [ 77.291458455080246, 30.123009580073838 ], [ 77.291180822777676, 30.122799729486704 ], [ 77.290908192858922, 30.122581224793205 ], [ 77.29068058439465, 30.122429785613058 ], [ 77.290362933021413, 30.122174501897966 ], [ 77.290227868658022, 30.122042532939012 ], [ 77.290010264961396, 30.121895419793304 ], [ 77.28988020298182, 30.121824026570089 ], [ 77.2897451386184, 30.121767777327548 ], [ 77.289635086174144, 30.121715854921415 ], [ 77.289535038497561, 30.121644461568369 ], [ 77.289277415730297, 30.121417300556242 ], [ 77.289012914685259, 30.12117715834669 ], [ 77.288872847938009, 30.121062495644235 ], [ 77.288755291918008, 30.121010572867288 ], [ 77.288533311135552, 30.120889419614834 ], [ 77.288433888756927, 30.120825597752461 ], [ 77.288336342272217, 30.120777460896772 ], [ 77.288085285133747, 30.120723915378026 ], [ 77.287895194548213, 30.119720066743724 ], [ 77.287782640912027, 30.118731352403827 ], [ 77.28769009681119, 30.117857294722928 ], [ 77.287662583700111, 30.117658250803434 ], [ 77.287586297346692, 30.117444061789797 ], [ 77.287352435902633, 30.117160639249782 ], [ 77.282099932880996, 30.120085693828553 ], [ 77.28011398650041, 30.121111173222847 ], [ 77.278828373856072, 30.121621745490675 ], [ 77.269166269488068, 30.125280048375089 ], [ 77.267673057914777, 30.125868479473453 ], [ 77.269526441123801, 30.129609369797407 ], [ 77.270215519496446, 30.130875951112291 ], [ 77.270712631389529, 30.131877523122444 ], [ 77.271295409105761, 30.133008876258856 ], [ 77.271434850555025, 30.133270621504614 ], [ 77.2719601008572, 30.133973652819808 ], [ 77.272358642340237, 30.134463559458059 ], [ 77.272995727556236, 30.135156936359248 ] ] ] ] } },
{ "type": "Feature", "properties": { "WARD_NO": 2 }, "geometry": { "type": "MultiPolygon", "coordinates": [ [ [ [ 77.301545449424779, 30.162072417011682 ], [ 77.301342852879642, 30.162156756406869 ], [ 77.301242805203046, 30.162236770638177 ], [ 77.300825106153212, 30.162686579162344 ], [ 77.300667531062587, 30.162872557087081 ], [ 77.300262963270342, 30.163324525232643 ], [ 77.300115392947319, 30.163504014399866 ], [ 77.299960319048608, 30.163648903007331 ], [ 77.299812748725628, 30.163815416517092 ], [ 77.299635789397655, 30.163919217004267 ], [ 77.2994156845091, 30.164070592518819 ], [ 77.299130548630785, 30.164202505277675 ], [ 77.298535890253007, 30.164490117730139 ], [ 77.298188224576791, 30.164647979847352 ], [ 77.297952249656049, 30.164757022061742 ], [ 77.296174881182779, 30.1655783305021 ], [ 77.292519193908078, 30.167347118296203 ], [ 77.290544582084294, 30.168302525318072 ], [ 77.287030126494315, 30.1699855064861 ], [ 77.287870807927106, 30.17104442668246 ], [ 77.28987264432584, 30.173279880626097 ], [ 77.300031603018255, 30.185343027651697 ], [ 77.300635640865735, 30.186128925666324 ], [ 77.300656900997012, 30.186130006677168 ], [ 77.300695669471665, 30.185555988255746 ], [ 77.300820729067453, 30.184356051937133 ], [ 77.300880757673397, 30.183655541815352 ], [ 77.300810724299794, 30.181878299340877 ], [ 77.300805721915964, 30.181350741875491 ], [ 77.30096704879449, 30.181322634226348 ], [ 77.301245931693032, 30.181241554424261 ], [ 77.30144352585431, 30.181173447338974 ], [ 77.301785563848696, 30.18104696262705 ], [ 77.302065697343181, 30.180939936974745 ], [ 77.302240110786073, 30.180884396575209 ], [ 77.302583444069612, 30.180782100952083 ], [ 77.303281276613959, 30.180533454650064 ], [ 77.303638947057806, 30.180382104419838 ], [ 77.303713982815268, 30.179370214049932 ], [ 77.303743997118247, 30.179186429427379 ], [ 77.303233753967561, 30.177843710195418 ], [ 77.302983634776041, 30.177190722571066 ], [ 77.302791042998592, 30.176725844638586 ], [ 77.302620961948321, 30.176265288989239 ], [ 77.302523415463654, 30.175923654769537 ], [ 77.302483396393001, 30.175679320708749 ], [ 77.302435873746617, 30.175430661529262 ], [ 77.302340828453822, 30.175227409212162 ], [ 77.302260790312573, 30.175106322526087 ], [ 77.302155740252147, 30.174967937559835 ], [ 77.302065697343181, 30.174836039207989 ], [ 77.302199823759551, 30.174775495643118 ], [ 77.302652539496222, 30.174646840444222 ], [ 77.303096501061148, 30.174511698247727 ], [ 77.303493877926655, 30.174413314612071 ], [ 77.303760880163622, 30.17434844622715 ], [ 77.303953471941085, 30.174312768597247 ], [ 77.304179829809399, 30.174266279544959 ], [ 77.304250175831996, 30.174248170431419 ], [ 77.304317082715741, 30.17423114245598 ], [ 77.304443002096221, 30.174196816210831 ], [ 77.304583615979169, 30.174152759673937 ], [ 77.304761825903157, 30.174075457972648 ], [ 77.305100581083153, 30.173932746980213 ], [ 77.3052015667067, 30.173890312042968 ], [ 77.305569085593746, 30.173728140139929 ], [ 77.305846405247323, 30.173605429889271 ], [ 77.305935822858316, 30.173549210163923 ], [ 77.306041498216729, 30.173488665808442 ], [ 77.306140920595354, 30.173432446016488 ], [ 77.306393228329753, 30.17329784273042 ], [ 77.306580817723372, 30.173185402896685 ], [ 77.306934111081404, 30.172984308258812 ], [ 77.30714171001037, 30.172863218816556 ], [ 77.307296783909081, 30.172772401637257 ], [ 77.307848922024363, 30.173595158980298 ], [ 77.307898945862647, 30.173618944241525 ], [ 77.30791395301415, 30.173624890555956 ], [ 77.307935213145427, 30.173628674574019 ], [ 77.307961405859643, 30.17362629108862 ], [ 77.307987112877669, 30.17362434998191 ], [ 77.30803088373618, 30.173611916778587 ], [ 77.308068401614889, 30.173598942999512 ], [ 77.308268184319147, 30.173524884311259 ], [ 77.308331964712977, 30.173509207647481 ], [ 77.308383239147233, 30.173500017877913 ], [ 77.308431387091602, 30.173499477303213 ], [ 77.308467654374368, 30.173496774429633 ], [ 77.308511425232879, 30.173498396153807 ], [ 77.308581771255504, 30.17349569328017 ], [ 77.30862804330593, 30.173503261326111 ], [ 77.308693699593704, 30.173515694543152 ], [ 77.308743723432002, 30.173536776951075 ], [ 77.30879874965413, 30.173561102800779 ], [ 77.308908489449394, 30.173639486053439 ], [ 77.309043553812799, 30.17372057211125 ], [ 77.309542228950917, 30.174034104240437 ], [ 77.309606634642719, 30.174094107689367 ], [ 77.309804854101998, 30.173932476694034 ], [ 77.309898477170492, 30.173859920658149 ], [ 77.309905996050048, 30.173854093674439 ], [ 77.309899117772289, 30.173860580547384 ], [ 77.309706525994841, 30.173662190156357 ], [ 77.31015517729459, 30.173415688187646 ], [ 77.310812678119291, 30.173015661750849 ], [ 77.311555219469113, 30.172594010505627 ], [ 77.31192133143567, 30.172369669684798 ], [ 77.311845670380251, 30.172263715770164 ], [ 77.311999493683032, 30.17215992406987 ], [ 77.312399371740455, 30.171731241566384 ], [ 77.312293071084071, 30.171660965568233 ], [ 77.312193023407474, 30.171605825903828 ], [ 77.311973231167926, 30.171460948991562 ], [ 77.311841918592378, 30.171361481137435 ], [ 77.311721861380462, 30.171264175530862 ], [ 77.31163932204727, 30.171199305073056 ], [ 77.311569601322617, 30.171123622818367 ], [ 77.311523329272177, 30.171089025196874 ], [ 77.311438288747084, 30.171017667564161 ], [ 77.311377009545154, 30.170961446362615 ], [ 77.311310727959409, 30.17091711808493 ], [ 77.311256952333224, 30.170881439212792 ], [ 77.31119692372728, 30.170844679149219 ], [ 77.311154403464712, 30.170813324966492 ], [ 77.311113133798116, 30.170791701386406 ], [ 77.311100315189563, 30.170786836080229 ], [ 77.311087496580981, 30.170792241975967 ], [ 77.311072176780499, 30.170800080524248 ], [ 77.311048102808329, 30.170817379387241 ], [ 77.311033095656853, 30.170829002059104 ], [ 77.311014962015463, 30.170838192077724 ], [ 77.31100370665186, 30.17084332767601 ], [ 77.3109930765862, 30.170844949443836 ], [ 77.310979945328654, 30.170846300916995 ], [ 77.310971503805931, 30.170846300916995 ], [ 77.310959310495349, 30.170846300916995 ], [ 77.310941489502952, 30.170844949443836 ], [ 77.310928670894384, 30.170841165318887 ], [ 77.310915539636838, 30.170835489131168 ], [ 77.310888964472738, 30.17081791997666 ], [ 77.310626964619615, 30.170641417373673 ], [ 77.310528167538976, 30.170554922873965 ], [ 77.310288365764123, 30.170312737870969 ], [ 77.310115783521994, 30.170115962117812 ], [ 77.309988222734319, 30.169949459250653 ], [ 77.309928194128375, 30.169909455273118 ], [ 77.309834399431551, 30.169822960131047 ], [ 77.309702148909025, 30.169723490623834 ], [ 77.309625862555606, 30.169691054893274 ], [ 77.309553327990074, 30.169669431066957 ], [ 77.309437022566044, 30.169617533864443 ], [ 77.309293204030922, 30.169551581130168 ], [ 77.308948352195614, 30.16939805164337 ], [ 77.308864249617457, 30.169368859389916 ], [ 77.308446863216616, 30.169179109531928 ], [ 77.307939433906853, 30.168962869932152 ], [ 77.307719954316298, 30.168876373959424 ], [ 77.307544870882253, 30.168806636526156 ], [ 77.307469209826834, 30.168755820070821 ], [ 77.307394799367387, 30.168708247195291 ], [ 77.30731226003418, 30.168641753251226 ], [ 77.307276618049357, 30.168606614156975 ], [ 77.307143429579881, 30.168687163754448 ], [ 77.306742926224459, 30.168223867519089 ], [ 77.306361807106427, 30.16770921150502 ], [ 77.306333043399391, 30.167708130292105 ], [ 77.306280518369164, 30.167630282929114 ], [ 77.306027897985743, 30.167245370064098 ], [ 77.305901587794025, 30.166945331605827 ], [ 77.305760583099826, 30.166633939375323 ], [ 77.30563802469598, 30.166319302476651 ], [ 77.305591752645554, 30.166225235579979 ], [ 77.30511308704277, 30.166266322281501 ], [ 77.305001784002528, 30.16627172842518 ], [ 77.304895483346144, 30.166270647196477 ], [ 77.304769173154426, 30.166284703168753 ], [ 77.304696638588908, 30.166295515453776 ], [ 77.304656619518269, 30.166278215797188 ], [ 77.304634108791035, 30.166244697703888 ], [ 77.304620352235503, 30.166204692222788 ], [ 77.304609096871886, 30.166192798698244 ], [ 77.304477784296338, 30.166204692222788 ], [ 77.304326462185472, 30.166254428764407 ], [ 77.304191397822066, 30.166316058792038 ], [ 77.304101354913101, 30.16634200826585 ], [ 77.304036323923341, 30.166361470366699 ], [ 77.303980047105242, 30.166384176146192 ], [ 77.303928772670972, 30.166394988420276 ], [ 77.303868744065014, 30.166397150874957 ], [ 77.303782140294942, 30.166402557011459 ], [ 77.303751500693977, 30.166404178852339 ], [ 77.303716484007197, 30.166401475784181 ], [ 77.303676464936515, 30.166390663510786 ], [ 77.303627691694203, 30.166370660801892 ], [ 77.303568288386202, 30.166331195985908 ], [ 77.303523892229691, 30.166302002824207 ], [ 77.303491376734797, 30.166283081325908 ], [ 77.303406023560697, 30.166258753679898 ], [ 77.30334849614664, 30.166247941390843 ], [ 77.303297221712413, 30.166243616474883 ], [ 77.303222185954951, 30.166244697703888 ], [ 77.303172162116653, 30.16625010384876 ], [ 77.303088372187489, 30.166260916137549 ], [ 77.303015837621956, 30.16627929702582 ], [ 77.302898281601941, 30.166312815107339 ], [ 77.302609393935768, 30.165869510526989 ], [ 77.302609393935768, 30.165869510526989 ], [ 77.302470890433469, 30.165680294550327 ], [ 77.30244087613049, 30.165624070304379 ], [ 77.302417114807284, 30.165515946664392 ], [ 77.302393353484106, 30.165417554048936 ], [ 77.302393353484106, 30.165367817085084 ], [ 77.302390852292191, 30.165318080096153 ], [ 77.302375845140702, 30.165225634104367 ], [ 77.302353959711425, 30.164945592500764 ], [ 77.30227767335802, 30.164120600450264 ], [ 77.302190131640984, 30.163685936068735 ], [ 77.301940012449492, 30.162993929119182 ], [ 77.301545449424779, 30.162072417011682 ] ] ] ] } },
{ "type": "Feature", "properties": { "WARD_NO": 5 }, "geometry": { "type": "MultiPolygon", "coordinates": [ [ [ [ 77.301545449424779, 30.162072417011682 ], [ 77.301940012449492, 30.162993929119182 ], [ 77.302190131640984, 30.163685936068735 ], [ 77.30227767335802, 30.164120600450264 ], [ 77.302375845140702, 30.165225634104367 ], [ 77.302390852292191, 30.165318080096153 ], [ 77.302393353484106, 30.165417554048936 ], [ 77.302417114807284, 30.165515946664392 ], [ 77.30244087613049, 30.165624070304379 ], [ 77.302470890433469, 30.165680294550327 ], [ 77.302609393935768, 30.165869510526989 ], [ 77.302898281601941, 30.166312815107339 ], [ 77.303015837621956, 30.16627929702582 ], [ 77.303088372187489, 30.166260916137549 ], [ 77.303172162116653, 30.16625010384876 ], [ 77.303222185954951, 30.166244697703888 ], [ 77.303297221712413, 30.166243616474883 ], [ 77.30334849614664, 30.166247941390843 ], [ 77.303406023560697, 30.166258753679898 ], [ 77.303491376734797, 30.166283081325908 ], [ 77.303523892229691, 30.166302002824207 ], [ 77.303568288386202, 30.166331195985908 ], [ 77.303627691694203, 30.166370660801892 ], [ 77.303676464936515, 30.166390663510786 ], [ 77.303716484007197, 30.166401475784181 ], [ 77.303751500693977, 30.166404178852339 ], [ 77.303782140294942, 30.166402557011459 ], [ 77.303868744065014, 30.166397150874957 ], [ 77.303928772670972, 30.166394988420262 ], [ 77.303980047105242, 30.166384176146192 ], [ 77.304036323923341, 30.166361470366699 ], [ 77.304191397822066, 30.166316058792038 ], [ 77.304326462185472, 30.166254428764407 ], [ 77.304477784296338, 30.166204692222788 ], [ 77.304609096871886, 30.166192798698244 ], [ 77.304620352235503, 30.166204692222788 ], [ 77.304634108791035, 30.166244697703888 ], [ 77.304656619518269, 30.166278215797188 ], [ 77.304696638588908, 30.166295515453776 ], [ 77.304769173154426, 30.166284703168753 ], [ 77.304895483346144, 30.166270647196477 ], [ 77.305001784002528, 30.16627172842518 ], [ 77.30511308704277, 30.166266322281501 ], [ 77.305591752645554, 30.166225235579979 ], [ 77.30563802469598, 30.166319302476651 ], [ 77.305760583099826, 30.166633939375323 ], [ 77.305901587794025, 30.166945331605806 ], [ 77.306027897985743, 30.167245370064098 ], [ 77.306280518369164, 30.167630282929114 ], [ 77.306333043399391, 30.167708130292105 ], [ 77.306361807106427, 30.16770921150502 ], [ 77.306742926224459, 30.168223867519089 ], [ 77.307143429579881, 30.168687163754448 ], [ 77.307276618049357, 30.168606614156975 ], [ 77.30731226003418, 30.168641753251226 ], [ 77.307394799367387, 30.168708247195291 ], [ 77.307469209826834, 30.168755820070821 ], [ 77.307544870882253, 30.168806636526156 ], [ 77.307719954316298, 30.168876373959424 ], [ 77.307939433906853, 30.168962869932152 ], [ 77.308446863216616, 30.169179109531928 ], [ 77.308864249617457, 30.169368859389916 ], [ 77.308948352195614, 30.16939805164337 ], [ 77.309293204030922, 30.169551581130168 ], [ 77.309553327990074, 30.169669431066957 ], [ 77.309625862555606, 30.169691054893274 ], [ 77.309702148909025, 30.169723490623813 ], [ 77.30989794533771, 30.169668349875071 ], [ 77.309949845069951, 30.169652672597874 ], [ 77.309972355797186, 30.169645915150006 ], [ 77.310375360344452, 30.169496440285243 ], [ 77.310270935581983, 30.16921965440369 ], [ 77.310187145652861, 30.168999090097849 ], [ 77.310214033465982, 30.168989089008559 ], [ 77.310144938039315, 30.168844748850109 ], [ 77.310092413009102, 30.1687355475411 ], [ 77.309981735266859, 30.168453353499146 ], [ 77.31023373035228, 30.168346854771428 ], [ 77.310538875765872, 30.16817061804533 ], [ 77.310378486834324, 30.167912749629863 ], [ 77.310296260150125, 30.167950321694651 ], [ 77.310224350882578, 30.167832469702461 ], [ 77.310139935655442, 30.167710833324183 ], [ 77.310092413009045, 30.167631364142636 ], [ 77.309975482287044, 30.16743890790017 ], [ 77.309949219771909, 30.167382684657273 ], [ 77.309929210236604, 30.167341598421054 ], [ 77.309905448913383, 30.167301593385115 ], [ 77.309806964481808, 30.167172928429675 ], [ 77.30967815309819, 30.167038857205025 ], [ 77.309536835755011, 30.166872349139918 ], [ 77.309425845363776, 30.166702597121642 ], [ 77.309262017293378, 30.166490676994336 ], [ 77.309216995838881, 30.166443103025582 ], [ 77.309183229748058, 30.166399853943147 ], [ 77.309164470808696, 30.166346873791316 ], [ 77.309138208293589, 30.166266862895831 ], [ 77.309093186839107, 30.166149008890915 ], [ 77.309070676111887, 30.16608413506659 ], [ 77.309045664192737, 30.166027911051028 ], [ 77.309019401677645, 30.165973849467306 ], [ 77.308984384990822, 30.165912219225724 ], [ 77.308968127243389, 30.165876538541948 ], [ 77.308956871879772, 30.165806258369447 ], [ 77.310516365038652, 30.165092641472899 ], [ 77.31339648752855, 30.163764867802996 ], [ 77.316066509897666, 30.162311648762405 ], [ 77.31628411359425, 30.162512765174547 ], [ 77.317001955673817, 30.162579803887461 ], [ 77.317539711935495, 30.162670630457999 ], [ 77.318139997995061, 30.162778757218621 ], [ 77.318437639832922, 30.162819845356559 ], [ 77.318600217307392, 30.162830658021594 ], [ 77.318807816236301, 30.162830658021594 ], [ 77.319187997407369, 30.162815520290209 ], [ 77.319578183346067, 30.162783082286552 ], [ 77.320237247415633, 30.162703068498633 ], [ 77.320665889180049, 30.162661980312027 ], [ 77.320931015523016, 30.162626298451887 ], [ 77.321234597691671, 30.162576560079817 ], [ 77.321494721650808, 30.162523577873277 ], [ 77.321967134273692, 30.162426263542187 ], [ 77.32237295266188, 30.162311648762405 ], [ 77.322764389196564, 30.162202440216184 ], [ 77.323316527311775, 30.162062955857479 ], [ 77.324176937330449, 30.161838050429363 ], [ 77.331135253237505, 30.160207470732868 ], [ 77.332677238053009, 30.15982036628716 ], [ 77.332427118861517, 30.159431097714283 ], [ 77.331859973594831, 30.158559563059857 ], [ 77.331014570727618, 30.157205749536562 ], [ 77.331010818939703, 30.157168443709054 ], [ 77.331219668464598, 30.15712086524195 ], [ 77.331461033484388, 30.157065717444535 ], [ 77.331722408039482, 30.156995430991344 ], [ 77.331517310302459, 30.156654811316269 ], [ 77.331377243555238, 30.156403941469879 ], [ 77.331313463161422, 30.15631527180258 ], [ 77.331288451242258, 30.156280668983953 ], [ 77.331239677999932, 30.15622984607208 ], [ 77.331199658929293, 30.156186592509432 ], [ 77.331118370192044, 30.156118468109781 ], [ 77.331047086222469, 30.1560698077955 ], [ 77.330854807094042, 30.155918419997587 ], [ 77.330695981407416, 30.15580379765311 ], [ 77.330507141417868, 30.155664304242858 ], [ 77.330261399312221, 30.155441546915068 ], [ 77.329906230060345, 30.155164721573527 ], [ 77.329778669272685, 30.155058749166805 ], [ 77.329681122787974, 30.154991705340482 ], [ 77.329628597757775, 30.154944125823185 ], [ 77.329584826899264, 30.154908441170129 ], [ 77.329561065576087, 30.154871675150471 ], [ 77.329543557232668, 30.154817607449598 ], [ 77.329415996445022, 30.154356949436004 ], [ 77.329713638282882, 30.154153653665883 ], [ 77.330006277736928, 30.153935218382042 ], [ 77.330363948180718, 30.153604320446355 ], [ 77.330741628159871, 30.153295048823011 ], [ 77.331426329446543, 30.152702455730566 ], [ 77.332157928081628, 30.152080661705281 ], [ 77.332343016283303, 30.151905477289532 ], [ 77.332436810980127, 30.151815722190513 ], [ 77.332523102101177, 30.151756245875116 ], [ 77.332614395606072, 30.151697850912392 ], [ 77.332781975464371, 30.151586467832029 ], [ 77.332972066049877, 30.151488061316577 ], [ 77.335537976305488, 30.150202279252337 ], [ 77.336238310041665, 30.149867043158888 ], [ 77.336660386177257, 30.149674552241933 ], [ 77.336679145116619, 30.149649679792681 ], [ 77.336604109359186, 30.149616156046793 ], [ 77.336560338500675, 30.149572899583671 ], [ 77.336509064066419, 30.149536131575118 ], [ 77.336457302728491, 30.149494365347884 ], [ 77.336404014005979, 30.149392303645211 ], [ 77.336386505662603, 30.149342558598089 ], [ 77.336358992551524, 30.14932309313803 ], [ 77.336316472288999, 30.149317686065139 ], [ 77.33607510726921, 30.149349047083916 ], [ 77.335992567936032, 30.149402036368883 ], [ 77.335764021524795, 30.149345802841065 ], [ 77.335622704181588, 30.149318767479727 ], [ 77.335383840353728, 30.14927334805602 ], [ 77.335277539697344, 30.149256045412919 ], [ 77.334897671175298, 30.149206300297106 ], [ 77.334385552130755, 30.149170613568106 ], [ 77.334201714525008, 30.14916736931939 ], [ 77.334017876919276, 30.149165206486838 ], [ 77.333887814939686, 30.149151148074143 ], [ 77.333772760111614, 30.149138171076007 ], [ 77.333652702899684, 30.149120868409199 ], [ 77.333391640993597, 30.149095995820325 ], [ 77.333059295117906, 30.149101402905398 ], [ 77.332866703340471, 30.149110054240893 ], [ 77.332421803828638, 30.149115461325195 ], [ 77.331990660872322, 30.149144659575267 ], [ 77.331741792276787, 30.14915763657255 ], [ 77.331602976125538, 30.149158717988907 ], [ 77.331520436792331, 30.149166287903107 ], [ 77.33143039388338, 30.149160880821579 ], [ 77.331384121832983, 30.149133845409576 ], [ 77.331058028937093, 30.148947841574117 ], [ 77.330986744967518, 30.148914317589714 ], [ 77.330957981260511, 30.148897014883662 ], [ 77.330942974109021, 30.148927835326742 ], [ 77.330670813163792, 30.148742912523748 ], [ 77.330504483901478, 30.148736423998063 ], [ 77.330266870669547, 30.148746156786412 ], [ 77.33025561530593, 30.148685597198629 ], [ 77.330123052134454, 30.148685597198629 ], [ 77.329817906720848, 30.148633688950955 ], [ 77.329705353084677, 30.148607734816846 ], [ 77.329525267266803, 30.148566640757224 ], [ 77.329412713630617, 30.148508243906235 ], [ 77.329327673105524, 30.148473638348595 ], [ 77.329265143307651, 30.148456335565207 ], [ 77.329010021732358, 30.148428218535759 ], [ 77.328557305995773, 30.148408752895303 ], [ 77.328072700062265, 30.148354681651607 ], [ 77.327354857982741, 30.148255190485756 ], [ 77.326510080413527, 30.148140559235536 ], [ 77.325912295545876, 30.14809297641327 ], [ 77.325927302697352, 30.148263841895492 ], [ 77.325917297929692, 30.148335215996614 ], [ 77.325867274091379, 30.148391450100526 ], [ 77.325789737142031, 30.148402264347595 ], [ 77.325752219263308, 30.148404427196883 ], [ 77.325602147748413, 30.147954553527182 ], [ 77.325535240864724, 30.147805316135479 ], [ 77.325530238480866, 30.147632286992945 ], [ 77.32551273013749, 30.147361928350172 ], [ 77.325467708683007, 30.1472213415631 ], [ 77.325435193188142, 30.147074265940695 ], [ 77.325362658622581, 30.146935841625169 ], [ 77.325305131208566, 30.146832023261037 ], [ 77.325258233860168, 30.146726041901676 ], [ 77.325260735052083, 30.146191807601589 ], [ 77.325245727900594, 30.144695070998782 ], [ 77.325230720749119, 30.144139196275795 ], [ 77.325230720749119, 30.14388613164855 ], [ 77.325249479688438, 30.143809346953816 ], [ 77.325260735052041, 30.143774739747926 ], [ 77.325278243395459, 30.143747702859873 ], [ 77.325342023789304, 30.143682814298312 ], [ 77.325388295839716, 30.143663347721532 ], [ 77.325449575041645, 30.143642799664065 ], [ 77.325718453172485, 30.143568177735286 ], [ 77.325819751445039, 30.143547629658038 ], [ 77.325986080707366, 30.143527081576465 ], [ 77.325839760980344, 30.143191822799469 ], [ 77.325632787349377, 30.142863051795739 ], [ 77.325587765894937, 30.142666221262672 ], [ 77.325542744440469, 30.142443434581192 ], [ 77.325452701531532, 30.142309329734314 ], [ 77.325335145511517, 30.142103846147538 ], [ 77.325265112137913, 30.141963251867924 ], [ 77.325187575188551, 30.14182698337498 ], [ 77.325145054925983, 30.141733974613029 ], [ 77.325112539431132, 30.141640965763397 ], [ 77.325057513208989, 30.141255951453239 ], [ 77.324997484603031, 30.140784415026868 ], [ 77.324967470300052, 30.140680590189927 ], [ 77.324919947653669, 30.140505385529888 ], [ 77.32488993335069, 30.140325854506187 ], [ 77.324832405936647, 30.140048986744986 ], [ 77.324764873754958, 30.139826194154391 ], [ 77.324727355876249, 30.139731020467231 ], [ 77.324657322502631, 30.139592585849289 ], [ 77.324532262906885, 30.139402237932515 ], [ 77.32439782384148, 30.13913834589512 ], [ 77.324210234447861, 30.138822539742495 ], [ 77.318384664743263, 30.146223257085644 ], [ 77.314345533535743, 30.151354509459996 ], [ 77.311620484944527, 30.154801927810805 ], [ 77.310139779330967, 30.156705093342339 ], [ 77.309728020611985, 30.157225213440938 ], [ 77.309526674662862, 30.15745229204159 ], [ 77.309355655665698, 30.15763179189873 ], [ 77.309269364544619, 30.157719379059799 ], [ 77.309144304948873, 30.157818860679239 ], [ 77.308981727474418, 30.157958351041838 ], [ 77.308713161992571, 30.158174614779803 ], [ 77.30858810239684, 30.158255713559271 ], [ 77.308406765982994, 30.15839087804347 ], [ 77.308121942753715, 30.158560644373157 ], [ 77.301545449424779, 30.162072417011682 ] ] ] ] } },
{ "type": "Feature", "properties": { "WARD_NO": 1 }, "geometry": { "type": "MultiPolygon", "coordinates": [ [ [ [ 77.293649108387626, 30.166790311377657 ], [ 77.292684898904469, 30.165195494529698 ], [ 77.291823238289808, 30.163822309521663 ], [ 77.291448059502599, 30.163278436470708 ], [ 77.29152934823982, 30.163253567452323 ], [ 77.291867009148319, 30.163111922054011 ], [ 77.291955801461285, 30.163068130878216 ], [ 77.291609386381097, 30.162729154081795 ], [ 77.2908834154278, 30.161988483023034 ], [ 77.290116174807935, 30.161229424573676 ], [ 77.290023630707054, 30.161131027680153 ], [ 77.290033635474728, 30.161113727117325 ], [ 77.290101167656402, 30.161067231839606 ], [ 77.290066150969622, 30.161035874546894 ], [ 77.290011124747494, 30.160948290331699 ], [ 77.289956411174359, 30.16076987780081 ], [ 77.289873871841166, 30.16044765313913 ], [ 77.288335638813535, 30.160853677666118 ], [ 77.288037371677717, 30.160942883896098 ], [ 77.28662294764986, 30.156916629004357 ], [ 77.286287787933276, 30.155942344691702 ], [ 77.286219005155615, 30.155736889501181 ], [ 77.28619086674658, 30.155675252860576 ], [ 77.286179611382963, 30.155650381924517 ], [ 77.286109578009331, 30.155583338500364 ], [ 77.280584829792602, 30.151192811838786 ], [ 77.280067948939049, 30.15078204575871 ], [ 77.278897064469561, 30.151943347196397 ], [ 77.278625386502185, 30.152253818217726 ], [ 77.278559104916411, 30.152314375614871 ], [ 77.27850282809834, 30.15235438673189 ], [ 77.278323054929473, 30.152447385481633 ], [ 77.278247393874054, 30.152491722064038 ], [ 77.278145470303542, 30.152545791039984 ], [ 77.277809685288915, 30.152708538478713 ], [ 77.277018995994851, 30.153123786540849 ], [ 77.276781382762977, 30.153255713944677 ], [ 77.276762623823615, 30.153249225715822 ], [ 77.276720103561047, 30.153239493371743 ], [ 77.27668508687421, 30.153233005141818 ], [ 77.276657573763174, 30.153229761026708 ], [ 77.276591292177443, 30.153238412000121 ], [ 77.27654126833913, 30.153257876687519 ], [ 77.276298652723383, 30.153374664731235 ], [ 77.27616734014785, 30.153453604719488 ], [ 77.275981001350218, 30.153552009273881 ], [ 77.275403538666879, 30.153892639665667 ], [ 77.274806066448221, 30.154283011461615 ], [ 77.27419681985873, 30.15466417141538 ], [ 77.273849673189815, 30.154889652654351 ], [ 77.272011447724338, 30.156102347551283 ], [ 77.267489142150438, 30.159085755732072 ], [ 77.267271538453855, 30.159194967730368 ], [ 77.267315309312366, 30.159285797419031 ], [ 77.267407853413204, 30.159453399601031 ], [ 77.267486328309531, 30.159604781972146 ], [ 77.267531349763999, 30.159697773884936 ], [ 77.267633898632511, 30.15984591198341 ], [ 77.267753955844398, 30.160068659362231 ], [ 77.267740199288852, 30.160075147142432 ], [ 77.26763514922844, 30.16011299251835 ], [ 77.267113963363187, 30.16029032494356 ], [ 77.266606534053466, 30.160480632557249 ], [ 77.266240109437931, 30.160604981083708 ], [ 77.266036262296893, 30.160684996574332 ], [ 77.265889942569885, 30.160748792662226 ], [ 77.265632319802648, 30.160885035016801 ], [ 77.265082057581381, 30.161165088154444 ], [ 77.264901971763521, 30.161253753460809 ], [ 77.264824434814159, 30.161282948117407 ], [ 77.264758153228414, 30.161292679667667 ], [ 77.26466936091542, 30.161301329933771 ], [ 77.264590573370114, 30.161299167367321 ], [ 77.264469265562241, 30.16129051710103 ], [ 77.264411738148198, 30.161285110684219 ], [ 77.264380473249275, 30.161288354534349 ], [ 77.264361714309914, 30.161306736349704 ], [ 77.264354210734169, 30.161351068949152 ], [ 77.264350458946268, 30.161419189733866 ], [ 77.264441752451162, 30.165977768933033 ], [ 77.264473017350127, 30.166923301718835 ], [ 77.264480520925872, 30.166970875455846 ], [ 77.264486148607702, 30.166993040484527 ], [ 77.264490525693532, 30.167013583677452 ], [ 77.264494277481404, 30.167025477102971 ], [ 77.264501781057163, 30.167036829916881 ], [ 77.264514287016738, 30.167050345169844 ], [ 77.264524917082369, 30.167058454320738 ], [ 77.264542425425788, 30.167066563470936 ], [ 77.26456477982849, 30.167069807130851 ], [ 77.264594794131497, 30.167069807130851 ], [ 77.264627934924363, 30.167067104080942 ], [ 77.264665452803101, 30.167066022860961 ], [ 77.264721104323186, 30.167051967000081 ], [ 77.264771753459442, 30.167040073577756 ], [ 77.264951682952841, 30.166987093769997 ], [ 77.265029845200189, 30.16695087286466 ], [ 77.265089248508133, 30.166920058054121 ], [ 77.265190234131694, 30.166853022292614 ], [ 77.265810217077586, 30.166504868088406 ], [ 77.266052832693362, 30.166376202093076 ], [ 77.266078469910482, 30.166367011658405 ], [ 77.26612099017305, 30.166369714727505 ], [ 77.267810545311519, 30.166851400459102 ], [ 77.26785431617003, 30.166860050237503 ], [ 77.267897461730541, 30.166875187347841 ], [ 77.267934354311294, 30.166902217896222 ], [ 77.267993601294776, 30.166917895610908 ], [ 77.268027367385614, 30.166929789047959 ], [ 77.268093023673401, 30.166944926147576 ], [ 77.268214800454757, 30.166976281560871 ], [ 77.268336733560602, 30.166999527809097 ], [ 77.268729108042237, 30.167124408723186 ], [ 77.268829781016819, 30.167157926517337 ], [ 77.269170881064198, 30.167253073741918 ], [ 77.269295315361944, 30.167287672709918 ], [ 77.269452890452584, 30.167329840185729 ], [ 77.269607964351295, 30.167361195476555 ], [ 77.269743028714686, 30.167389847716368 ], [ 77.264774410975889, 30.170019331023191 ], [ 77.265139584995438, 30.17052316315516 ], [ 77.263566335281041, 30.171391348532794 ], [ 77.26420914160316, 30.17225628277362 ], [ 77.264184129683997, 30.172273581380999 ], [ 77.26408908439123, 30.172290879985361 ], [ 77.264049065320592, 30.172303853936608 ], [ 77.264014048633797, 30.172325477184941 ], [ 77.264006545058052, 30.172377372961563 ], [ 77.264026554593357, 30.172811999018016 ], [ 77.262265715485327, 30.172885517663907 ], [ 77.262580865666635, 30.180470617304273 ], [ 77.262625887121118, 30.181659790352558 ], [ 77.257500944887539, 30.184735627965942 ], [ 77.255207351901774, 30.185711519469823 ], [ 77.255182339982611, 30.185854213401782 ], [ 77.255199848326015, 30.18593204636846 ], [ 77.255234865012824, 30.186014203322117 ], [ 77.255309900770271, 30.18611365638484 ], [ 77.255397442487293, 30.186202299247448 ], [ 77.255542511618344, 30.186366612635368 ], [ 77.255726974522062, 30.186764422860527 ], [ 77.257490314822022, 30.189797672994107 ], [ 77.257540338660291, 30.189864693146749 ], [ 77.257662897064137, 30.190000895251945 ], [ 77.258047455321019, 30.190539216014692 ], [ 77.258145001805687, 30.190493815582041 ], [ 77.258225039946979, 30.190439767420674 ], [ 77.25833759358315, 30.190346804513709 ], [ 77.258405125764838, 30.190303565922424 ], [ 77.258547693703989, 30.190273298897239 ], [ 77.259217387839172, 30.189869017026009 ], [ 77.259287421212804, 30.18983226404632 ], [ 77.259404977232791, 30.189778215521876 ], [ 77.259510027293189, 30.189752272219614 ], [ 77.259745139333177, 30.18968309004682 ], [ 77.260004637994342, 30.189598774208019 ], [ 77.26021223692328, 30.189516620244358 ], [ 77.260437344195608, 30.189434466212166 ], [ 77.260649945508376, 30.189326368697003 ], [ 77.260950088538166, 30.189159898291564 ], [ 77.261112040714622, 30.189051800475042 ], [ 77.261854269415352, 30.188558872927555 ], [ 77.262214441051086, 30.188318894149713 ], [ 77.262286975616618, 30.188308084281079 ], [ 77.262321992303413, 30.188310246254911 ], [ 77.262334498262987, 30.188310246254911 ], [ 77.262487070969797, 30.188355647694149 ], [ 77.263309337811776, 30.188684267011318 ], [ 77.263516936740714, 30.188695076838666 ], [ 77.26365700348795, 30.188677781114372 ], [ 77.263819580962391, 30.18862589392322 ], [ 77.263994664396421, 30.188519957489806 ], [ 77.264960124475536, 30.187981625689783 ], [ 77.266150691827008, 30.187177365470781 ], [ 77.268254194227382, 30.185577473466648 ], [ 77.268406040161651, 30.185729722576433 ], [ 77.270605314627332, 30.187588144360163 ], [ 77.271162814297114, 30.187901371896942 ], [ 77.271545378608394, 30.188015210037996 ], [ 77.272130889620158, 30.188386622946062 ], [ 77.273680064429925, 30.189585354379748 ], [ 77.274894696440029, 30.190317411561956 ], [ 77.275115866755655, 30.190192875593059 ], [ 77.276743898445275, 30.191301888394062 ], [ 77.279077523415893, 30.18985106887974 ], [ 77.279764679419443, 30.190355452229696 ], [ 77.280184879661107, 30.190908904472757 ], [ 77.281489251244679, 30.192154160647391 ], [ 77.281709356133192, 30.192504386109384 ], [ 77.28176438235532, 30.192716250290367 ], [ 77.281994492011492, 30.192936761504825 ], [ 77.282828639515088, 30.193347516372015 ], [ 77.28313378492868, 30.193364811276219 ], [ 77.283614013776344, 30.193360487550436 ], [ 77.283839121048658, 30.193321574010046 ], [ 77.284244314138888, 30.193235099420765 ], [ 77.283929163957566, 30.193719356142612 ], [ 77.2864991386501, 30.194456545954992 ], [ 77.287732226264083, 30.195827142255911 ], [ 77.288244970606627, 30.196410828894312 ], [ 77.289077867514322, 30.197524147517438 ], [ 77.28934049266536, 30.197796530351109 ], [ 77.289408024847077, 30.197854898003161 ], [ 77.289533084442823, 30.198004059623358 ], [ 77.289850110517989, 30.198406146343459 ], [ 77.290047079381267, 30.198697982450508 ], [ 77.29010210560341, 30.19874986433452 ], [ 77.290187146128503, 30.198840657565771 ], [ 77.29028672265288, 30.198974573551467 ], [ 77.290374735522136, 30.199067640277562 ], [ 77.290514802269371, 30.198966038556986 ], [ 77.290892482248481, 30.198728246886187 ], [ 77.291285169379108, 30.198443976998739 ], [ 77.291357703944641, 30.198405065467401 ], [ 77.291430238510188, 30.198374800932349 ], [ 77.291505274267607, 30.198355345154948 ], [ 77.291606572540189, 30.19832940411241 ], [ 77.291679107105708, 30.198321837973694 ], [ 77.291968932718845, 30.198319676219683 ], [ 77.292045219072264, 30.198319676219683 ], [ 77.292117753637783, 30.198308867448887 ], [ 77.292366081373316, 30.198245279542313 ], [ 77.29250063575563, 30.198231065324013 ], [ 77.29304643025074, 30.198098517437167 ], [ 77.293624096468463, 30.197862464177749 ], [ 77.293631878147309, 30.197979589334338 ], [ 77.293634101236137, 30.198215911970895 ], [ 77.293832633344365, 30.198132684317304 ], [ 77.294076186907077, 30.198018111068713 ], [ 77.294182487563432, 30.197985684653375 ], [ 77.294221256038128, 30.197996493459669 ], [ 77.294275031664299, 30.198030000751654 ], [ 77.294362573381278, 30.198092691783408 ], [ 77.294406344239803, 30.198153221017581 ], [ 77.294446050661449, 30.19815105925986 ], [ 77.294473563772527, 30.198147816623187 ], [ 77.294553601913805, 30.198125118163492 ], [ 77.294696169852926, 30.198072155070516 ], [ 77.294891262822276, 30.197996493459669 ], [ 77.29519890942781, 30.197918670027871 ], [ 77.295383684980507, 30.197864625941811 ], [ 77.295458720737955, 30.197862464177749 ], [ 77.295527503515629, 30.197878677407033 ], [ 77.295684765957262, 30.197924074434834 ], [ 77.295748546351078, 30.197926236197553 ], [ 77.295814827936823, 30.197926236197553 ], [ 77.295858598795334, 30.197928397960212 ], [ 77.296013360045066, 30.198130522559136 ], [ 77.29615217619633, 30.198335889373677 ], [ 77.296255975660813, 30.198306705694563 ], [ 77.296381035256559, 30.198268874986539 ], [ 77.296551116306759, 30.198191051770067 ], [ 77.296825934768393, 30.198098096180853 ], [ 77.296942240192422, 30.198064588912047 ], [ 77.297088247270466, 30.198026758110988 ], [ 77.297135769916821, 30.198022434589937 ], [ 77.297183292563204, 30.198030000751654 ], [ 77.297229564613644, 30.198030000751654 ], [ 77.297365879572993, 30.197956500870458 ], [ 77.297490939168739, 30.197878677407033 ], [ 77.297789518953579, 30.19773383913077 ], [ 77.298075905427822, 30.197608456570308 ], [ 77.298359165412165, 30.197488478281045 ], [ 77.298724339431743, 30.197257168373774 ], [ 77.298979461007036, 30.197062608217887 ], [ 77.299159546824896, 30.196980460481086 ], [ 77.299722940303724, 30.195205620272258 ], [ 77.299853002283271, 30.194815410552547 ], [ 77.299952737310889, 30.19447059790658 ], [ 77.300022770684507, 30.194258737500192 ], [ 77.300170341007487, 30.193836096246084 ], [ 77.300266636896183, 30.193586401967309 ], [ 77.300322913714297, 30.193416695970555 ], [ 77.300359180997035, 30.193276174860159 ], [ 77.300372937552567, 30.193185376497539 ], [ 77.300380441128311, 30.193049178796663 ], [ 77.30038294232024, 30.192918385589163 ], [ 77.300371686956623, 30.192639503624392 ], [ 77.300364183380893, 30.192501143286758 ], [ 77.300362932784907, 30.192324949762863 ], [ 77.300361682188964, 30.192063361250238 ], [ 77.300371686956623, 30.191900138313823 ], [ 77.300385443512127, 30.191814743424754 ], [ 77.300397949471716, 30.191733672258994 ], [ 77.300426713178751, 30.19160828205785 ], [ 77.300486741784695, 30.191355339269645 ], [ 77.30055552456237, 30.191005109721125 ], [ 77.300594293037051, 30.190824589683437 ], [ 77.300631810915775, 30.190650555082335 ], [ 77.300678082966172, 30.190359776087401 ], [ 77.300726856208513, 30.189939280037223 ], [ 77.300743113955974, 30.189734976680974 ], [ 77.300759371703435, 30.18952851095386 ], [ 77.300768125875123, 30.189416089642965 ], [ 77.300769376471081, 30.189325287721253 ], [ 77.300754369319591, 30.188874519799075 ], [ 77.30072060322874, 30.188294031450102 ], [ 77.300689338329789, 30.187818395988348 ], [ 77.300654321642995, 30.187380593135455 ], [ 77.300646818067264, 30.187139530486945 ], [ 77.300634312107661, 30.186883333213757 ], [ 77.300635640865735, 30.186128925666324 ], [ 77.300031603018255, 30.185343027651697 ], [ 77.28987264432584, 30.173279880626097 ], [ 77.287870807927106, 30.17104442668246 ], [ 77.287030126494315, 30.1699855064861 ], [ 77.292505451188603, 30.167342391432712 ], [ 77.293649108387626, 30.166790311377657 ] ] ] ] } },
{ "type": "Feature", "properties": { "WARD_NO": 3 }, "geometry": { "type": "MultiPolygon", "coordinates": [ [ [ [ 77.299159546824896, 30.196980460481086 ], [ 77.299344775679629, 30.197017647415681 ], [ 77.299779158829026, 30.196768521780648 ], [ 77.30242159649724, 30.195986853357411 ], [ 77.302595720265941, 30.196236000096562 ], [ 77.303228114090061, 30.195999932528384 ], [ 77.303643075751282, 30.196693216772562 ], [ 77.305333860321809, 30.195875655715906 ], [ 77.305483231668077, 30.196022216977809 ], [ 77.305572144240017, 30.196033028091382 ], [ 77.30595331073431, 30.196265563436032 ], [ 77.306183143259105, 30.196080877846921 ], [ 77.306435757572643, 30.196140061279856 ], [ 77.306552187552526, 30.196231196164479 ], [ 77.306653992874857, 30.19637418166818 ], [ 77.306733528282919, 30.196557496112788 ], [ 77.306877752489555, 30.19683246713976 ], [ 77.307030460473044, 30.196986450579399 ], [ 77.307268006225186, 30.197107437398767 ], [ 77.307590389745897, 30.197283417961497 ], [ 77.308123807215992, 30.197551054464395 ], [ 77.308564963612753, 30.197793026566789 ], [ 77.308840686360753, 30.197950674737815 ], [ 77.309065506447567, 30.198093657744369 ], [ 77.309209730654203, 30.198181647183642 ], [ 77.309379406191425, 30.19839428800395 ], [ 77.310104769113025, 30.199160524391825 ], [ 77.311104794310467, 30.200495007977597 ], [ 77.31150353182295, 30.201008266078347 ], [ 77.311562918260989, 30.201041261150426 ], [ 77.311724930986614, 30.201115193974832 ], [ 77.31196589766185, 30.20121723468138 ], [ 77.312279797405736, 30.20148852659193 ], [ 77.312457956719811, 30.201671831513625 ], [ 77.312636116033886, 30.201855136094011 ], [ 77.312835484790128, 30.20203477425158 ], [ 77.312971225219897, 30.202192415630012 ], [ 77.313310576294327, 30.202467370918463 ], [ 77.313624476038171, 30.20263967584107 ], [ 77.313874747455586, 30.202804648356718 ], [ 77.313980794666335, 30.202973286642482 ], [ 77.31487371218094, 30.203854966888947 ], [ 77.315708104165168, 30.204450814792803 ], [ 77.314887589179548, 30.205100322879179 ], [ 77.315365771238874, 30.205420342296005 ], [ 77.315121862654109, 30.205464333751078 ], [ 77.315151555873129, 30.20549182840049 ], [ 77.315206700422721, 30.205550483626936 ], [ 77.315206700422721, 30.205620136662919 ], [ 77.315147313984681, 30.205715451263899 ], [ 77.31486734934829, 30.205926242842036 ], [ 77.31498453151616, 30.206065548332905 ], [ 77.314655785162813, 30.206322163194631 ], [ 77.314390667135896, 30.206532953473374 ], [ 77.314254926706127, 30.206655761514579 ], [ 77.313801574880117, 30.206857386324561 ], [ 77.313481312303622, 30.207152490983514 ], [ 77.313038034962617, 30.207478754731738 ], [ 77.313194984834567, 30.207726201235285 ], [ 77.311105277634695, 30.209123924525482 ], [ 77.311536387394554, 30.209858390635347 ], [ 77.311474714350823, 30.210216289434992 ], [ 77.31085346242098, 30.210196966273685 ], [ 77.310636444114266, 30.210473764701288 ], [ 77.311185089169484, 30.210939555301973 ], [ 77.311157744867714, 30.211861365930606 ], [ 77.311443854335494, 30.212073582957455 ], [ 77.311940620297364, 30.211610962155635 ], [ 77.312442635816055, 30.212262630767391 ], [ 77.313044203738158, 30.212191704980139 ], [ 77.313161244046796, 30.211819851618465 ], [ 77.313056600449016, 30.211462544787899 ], [ 77.313341347697417, 30.211385867383317 ], [ 77.313316224332041, 30.211097061890271 ], [ 77.3135837333583, 30.210724671989187 ], [ 77.313894838985078, 30.211198175620048 ], [ 77.314147483400177, 30.211032191204598 ], [ 77.314490881750089, 30.211164726769436 ], [ 77.314788835318623, 30.211002386484406 ], [ 77.315545369506836, 30.211880121069623 ], [ 77.315624075647833, 30.211776662557686 ], [ 77.316044467513052, 30.211912725226039 ], [ 77.316084686582755, 30.212043271467248 ], [ 77.317631567718536, 30.21257423506075 ], [ 77.318245621744751, 30.211801640152398 ], [ 77.318307599031286, 30.211512522649102 ], [ 77.318417914390253, 30.211395191891004 ], [ 77.318869755881735, 30.211482983049333 ], [ 77.318786854258008, 30.2118942066095 ], [ 77.318871692026633, 30.212088489273036 ], [ 77.318909869022505, 30.212169134794266 ], [ 77.318981981125802, 30.212231451742696 ], [ 77.319003190567969, 30.212337757034195 ], [ 77.319003190567969, 30.212477053449241 ], [ 77.318960771683663, 30.212576027097967 ], [ 77.318829273142313, 30.212693329071296 ], [ 77.318915108659098, 30.212686545291959 ], [ 77.319045609452274, 30.212620015354375 ], [ 77.319172866105191, 30.212572361409062 ], [ 77.319236494431664, 30.212488050526254 ], [ 77.319367992972985, 30.212414736656392 ], [ 77.319584329282947, 30.212407405266376 ], [ 77.319821875035046, 30.212396408180382 ], [ 77.320025485679722, 30.212319428543871 ], [ 77.320322925053986, 30.212289389610813 ], [ 77.320457954339446, 30.212371442222192 ], [ 77.320719697775772, 30.212453035978232 ], [ 77.32082192639038, 30.212301340443258 ], [ 77.321163229503938, 30.212458307856501 ], [ 77.320997743334857, 30.212630868090464 ], [ 77.321183521221215, 30.212920601246577 ], [ 77.321285326543546, 30.212784971140604 ], [ 77.321488937188207, 30.212543035892796 ], [ 77.321845255816385, 30.212268108752735 ], [ 77.322336254402188, 30.21186488089112 ], [ 77.322904667451851, 30.211417662602852 ], [ 77.323337340071774, 30.211076748935849 ], [ 77.323608820931327, 30.210805483453775 ], [ 77.323829399129707, 30.210464567665852 ], [ 77.324083945135058, 30.210473585589565 ], [ 77.326991511296825, 30.209066637894942 ], [ 77.327047548405034, 30.209190243759345 ], [ 77.327498414682324, 30.209078535063796 ], [ 77.327893576721934, 30.208912002263201 ], [ 77.328012701313213, 30.208980348654041 ], [ 77.328636548692288, 30.208613499502253 ], [ 77.329726887095148, 30.208093603577844 ], [ 77.330030038079812, 30.208546459797464 ], [ 77.330274929438559, 30.208421744844323 ], [ 77.331285187289694, 30.207723293751425 ], [ 77.332138128972971, 30.207245527012937 ], [ 77.332289234899633, 30.207375656511676 ], [ 77.332423556419243, 30.207313253079644 ], [ 77.332889162539672, 30.206981363373657 ], [ 77.332952718575797, 30.207022397860797 ], [ 77.333104117432455, 30.207006553558134 ], [ 77.334649118076982, 30.206220660510581 ], [ 77.334243619168035, 30.205428693425361 ], [ 77.333924181572797, 30.204886488741263 ], [ 77.33358968877188, 30.204502541970932 ], [ 77.333166568136036, 30.203809395512078 ], [ 77.33307743086813, 30.203397022720356 ], [ 77.332312561717671, 30.202450639770269 ], [ 77.332059836197672, 30.202589143584873 ], [ 77.331208012151166, 30.201670588752386 ], [ 77.330788320519517, 30.201672138941813 ], [ 77.330777742945983, 30.201128784172816 ], [ 77.330849010952463, 30.201128521054269 ], [ 77.330641207853873, 30.200737219135139 ], [ 77.330969049685024, 30.20023792139493 ], [ 77.331411303919595, 30.199523776145536 ], [ 77.331827884208494, 30.198889422995823 ], [ 77.332622420864098, 30.19798682302384 ], [ 77.3339468831837, 30.19663233322882 ], [ 77.334412232692344, 30.196259170919213 ], [ 77.334941908120967, 30.196085241193057 ], [ 77.337604557267241, 30.194905980997543 ], [ 77.339073739513111, 30.194178246948475 ], [ 77.338953190698902, 30.193821023284453 ], [ 77.338658583107147, 30.19349196548092 ], [ 77.338625612922755, 30.193230710474687 ], [ 77.338719159788411, 30.192934589364235 ], [ 77.338931612125776, 30.192665535925407 ], [ 77.338888878380132, 30.192032884863128 ], [ 77.338397865953652, 30.192014089644211 ], [ 77.338127701914203, 30.191822506397742 ], [ 77.337533791989131, 30.191810971392421 ], [ 77.337358440218324, 30.191577761611153 ], [ 77.337136297149726, 30.191489172539814 ], [ 77.337014227549091, 30.190822424523535 ], [ 77.336211266292153, 30.190165094598921 ], [ 77.335943420585352, 30.1904412286097 ], [ 77.335498633377071, 30.19016087077221 ], [ 77.335449159298122, 30.189762107855618 ], [ 77.335923023044842, 30.189387813842036 ], [ 77.336112075173176, 30.189319421660564 ], [ 77.336198116771172, 30.189105870722976 ], [ 77.335752826122189, 30.188722339348026 ], [ 77.335972992546985, 30.188411991494998 ], [ 77.336166178589849, 30.187448296126934 ], [ 77.336474283318594, 30.187309579820532 ], [ 77.336545133323185, 30.187226774891737 ], [ 77.336408259136789, 30.186766432589319 ], [ 77.336043715009311, 30.18669900695371 ], [ 77.336033998455022, 30.18633448800248 ], [ 77.336128498710025, 30.186230960021529 ], [ 77.33650744906042, 30.18600943909977 ], [ 77.336496202330267, 30.185335398009364 ], [ 77.336576273863159, 30.184687181458617 ], [ 77.336618692747464, 30.184615680248029 ], [ 77.336705651460278, 30.184384675982177 ], [ 77.336788368284672, 30.184278340503131 ], [ 77.330913352808523, 30.180978216853831 ], [ 77.32819854421308, 30.179347364937239 ], [ 77.324561124884013, 30.177163686204498 ], [ 77.32160161234971, 30.175382421240482 ], [ 77.321354522348614, 30.175256823885199 ], [ 77.321857186127701, 30.173514946249146 ], [ 77.322165783511011, 30.172448718589422 ], [ 77.322311068189762, 30.172047161244041 ], [ 77.322402268791024, 30.171745533760188 ], [ 77.322462715701135, 30.171542920251181 ], [ 77.322531646388143, 30.171325637427987 ], [ 77.322572359044159, 30.171120648815084 ], [ 77.322603486455975, 30.170983451101556 ], [ 77.322614363212537, 30.17087456775926 ], [ 77.322636633126805, 30.170705874507231 ], [ 77.322632391238344, 30.17039232432607 ], [ 77.322616484156754, 30.170247467472752 ], [ 77.322579367632983, 30.170059519972348 ], [ 77.322525283555493, 30.169870655293842 ], [ 77.322456352868514, 30.169724880852765 ], [ 77.32232936133363, 30.169458085562646 ], [ 77.322248765453452, 30.169307726386759 ], [ 77.322145899659006, 30.169165618418273 ], [ 77.322069545667262, 30.169067517959174 ], [ 77.321713227039126, 30.168679699300515 ], [ 77.32080546291499, 30.168694368591964 ], [ 77.320159105165388, 30.168716372525054 ], [ 77.319398216428198, 30.168751212075751 ], [ 77.319302773938475, 30.168758546716401 ], [ 77.319189303422988, 30.168771382336285 ], [ 77.319099163293842, 30.16878788527367 ], [ 77.318998418443613, 30.168816306992685 ], [ 77.318805412520021, 30.168885986011052 ], [ 77.318699365309286, 30.168931827443657 ], [ 77.318576350544788, 30.168953831323719 ], [ 77.31844273105925, 30.168962999605657 ], [ 77.318340925736891, 30.168964833261917 ], [ 77.318019072452202, 30.168950164010717 ], [ 77.317690326098869, 30.168933661100514 ], [ 77.317613972107125, 30.168922659158824 ], [ 77.317473989788922, 30.168926326472871 ], [ 77.317387031076095, 30.16894099572761 ], [ 77.316034929138894, 30.16922887941022 ], [ 77.315297901024138, 30.169386573300287 ], [ 77.314723125141825, 30.169518595897944 ], [ 77.314306889839585, 30.169586440775195 ], [ 77.314024804258963, 30.16963411552587 ], [ 77.313886942884992, 30.169627697772292 ], [ 77.313580996681907, 30.169600193109492 ], [ 77.313476009943258, 30.169596984231664 ], [ 77.313417153741298, 30.169587816008733 ], [ 77.313358827775374, 30.169575438906399 ], [ 77.31330633440605, 30.169557102455638 ], [ 77.31327133882651, 30.169534640298831 ], [ 77.313125523911694, 30.16942599673342 ], [ 77.313023718589349, 30.16933798160526 ], [ 77.31281692652837, 30.169196790506366 ], [ 77.312696032708104, 30.169149115544176 ], [ 77.312592106441542, 30.169134446320378 ], [ 77.312466970732842, 30.16912894536091 ], [ 77.312301537084053, 30.169141780932538 ], [ 77.312102168327826, 30.169172953028138 ], [ 77.311881590129445, 30.169213293372497 ], [ 77.311567690385601, 30.169264635605085 ], [ 77.311260153474379, 30.169315977810921 ], [ 77.310375360344452, 30.16949644028524 ], [ 77.310375360344452, 30.169496440285243 ], [ 77.309972355797186, 30.169645915150006 ], [ 77.309949845069951, 30.169652672597874 ], [ 77.30989794533771, 30.169668349875071 ], [ 77.309702148909025, 30.169723490623813 ], [ 77.309625862555606, 30.169691054893274 ], [ 77.309702148909025, 30.169723490623834 ], [ 77.309834399431551, 30.169822960131047 ], [ 77.309928194128375, 30.169909455273118 ], [ 77.309988222734319, 30.169949459250653 ], [ 77.310115783521994, 30.170115962117812 ], [ 77.310288365764123, 30.170312737870969 ], [ 77.310528167538976, 30.170554922873965 ], [ 77.310626964619615, 30.170641417373673 ], [ 77.310888964472738, 30.17081791997666 ], [ 77.310915539636838, 30.170835489131168 ], [ 77.310928670894384, 30.170841165318887 ], [ 77.310941489502952, 30.170844949443836 ], [ 77.310959310495349, 30.170846300916995 ], [ 77.310971503805931, 30.170846300916995 ], [ 77.310979945328654, 30.170846300916995 ], [ 77.3109930765862, 30.170844949443836 ], [ 77.31100370665186, 30.17084332767601 ], [ 77.311014962015463, 30.170838192077724 ], [ 77.311033095656853, 30.170829002059104 ], [ 77.311048102808329, 30.170817379387241 ], [ 77.311072176780499, 30.170800080524248 ], [ 77.311087496580981, 30.170792241975967 ], [ 77.311100315189563, 30.170786836080229 ], [ 77.311113133798116, 30.170791701386406 ], [ 77.311154403464712, 30.170813324966492 ], [ 77.31119692372728, 30.170844679149219 ], [ 77.311256952333224, 30.170881439212792 ], [ 77.311310727959409, 30.17091711808493 ], [ 77.311377009545154, 30.170961446362615 ], [ 77.311438288747084, 30.171017667564161 ], [ 77.311523329272177, 30.171089025196874 ], [ 77.311569601322617, 30.171123622818367 ], [ 77.31163932204727, 30.171199305073056 ], [ 77.311721861380462, 30.171264175530862 ], [ 77.311841918592378, 30.171361481137435 ], [ 77.311973231167926, 30.171460948991562 ], [ 77.312193023407474, 30.171605825903828 ], [ 77.312293071084071, 30.171660965568233 ], [ 77.312399371740455, 30.171731241566384 ], [ 77.311999493683032, 30.17215992406987 ], [ 77.311845670380251, 30.172263715770164 ], [ 77.31192133143567, 30.172369669684798 ], [ 77.311555219469113, 30.172594010505627 ], [ 77.310812678119291, 30.173015661750849 ], [ 77.31015517729459, 30.173415688187646 ], [ 77.309706525994841, 30.173662190156357 ], [ 77.309898477170492, 30.173859920658149 ], [ 77.309804854101998, 30.173932476694034 ], [ 77.309606634642719, 30.174094107689367 ], [ 77.309542228950917, 30.174034104240437 ], [ 77.309043553812799, 30.17372057211125 ], [ 77.308908489449394, 30.173639486053439 ], [ 77.30879874965413, 30.173561102800779 ], [ 77.308743723432002, 30.173536776951075 ], [ 77.308693699593704, 30.173515694543152 ], [ 77.30862804330593, 30.173503261326111 ], [ 77.308581771255504, 30.17349569328017 ], [ 77.308511425232879, 30.173498396153807 ], [ 77.308467654374368, 30.173496774429633 ], [ 77.308431387091602, 30.173499477303213 ], [ 77.308383239147233, 30.173500017877913 ], [ 77.308331964712977, 30.173509207647481 ], [ 77.308268184319147, 30.173524884311259 ], [ 77.308068401614889, 30.173598942999512 ], [ 77.30803088373618, 30.173611916778587 ], [ 77.307987112877669, 30.17362434998191 ], [ 77.307961405859643, 30.17362629108862 ], [ 77.307935213145427, 30.173628674574019 ], [ 77.30791395301415, 30.173624890555956 ], [ 77.307898945862647, 30.173618944241525 ], [ 77.307848922024363, 30.173595158980298 ], [ 77.307296783909081, 30.172772401637257 ], [ 77.30714171001037, 30.172863218816556 ], [ 77.306934111081404, 30.172984308258812 ], [ 77.306580817723372, 30.173185402896685 ], [ 77.306393228329753, 30.17329784273042 ], [ 77.306140920595354, 30.173432446016488 ], [ 77.306041498216729, 30.173488665808442 ], [ 77.305935822858316, 30.173549210163923 ], [ 77.305846405247323, 30.173605429889271 ], [ 77.305569085593746, 30.173728140139929 ], [ 77.3052015667067, 30.173890312042968 ], [ 77.305100581083153, 30.173932746980213 ], [ 77.304761825903157, 30.174075457972648 ], [ 77.304583615979169, 30.174152759673937 ], [ 77.304443002096221, 30.174196816210831 ], [ 77.304317082715741, 30.17423114245598 ], [ 77.304250175831996, 30.174248170431419 ], [ 77.304179829809399, 30.174266279544959 ], [ 77.303953471941085, 30.174312768597247 ], [ 77.303760880163622, 30.17434844622715 ], [ 77.303493877926655, 30.174413314612071 ], [ 77.303096501061148, 30.174511698247727 ], [ 77.302652539496222, 30.174646840444222 ], [ 77.302199823759551, 30.174775495643118 ], [ 77.302065697343181, 30.174836039207989 ], [ 77.302155740252147, 30.174967937559835 ], [ 77.302260790312573, 30.175106322526087 ], [ 77.302340828453822, 30.175227409212162 ], [ 77.302435873746617, 30.175430661529262 ], [ 77.302483396393001, 30.175679320708749 ], [ 77.302523415463654, 30.175923654769537 ], [ 77.302620961948321, 30.176265288989239 ], [ 77.302791042998592, 30.176725844638586 ], [ 77.302983634776041, 30.177190722571066 ], [ 77.303233753967561, 30.177843710195418 ], [ 77.303743997118247, 30.179186429427379 ], [ 77.303713982815268, 30.179370214049932 ], [ 77.303638947057806, 30.180382104419838 ], [ 77.303281276613959, 30.180533454650064 ], [ 77.302583444069612, 30.180782100952083 ], [ 77.302240110786073, 30.180884396575209 ], [ 77.302065697343181, 30.180939936974745 ], [ 77.301785563848696, 30.18104696262705 ], [ 77.30144352585431, 30.181173447338974 ], [ 77.301245931693032, 30.181241554424261 ], [ 77.30096704879449, 30.181322634226348 ], [ 77.300805721915964, 30.181350741875491 ], [ 77.300810724299794, 30.181878299340877 ], [ 77.300880757673397, 30.183655541815352 ], [ 77.300820729067453, 30.184356051937133 ], [ 77.300695669471665, 30.185555988255746 ], [ 77.300656900997012, 30.186130006677168 ], [ 77.300635640865735, 30.186128925666324 ], [ 77.300634312107661, 30.186883333213757 ], [ 77.300646818067264, 30.187139530486945 ], [ 77.300654321642995, 30.187380593135455 ], [ 77.300689338329789, 30.187818395988348 ], [ 77.30072060322874, 30.188294031450102 ], [ 77.300754369319591, 30.188874519799075 ], [ 77.300769376471081, 30.189325287721253 ], [ 77.300768125875123, 30.189416089642965 ], [ 77.300759371703435, 30.18952851095386 ], [ 77.300743113955974, 30.189734976680974 ], [ 77.300726856208513, 30.189939280037223 ], [ 77.300678082966172, 30.190359776087401 ], [ 77.300631810915775, 30.190650555082335 ], [ 77.300594293037051, 30.190824589683437 ], [ 77.30055552456237, 30.191005109721125 ], [ 77.300486741784695, 30.191355339269645 ], [ 77.300426713178751, 30.19160828205785 ], [ 77.300397949471716, 30.191733672258994 ], [ 77.300385443512127, 30.191814743424754 ], [ 77.300371686956623, 30.191900138313823 ], [ 77.300361682188964, 30.192063361250238 ], [ 77.300362932784907, 30.192324949762863 ], [ 77.300364183380893, 30.192501143286758 ], [ 77.300371686956623, 30.192639503624392 ], [ 77.30038294232024, 30.192918385589163 ], [ 77.300380441128311, 30.193049178796663 ], [ 77.300372937552567, 30.193185376497539 ], [ 77.300359180997035, 30.193276174860159 ], [ 77.300322913714297, 30.193416695970555 ], [ 77.300266636896183, 30.193586401967309 ], [ 77.300170341007487, 30.193836096246084 ], [ 77.300022770684507, 30.194258737500192 ], [ 77.299952737310889, 30.19447059790658 ], [ 77.299853002283271, 30.194815410552547 ], [ 77.299722940303724, 30.195205620272258 ], [ 77.299159546824896, 30.196980460481086 ] ] ], [ [ [ 77.309293204030922, 30.169551581130168 ], [ 77.309437022566044, 30.169617533864443 ], [ 77.309553327990074, 30.169669431066957 ], [ 77.309293204030922, 30.169551581130168 ] ] ] ] } },
{ "type": "Feature", "properties": { "WARD_NO": 4 }, "geometry": { "type": "MultiPolygon", "coordinates": [ [ [ [ 77.336788368284672, 30.184278340503131 ], [ 77.337281475646307, 30.184025573224051 ], [ 77.337574178116313, 30.18405833569922 ], [ 77.337709918546082, 30.184043668694802 ], [ 77.33792201296761, 30.183823663366866 ], [ 77.338541328678446, 30.183493654453621 ], [ 77.339056718122734, 30.183126976586763 ], [ 77.339472423188909, 30.182936303556577 ], [ 77.339591196064973, 30.18284830049511 ], [ 77.339808400759978, 30.182688587124794 ], [ 77.340185060445251, 30.182510954697836 ], [ 77.340363219759325, 30.182510954697836 ], [ 77.340744989718061, 30.182569623615127 ], [ 77.341126759676797, 30.182745630157363 ], [ 77.341347337875177, 30.182943637141495 ], [ 77.341644270065302, 30.182972971475664 ], [ 77.342043007577786, 30.183090308724996 ], [ 77.342314488437324, 30.183134310157463 ], [ 77.342857450156416, 30.18308297515102 ], [ 77.343058939856874, 30.182716295755487 ], [ 77.343347388270132, 30.182613625280162 ], [ 77.343457677369329, 30.182679627740868 ], [ 77.343669771790871, 30.182870301267837 ], [ 77.343797028443788, 30.183002305801082 ], [ 77.343975187757863, 30.183170978002838 ], [ 77.344204249733096, 30.183295648575015 ], [ 77.344373925270332, 30.183486320909665 ], [ 77.344747211452201, 30.183735661098101 ], [ 77.344908403212543, 30.183735661098101 ], [ 77.345010208534873, 30.183706326991043 ], [ 77.345171400295229, 30.183662325814062 ], [ 77.345298656948174, 30.183662325814062 ], [ 77.345383494716771, 30.183720994045682 ], [ 77.345519235146554, 30.183874997987324 ], [ 77.345714362014348, 30.184036335191816 ], [ 77.345934940212729, 30.184087669701462 ], [ 77.346104615749937, 30.184095003200639 ], [ 77.346520320816111, 30.183948333113047 ], [ 77.346817253006236, 30.183720994045682 ], [ 77.34702934742775, 30.183544989246084 ], [ 77.3474365687171, 30.183273647897305 ], [ 77.348333728120139, 30.182650293319348 ], [ 77.349190589583102, 30.182562290002362 ], [ 77.350463156112212, 30.181359570124794 ], [ 77.350578981368244, 30.181122698788514 ], [ 77.351404855343787, 30.180684867179284 ], [ 77.351744206418218, 30.181095556479015 ], [ 77.352092041269515, 30.181630916745682 ], [ 77.35327764908584, 30.182921636385117 ], [ 77.353820610804917, 30.183398318339563 ], [ 77.355814298367235, 30.185158354804798 ], [ 77.355958522573872, 30.185180355061632 ], [ 77.356085779226774, 30.185165688224295 ], [ 77.356374227640032, 30.185055686874712 ], [ 77.356611773392132, 30.185151021384787 ], [ 77.357069897342654, 30.185723026507564 ], [ 77.358749685161101, 30.184938351966423 ], [ 77.358027256425558, 30.182928497562546 ], [ 77.357472726205984, 30.18132800309991 ], [ 77.357360224969298, 30.181005158641369 ], [ 77.356840835367407, 30.179093429972625 ], [ 77.356552386954107, 30.178052014752385 ], [ 77.356272422317701, 30.177259945102715 ], [ 77.356289389871435, 30.176695224890391 ], [ 77.356196068325971, 30.175243072340209 ], [ 77.356077295449907, 30.17339484723535 ], [ 77.356034876565602, 30.171957314855959 ], [ 77.355831265920941, 30.169837649778845 ], [ 77.355654842070209, 30.169566210821127 ], [ 77.355653715051673, 30.169346108050526 ], [ 77.355330493508731, 30.168061105786183 ], [ 77.355281238794817, 30.167717378506801 ], [ 77.355080563396356, 30.167174763608706 ], [ 77.354763636506817, 30.166546086420258 ], [ 77.353674647028242, 30.164683339445329 ], [ 77.354290838855889, 30.164440224184226 ], [ 77.354314024135547, 30.164330081137251 ], [ 77.354416295219877, 30.164205876618571 ], [ 77.354827695804005, 30.16416302039956 ], [ 77.354363290999089, 30.163126178726703 ], [ 77.354648600804111, 30.163193862740396 ], [ 77.355268964974826, 30.163769251543574 ], [ 77.355682157987971, 30.164077181824418 ], [ 77.35630063086964, 30.164281141497902 ], [ 77.356975679854145, 30.164711864464639 ], [ 77.357426870894344, 30.164710115979407 ], [ 77.357749821476972, 30.164399337975265 ], [ 77.358377232188232, 30.163261975858468 ], [ 77.358890925864884, 30.163101778037564 ], [ 77.360015387243649, 30.163186820437772 ], [ 77.360608161194463, 30.163012551247402 ], [ 77.360122890276585, 30.162603425728712 ], [ 77.359701824073326, 30.162245709097995 ], [ 77.360176216995086, 30.162140686289167 ], [ 77.360626009981587, 30.161870677650349 ], [ 77.360697994618889, 30.162014841978348 ], [ 77.361194246437265, 30.161545178519678 ], [ 77.361032739727094, 30.160926758641175 ], [ 77.360952307095545, 30.160679452358735 ], [ 77.360768052656894, 30.160253714173976 ], [ 77.36066369803325, 30.159972109231383 ], [ 77.360478487789976, 30.159360659003763 ], [ 77.36065052672437, 30.158954166279486 ], [ 77.360567540779257, 30.158211628957723 ], [ 77.360581120490934, 30.158134664486834 ], [ 77.360704135255446, 30.158075981022776 ], [ 77.360699893367027, 30.157767892263454 ], [ 77.360750796028157, 30.15729475408035 ], [ 77.360763521693471, 30.157045346992565 ], [ 77.360662981091536, 30.156766805158121 ], [ 77.36033933285043, 30.156216430668941 ], [ 77.360542943495091, 30.156102729213863 ], [ 77.360487798945471, 30.155735949433108 ], [ 77.361897166376508, 30.155013389274373 ], [ 77.358942691084707, 30.154294491679998 ], [ 77.358069903310252, 30.154066839018814 ], [ 77.357553509774291, 30.153910614270472 ], [ 77.357245935712527, 30.153909365813156 ], [ 77.357005208544109, 30.153986391106834 ], [ 77.356767662792009, 30.15407808780661 ], [ 77.356436795494446, 30.154279820245975 ], [ 77.356159904659918, 30.154429613387663 ], [ 77.355979736124567, 30.154164320348631 ], [ 77.355916593551484, 30.15419895591236 ], [ 77.355685483084159, 30.153890321547788 ], [ 77.355168390010036, 30.153376438302278 ], [ 77.354986035292882, 30.153315235700379 ], [ 77.353835283263876, 30.152707489234778 ], [ 77.353700348614311, 30.15263234572555 ], [ 77.352496853321455, 30.150986154608621 ], [ 77.35159023890759, 30.150129828652108 ], [ 77.351625874916451, 30.14935243537726 ], [ 77.351190755225574, 30.149388490922654 ], [ 77.351013889235816, 30.148845774498081 ], [ 77.350040695292904, 30.147336243447818 ], [ 77.349801219963595, 30.146931331155891 ], [ 77.349303454302358, 30.147098308039833 ], [ 77.347988790524795, 30.148499619420424 ], [ 77.347309742227026, 30.148818602147156 ], [ 77.345705285316797, 30.149258015488275 ], [ 77.344568145675282, 30.149771310709944 ], [ 77.343439285250938, 30.150360227940965 ], [ 77.342759455360834, 30.150527866290957 ], [ 77.341794487697456, 30.150681055471836 ], [ 77.33962088928412, 30.150501853344071 ], [ 77.338819172370762, 30.150127716708255 ], [ 77.338187130994612, 30.14987829149598 ], [ 77.337118175110163, 30.149478476237096 ], [ 77.336679145116619, 30.149649679792681 ], [ 77.336660386177257, 30.149674552241933 ], [ 77.336238310041665, 30.149867043158888 ], [ 77.335537976305488, 30.150202279252337 ], [ 77.332972066049877, 30.151488061316577 ], [ 77.332781975464371, 30.151586467832029 ], [ 77.332614395606072, 30.151697850912392 ], [ 77.332523102101177, 30.151756245875116 ], [ 77.332436810980127, 30.151815722190513 ], [ 77.332343016283303, 30.151905477289532 ], [ 77.332157928081628, 30.152080661705281 ], [ 77.331426329446543, 30.152702455730566 ], [ 77.330741628159871, 30.153295048823011 ], [ 77.330363948180718, 30.153604320446355 ], [ 77.330006277736928, 30.153935218382042 ], [ 77.329713638282882, 30.154153653665883 ], [ 77.329415996445022, 30.154356949436004 ], [ 77.329543557232668, 30.154817607449598 ], [ 77.329561065576087, 30.154871675150471 ], [ 77.329584826899264, 30.154908441170129 ], [ 77.329628597757775, 30.154944125823185 ], [ 77.329681122787974, 30.154991705340482 ], [ 77.329778669272685, 30.155058749166805 ], [ 77.329906230060345, 30.155164721573527 ], [ 77.330261399312221, 30.155441546915068 ], [ 77.330507141417868, 30.155664304242858 ], [ 77.330695981407416, 30.15580379765311 ], [ 77.330854807094042, 30.155918419997587 ], [ 77.331047086222469, 30.1560698077955 ], [ 77.331118370192044, 30.156118468109781 ], [ 77.331199658929293, 30.156186592509432 ], [ 77.331239677999932, 30.15622984607208 ], [ 77.331288451242258, 30.156280668983953 ], [ 77.331313463161422, 30.15631527180258 ], [ 77.331377243555238, 30.156403941469879 ], [ 77.331517310302459, 30.156654811316269 ], [ 77.331722408039482, 30.156995430991344 ], [ 77.331461033484388, 30.157065717444535 ], [ 77.331219668464598, 30.15712086524195 ], [ 77.331010818939703, 30.157168443709054 ], [ 77.331014570727618, 30.157205749536562 ], [ 77.331859973594831, 30.158559563059857 ], [ 77.332427118861517, 30.159431097714283 ], [ 77.332677238053009, 30.15982036628716 ], [ 77.331135253237505, 30.160207470732868 ], [ 77.324176937330449, 30.161838050429363 ], [ 77.323316527311775, 30.162062955857479 ], [ 77.322764389196564, 30.162202440216184 ], [ 77.32237295266188, 30.162311648762405 ], [ 77.321967134273692, 30.162426263542187 ], [ 77.321494721650808, 30.162523577873277 ], [ 77.321234597691671, 30.162576560079817 ], [ 77.320931015523016, 30.162626298451887 ], [ 77.320665889180049, 30.162661980312027 ], [ 77.320237247415633, 30.162703068498633 ], [ 77.319578183346067, 30.162783082286552 ], [ 77.319187997407369, 30.162815520290209 ], [ 77.318807816236301, 30.162830658021594 ], [ 77.318600217307392, 30.162830658021594 ], [ 77.318437639832922, 30.162819845356559 ], [ 77.318139997995061, 30.162778757218621 ], [ 77.317539711935495, 30.162670630457999 ], [ 77.317001955673817, 30.162579803887461 ], [ 77.31628411359425, 30.162512765174547 ], [ 77.316066509897666, 30.162311648762405 ], [ 77.31339648752855, 30.163764867802996 ], [ 77.310516365038652, 30.165092641472899 ], [ 77.308956871879772, 30.165806258369447 ], [ 77.308968127243389, 30.165876538541948 ], [ 77.308984384990822, 30.165912219225724 ], [ 77.309019401677645, 30.165973849467306 ], [ 77.309045664192737, 30.166027911051028 ], [ 77.309070676111887, 30.16608413506659 ], [ 77.309093186839107, 30.166149008890915 ], [ 77.309138208293589, 30.166266862895831 ], [ 77.309164470808696, 30.166346873791316 ], [ 77.309183229748058, 30.166399853943147 ], [ 77.309216995838881, 30.166443103025582 ], [ 77.309262017293378, 30.166490676994336 ], [ 77.309425845363776, 30.166702597121642 ], [ 77.309536835755011, 30.166872349139918 ], [ 77.30967815309819, 30.167038857205025 ], [ 77.309806964481808, 30.167172928429675 ], [ 77.309905448913383, 30.167301593385115 ], [ 77.309929210236604, 30.167341598421054 ], [ 77.309949219771909, 30.167382684657273 ], [ 77.309975482287044, 30.16743890790017 ], [ 77.310092413009045, 30.167631364142636 ], [ 77.310139935655442, 30.167710833324183 ], [ 77.310224350882578, 30.167832469702461 ], [ 77.310296260150125, 30.167950321694651 ], [ 77.310378486834324, 30.167912749629863 ], [ 77.310538875765872, 30.16817061804533 ], [ 77.31023373035228, 30.168346854771428 ], [ 77.309981735266859, 30.168453353499146 ], [ 77.310092413009102, 30.1687355475411 ], [ 77.310144938039315, 30.168844748850109 ], [ 77.310214033465982, 30.168989089008559 ], [ 77.310187145652861, 30.168999090097849 ], [ 77.310270935581983, 30.16921965440369 ], [ 77.310375360344452, 30.169496440285243 ], [ 77.310375360344452, 30.16949644028524 ], [ 77.311260153474379, 30.169315977810921 ], [ 77.311567690385601, 30.169264635605085 ], [ 77.311881590129445, 30.169213293372497 ], [ 77.312102168327826, 30.169172953028138 ], [ 77.312301537084053, 30.169141780932538 ], [ 77.312466970732842, 30.16912894536091 ], [ 77.312592106441542, 30.169134446320378 ], [ 77.312696032708104, 30.169149115544176 ], [ 77.31281692652837, 30.169196790506366 ], [ 77.313023718589349, 30.16933798160526 ], [ 77.313125523911694, 30.16942599673342 ], [ 77.31327133882651, 30.169534640298831 ], [ 77.31330633440605, 30.169557102455638 ], [ 77.313358827775374, 30.169575438906399 ], [ 77.313417153741298, 30.169587816008733 ], [ 77.313476009943258, 30.169596984231664 ], [ 77.313580996681907, 30.169600193109492 ], [ 77.313886942884992, 30.169627697772292 ], [ 77.314024804258963, 30.16963411552587 ], [ 77.314306889839585, 30.169586440775195 ], [ 77.314723125141825, 30.169518595897944 ], [ 77.315297901024138, 30.169386573300287 ], [ 77.316034929138894, 30.16922887941022 ], [ 77.317387031076095, 30.16894099572761 ], [ 77.317473989788922, 30.168926326472871 ], [ 77.317613972107125, 30.168922659158824 ], [ 77.317690326098869, 30.168933661100514 ], [ 77.318019072452202, 30.168950164010717 ], [ 77.318340925736891, 30.168964833261917 ], [ 77.31844273105925, 30.168962999605657 ], [ 77.318576350544788, 30.168953831323719 ], [ 77.318699365309286, 30.168931827443657 ], [ 77.318805412520021, 30.168885986011052 ], [ 77.318998418443613, 30.168816306992685 ], [ 77.319099163293842, 30.16878788527367 ], [ 77.319189303422988, 30.168771382336285 ], [ 77.319302773938475, 30.168758546716401 ], [ 77.319398216428198, 30.168751212075751 ], [ 77.320159105165388, 30.168716372525054 ], [ 77.32080546291499, 30.168694368591964 ], [ 77.321713227039126, 30.168679699300515 ], [ 77.322069545667262, 30.169067517959174 ], [ 77.322145899659006, 30.169165618418273 ], [ 77.322248765453452, 30.169307726386759 ], [ 77.32232936133363, 30.169458085562646 ], [ 77.322456352868514, 30.169724880852765 ], [ 77.322525283555493, 30.169870655293842 ], [ 77.322579367632983, 30.170059519972348 ], [ 77.322616484156754, 30.170247467472752 ], [ 77.322632391238344, 30.17039232432607 ], [ 77.322636633126805, 30.170705874507231 ], [ 77.322614363212537, 30.17087456775926 ], [ 77.322603486455975, 30.170983451101556 ], [ 77.322572359044159, 30.171120648815084 ], [ 77.322531646388143, 30.171325637427987 ], [ 77.322462715701135, 30.171542920251181 ], [ 77.322402268791024, 30.171745533760188 ], [ 77.322311068189762, 30.172047161244041 ], [ 77.322165783511011, 30.172448718589422 ], [ 77.321857186127701, 30.173514946249146 ], [ 77.321354522348614, 30.175256823885199 ], [ 77.32160161234971, 30.175382421240482 ], [ 77.324561124884013, 30.177163686204498 ], [ 77.32819854421308, 30.179347364937239 ], [ 77.330913352808523, 30.180978216853831 ], [ 77.336788368284672, 30.184278340503131 ] ] ] ] } },
{ "type": "Feature", "properties": { "WARD_NO": 8 }, "geometry": { "type": "MultiPolygon", "coordinates": [ [ [ [ 77.272995727556236, 30.135156936359248 ], [ 77.273008943313428, 30.135172357451211 ], [ 77.274035991788878, 30.136370791166488 ], [ 77.274402915138069, 30.136796339107288 ], [ 77.274610767671163, 30.136998106886267 ], [ 77.274780443208371, 30.137097156372242 ], [ 77.275094342952215, 30.137284249574613 ], [ 77.275816310217479, 30.13760030722057 ], [ 77.276548250211775, 30.137920730656248 ], [ 77.277731206847804, 30.138373785294224 ], [ 77.279658084667346, 30.139085462064287 ], [ 77.280625235229508, 30.139597205847959 ], [ 77.281726005277193, 30.140061257952457 ], [ 77.282705351268561, 30.140477619050554 ], [ 77.283396248846671, 30.140765585830792 ], [ 77.283601980435563, 30.140853626462114 ], [ 77.284055332261573, 30.141104908665302 ], [ 77.284271668571535, 30.141264481703008 ], [ 77.284701690011175, 30.141620310306113 ], [ 77.284869244604181, 30.141796389964988 ], [ 77.28495832426124, 30.141913776229696 ], [ 77.285219200399681, 30.141801892449259 ], [ 77.285477955593961, 30.141679003560643 ], [ 77.286117950510899, 30.141431391155972 ], [ 77.286400036091536, 30.141317672658257 ], [ 77.287163045772942, 30.141011365730122 ], [ 77.287426042855657, 30.140884807500218 ], [ 77.288069727440657, 30.140594175463178 ], [ 77.288287146207111, 30.141166353486241 ], [ 77.288361379254638, 30.141409381134384 ], [ 77.288379407280445, 30.141492835773636 ], [ 77.288392132945745, 30.14152585077624 ], [ 77.288373044447823, 30.141568036596848 ], [ 77.288287146207111, 30.141661579004342 ], [ 77.287999758265926, 30.141930283661967 ], [ 77.287889469166743, 30.142043084375295 ], [ 77.287871441140894, 30.142100860300452 ], [ 77.287906436720434, 30.142181563123419 ], [ 77.287958399853693, 30.142320958753086 ], [ 77.287983851184279, 30.142406246771507 ], [ 77.288002939682229, 30.142511710348252 ], [ 77.288012483931197, 30.142568568925462 ], [ 77.288001879210114, 30.142618090885364 ], [ 77.287982790712192, 30.142664861602469 ], [ 77.287961581270025, 30.142710715225153 ], [ 77.287957339381606, 30.142742812748363 ], [ 77.288290327623386, 30.143044528956093 ], [ 77.28838364916885, 30.14313806996385 ], [ 77.288423681990892, 30.143145406509721 ], [ 77.288542454866956, 30.143306810381002 ], [ 77.288681111595025, 30.143569091108709 ], [ 77.288767009835723, 30.143737830788734 ], [ 77.288830638162196, 30.143961593832405 ], [ 77.289939891986776, 30.14345170681327 ], [ 77.290506184092237, 30.143235279152449 ], [ 77.291567716671949, 30.142734559100525 ], [ 77.291879495471591, 30.142608003080749 ], [ 77.292001980000023, 30.14253601280863 ], [ 77.292254372361612, 30.142967953653347 ], [ 77.292630574841809, 30.143654836579998 ], [ 77.292987688824013, 30.143534701192877 ], [ 77.29321781127139, 30.143472340781564 ], [ 77.293727368119079, 30.143381551288762 ], [ 77.293837657218276, 30.143358624635983 ], [ 77.293871592325701, 30.145928210720101 ], [ 77.296374306499644, 30.144598490373539 ], [ 77.296378746079256, 30.144595555891975 ], [ 77.297076339034874, 30.144134459606803 ], [ 77.297646342792717, 30.143818990803815 ], [ 77.298021749918817, 30.143611734587708 ], [ 77.298519641573336, 30.143367795297731 ], [ 77.299068966125063, 30.143147699180226 ], [ 77.299378623980502, 30.143041319214078 ], [ 77.299691463252216, 30.142945026904457 ], [ 77.299872803982623, 30.142883583191118 ], [ 77.299944650967902, 30.142857905210004 ], [ 77.29999237221277, 30.142892753897009 ], [ 77.300179015303684, 30.142807466299118 ], [ 77.300293546291329, 30.142729515204284 ], [ 77.30102315110139, 30.142203114434306 ], [ 77.301054965264612, 30.142186607047684 ], [ 77.300758563310453, 30.141777589808065 ], [ 77.300483901034596, 30.141397917579539 ], [ 77.290879429151929, 30.128461212232285 ], [ 77.290819400545942, 30.12839090540017 ], [ 77.2907656249198, 30.128416864851687 ], [ 77.283579700547818, 30.131209629309154 ], [ 77.275395800601771, 30.134283525801735 ], [ 77.272995727556236, 30.135156936359248 ] ] ] ] } },
{ "type": "Feature", "properties": { "WARD_NO": 9 }, "geometry": { "type": "MultiPolygon", "coordinates": [ [ [ [ 77.300483901034596, 30.141397917579539 ], [ 77.300852945328032, 30.141210832175997 ], [ 77.301264408505773, 30.1410109071861 ], [ 77.301677992627731, 30.140823821048841 ], [ 77.302199214668619, 30.140576206498263 ], [ 77.30253476321792, 30.140395322890139 ], [ 77.303720992143056, 30.139824188128223 ], [ 77.304335535729422, 30.139552726430843 ], [ 77.304604895644772, 30.139424332124651 ], [ 77.305084229037362, 30.139173045641964 ], [ 77.30531965384526, 30.139075832451475 ], [ 77.30554023204364, 30.138952940167975 ], [ 77.30583292234536, 30.138730999984602 ], [ 77.306483521983395, 30.138226588620686 ], [ 77.307344095098728, 30.137553424711598 ], [ 77.307523314884946, 30.13739017718629 ], [ 77.307436886408169, 30.137292962239581 ], [ 77.306875366427192, 30.136791753471122 ], [ 77.306180226960691, 30.13623597279387 ], [ 77.305166945861814, 30.135351853188034 ], [ 77.304520588112226, 30.134819910190171 ], [ 77.303723643323323, 30.134146723045276 ], [ 77.303367854931238, 30.133812879215881 ], [ 77.30282701415635, 30.133374478186539 ], [ 77.302112255955805, 30.132757228248295 ], [ 77.301989241191322, 30.132647168418497 ], [ 77.301884254452659, 30.13252885396458 ], [ 77.301726244108636, 30.132385775830862 ], [ 77.301650950589007, 30.132328911386825 ], [ 77.301573536125133, 30.132279384263651 ], [ 77.301495061189144, 30.132222519758315 ], [ 77.301302320383613, 30.132106039137014 ], [ 77.301205817421845, 30.132054677559548 ], [ 77.301108253987934, 30.132001481611855 ], [ 77.301012811498254, 30.131950119979997 ], [ 77.300844461551193, 30.131848313809257 ], [ 77.300744777173065, 30.131769436884071 ], [ 77.300665241765003, 30.13171532360824 ], [ 77.300404630744552, 30.131548397723094 ], [ 77.300328276752808, 30.13148786409058 ], [ 77.300291160229051, 30.131536474434753 ], [ 77.300181931601955, 30.131442922430324 ], [ 77.29991734381116, 30.131234723043384 ], [ 77.299761454411396, 30.131098980475354 ], [ 77.300124135872196, 30.130737610837063 ], [ 77.300077475099442, 30.130702069969967 ], [ 77.300421598298357, 30.130296903180742 ], [ 77.300587031947146, 30.130117134248167 ], [ 77.30070368387895, 30.130003402713605 ], [ 77.300843135961159, 30.12987407879335 ], [ 77.300897445731906, 30.129829796249261 ], [ 77.300859043042763, 30.129768601711643 ], [ 77.300804958965273, 30.1297264108474 ], [ 77.300740270166713, 30.129682385578558 ], [ 77.300540901410471, 30.129592500593677 ], [ 77.299074268485654, 30.128789035256904 ], [ 77.29678046731695, 30.12758199056567 ], [ 77.296002080789975, 30.12711054205112 ], [ 77.295736432527022, 30.126974793812376 ], [ 77.29561553870677, 30.126897747431695 ], [ 77.295471314500134, 30.126798687711048 ], [ 77.295117647052251, 30.12653269352494 ], [ 77.294899189798087, 30.126323566558227 ], [ 77.294797384475757, 30.126239181867287 ], [ 77.294757086535654, 30.126202492848719 ], [ 77.294725272372418, 30.126193320591966 ], [ 77.294667484307283, 30.126213532107734 ], [ 77.291234598403861, 30.128265434621589 ], [ 77.290879429151929, 30.128461212232285 ], [ 77.300483901034596, 30.141397917579539 ] ] ] ] } },
{ "type": "Feature", "properties": { "WARD_NO": 12 }, "geometry": { "type": "MultiPolygon", "coordinates": [ [ [ [ 77.2578462943587, 30.103249006025496 ], [ 77.257887122534768, 30.10359212753751 ], [ 77.258184054724907, 30.1042526789657 ], [ 77.25954782185525, 30.105595786587021 ], [ 77.2599041404834, 30.105882020277722 ], [ 77.260531939971102, 30.106190271017432 ], [ 77.260879774822399, 30.106571913458161 ], [ 77.261363350103466, 30.106997589826193 ], [ 77.263420665992186, 30.109757102493052 ], [ 77.264515073207193, 30.11074052720965 ], [ 77.265414353554448, 30.111136829925261 ], [ 77.266211828579344, 30.111349658505318 ], [ 77.26705172248856, 30.111481758772705 ], [ 77.267965849445304, 30.111540469945947 ], [ 77.268576681379272, 30.11148909767126 ], [ 77.269442026619046, 30.11131296395526 ], [ 77.270222534090237, 30.111078118512133 ], [ 77.272383776245505, 30.110725849300756 ], [ 77.273486667237421, 30.110645120762921 ], [ 77.274608305866138, 30.110691668616376 ], [ 77.27494871515465, 30.110669463553862 ], [ 77.280176125292115, 30.110234138093031 ], [ 77.283050004703668, 30.11022679910122 ], [ 77.284008671488934, 30.110344222904381 ], [ 77.286630158538898, 30.110938678766193 ], [ 77.287578827035048, 30.111336669878085 ], [ 77.288918414683408, 30.111903144719179 ], [ 77.289418642213363, 30.112307317854746 ], [ 77.290190335322308, 30.113267751426598 ], [ 77.290621775551827, 30.113382515285874 ], [ 77.291673763882571, 30.11461541887493 ], [ 77.292080985171879, 30.115510732074846 ], [ 77.2933259794262, 30.118409436354643 ], [ 77.293614427839472, 30.118813046659032 ], [ 77.294131938227963, 30.119304715165047 ], [ 77.295487221581467, 30.119840410900316 ], [ 77.29597079686252, 30.120133941577755 ], [ 77.296691917895686, 30.120728338527535 ], [ 77.297446974036276, 30.121726330298532 ], [ 77.298785289836047, 30.122709635855859 ], [ 77.299184027348517, 30.122827044820305 ], [ 77.299676086406421, 30.122783016475008 ], [ 77.300244499456085, 30.122724311984047 ], [ 77.301364358001734, 30.122577550603996 ], [ 77.302144865472911, 30.122672945525863 ], [ 77.304210665138484, 30.123061862330427 ], [ 77.306017709609833, 30.123421425560657 ], [ 77.306569155105777, 30.123428763572118 ], [ 77.307281792362076, 30.123340707398441 ], [ 77.308215007816756, 30.123098552515948 ], [ 77.310342314864542, 30.122423450920206 ], [ 77.311292497872984, 30.122181293788397 ], [ 77.312699148805905, 30.121665035823728 ], [ 77.315327219261221, 30.120211281660307 ], [ 77.315540818284674, 30.120203648144976 ], [ 77.316805941422444, 30.120020327627035 ], [ 77.318286566400886, 30.120235183240855 ], [ 77.321720754849665, 30.121949431039813 ], [ 77.327728435192611, 30.124032582831504 ], [ 77.330949624626427, 30.124185933101959 ], [ 77.330829839392493, 30.123959381147802 ], [ 77.330027755409517, 30.12335700323376 ], [ 77.331007498273863, 30.121427452607655 ], [ 77.330285254622154, 30.120969231463103 ], [ 77.330196925056697, 30.120701292922625 ], [ 77.329639918340803, 30.120049867450025 ], [ 77.328789309466956, 30.119220666393407 ], [ 77.327598067022976, 30.118303274348733 ], [ 77.32433345928014, 30.115639334159898 ], [ 77.323780283360819, 30.11577889467009 ], [ 77.322629711890258, 30.113409940260283 ], [ 77.321252236981294, 30.111564551072092 ], [ 77.319166025330276, 30.110409520785289 ], [ 77.319281620794882, 30.109755649239734 ], [ 77.319304200090997, 30.107829580651828 ], [ 77.317111733818109, 30.10592512929448 ], [ 77.316189125301506, 30.104875975257851 ], [ 77.315419604268996, 30.104417828914368 ], [ 77.314439695771881, 30.104648273216501 ], [ 77.313291733643879, 30.104466587278662 ], [ 77.312657384681842, 30.104152399022603 ], [ 77.312171882627908, 30.103521272674286 ], [ 77.312137594930135, 30.102950472325563 ], [ 77.311270028988133, 30.101811665317811 ], [ 77.310864481237445, 30.10135909628924 ], [ 77.309133602932675, 30.099989412066332 ], [ 77.309061173474532, 30.099721399516898 ], [ 77.308925870292697, 30.099543026838134 ], [ 77.307697386545712, 30.099038275025482 ], [ 77.307475700318406, 30.098997771543203 ], [ 77.307317866082258, 30.099080861052364 ], [ 77.305406889698986, 30.098096947063901 ], [ 77.311660585724994, 30.093886192458221 ], [ 77.313010103961631, 30.093207372509681 ], [ 77.313341946520239, 30.093123666951037 ], [ 77.315574260680961, 30.091774504430518 ], [ 77.315888609141865, 30.091333169378792 ], [ 77.315862026853054, 30.090721071391659 ], [ 77.315234167317954, 30.090083575864057 ], [ 77.312922351736773, 30.089630824727319 ], [ 77.31160131273694, 30.089614806425597 ], [ 77.307841721634901, 30.089899370189357 ], [ 77.306533763565866, 30.090217075856309 ], [ 77.305279593767679, 30.090991801748203 ], [ 77.305263022256867, 30.090826772541124 ], [ 77.304684696170625, 30.090670119847921 ], [ 77.304129008786234, 30.090747194483317 ], [ 77.303866011703562, 30.090677460291971 ], [ 77.303161858224129, 30.090192989815304 ], [ 77.302149107361373, 30.089730538509649 ], [ 77.301529791650552, 30.089528674166377 ], [ 77.301025006927318, 30.089392874285373 ], [ 77.300317672031554, 30.089099252283543 ], [ 77.30005891683733, 30.088827651155601 ], [ 77.299906208853827, 30.088563389882676 ], [ 77.299694114432313, 30.088042205857835 ], [ 77.299443843014913, 30.087737568852976 ], [ 77.298742750233146, 30.086776915081824 ], [ 77.298718527772664, 30.086666939291277 ], [ 77.298185715525804, 30.086029032906048 ], [ 77.296388601870959, 30.082121165292996 ], [ 77.29575466274143, 30.081855033801784 ], [ 77.295066676028711, 30.081884862107234 ], [ 77.294297483543318, 30.08322190070713 ], [ 77.293574631288465, 30.087881162538661 ], [ 77.293204025133889, 30.088207370106684 ], [ 77.293195541357022, 30.088882705498566 ], [ 77.293153122472731, 30.089213030912717 ], [ 77.293093736034692, 30.089326809410981 ], [ 77.292962237493342, 30.089385533745965 ], [ 77.292784078179253, 30.089521333636998 ], [ 77.292639853972659, 30.089649792821767 ], [ 77.292441545688504, 30.090005807404523 ], [ 77.292428820023233, 30.09022969220727 ], [ 77.292303684314533, 30.09083711481539 ], [ 77.292231572211193, 30.090934375490676 ], [ 77.29207886422769, 30.091068338150908 ], [ 77.29148553008352, 30.091769345276088 ], [ 77.291084671626848, 30.092308860464332 ], [ 77.290800506905953, 30.091983225444643 ], [ 77.290006063290718, 30.093003910225129 ], [ 77.289580272641174, 30.093314865333586 ], [ 77.28863113445621, 30.093338653062812 ], [ 77.287320620902065, 30.093934557688453 ], [ 77.286530071593958, 30.094047228430849 ], [ 77.286419627515627, 30.094116379554922 ], [ 77.285680224440554, 30.095074951259292 ], [ 77.285324226697711, 30.095069245289331 ], [ 77.285300735130761, 30.09512435190015 ], [ 77.284430859930765, 30.09518912109343 ], [ 77.283940951959835, 30.095314545925415 ], [ 77.282719779290019, 30.096460407008738 ], [ 77.282224427167975, 30.096336780476975 ], [ 77.281649244998974, 30.095858584234758 ], [ 77.281051362093635, 30.09479434089814 ], [ 77.280479059512572, 30.094156488645339 ], [ 77.280368137055518, 30.094115577639965 ], [ 77.279486602890941, 30.093306759555492 ], [ 77.279375740824619, 30.093279604803076 ], [ 77.279089613191829, 30.092964114109169 ], [ 77.27825709231719, 30.092512819205787 ], [ 77.276215108603694, 30.090393898755302 ], [ 77.275707518380855, 30.09007911278734 ], [ 77.27543655925696, 30.089605354168651 ], [ 77.275206964558464, 30.089557941171844 ], [ 77.275088665146512, 30.089640865576214 ], [ 77.275082245242984, 30.08999169975154 ], [ 77.274437794387993, 30.090977422190974 ], [ 77.274185603799026, 30.091198349287279 ], [ 77.273901450885901, 30.091343712659103 ], [ 77.273514465007523, 30.091489404661324 ], [ 77.273380137786788, 30.091524228079841 ], [ 77.273072310314902, 30.091683422914397 ], [ 77.272175629620435, 30.092890060487591 ], [ 77.271647612556279, 30.093359496558762 ], [ 77.270313456385466, 30.09400346263379 ], [ 77.270170925109767, 30.093969521948861 ], [ 77.27012320280808, 30.093907765152103 ], [ 77.268015445465721, 30.094946250658854 ], [ 77.2671370396789, 30.094866479544553 ], [ 77.265964374431661, 30.094409298502775 ], [ 77.264982624880858, 30.094206020528574 ], [ 77.264240498585607, 30.094559161906705 ], [ 77.264052128705515, 30.094917445649532 ], [ 77.264133797232986, 30.095536275544319 ], [ 77.265531766778906, 30.096907634989968 ], [ 77.265405596876676, 30.097004333578422 ], [ 77.26538018589342, 30.098503974852363 ], [ 77.263303353767284, 30.099404719384665 ], [ 77.262151804090408, 30.100240641747277 ], [ 77.258930794611629, 30.101874030336223 ], [ 77.258081262432455, 30.103066679226501 ], [ 77.257978726541126, 30.103142662084888 ], [ 77.2578462943587, 30.103249006025496 ] ] ] ] } },
{ "type": "Feature", "properties": { "WARD_NO": 10 }, "geometry": { "type": "MultiPolygon", "coordinates": [ [ [ [ 77.300897445731906, 30.129829796249261 ], [ 77.300961378600817, 30.129813544134123 ], [ 77.301066365339437, 30.129749340667153 ], [ 77.301122570361173, 30.129712652953 ], [ 77.301203166241336, 30.129697060670335 ], [ 77.301264673623564, 30.129709901373875 ], [ 77.301333604310571, 30.12973649996875 ], [ 77.301418442079182, 30.129790614329288 ], [ 77.301444953881841, 30.129814461326209 ], [ 77.30146934474034, 30.129825467630546 ], [ 77.301516005513065, 30.129799786251841 ], [ 77.301595540921127, 30.129753009437817 ], [ 77.30163053650071, 30.129724576461573 ], [ 77.301669773968683, 30.1297264108474 ], [ 77.301723858046174, 30.129760346978738 ], [ 77.301936747821742, 30.129920855549965 ], [ 77.302282991964901, 30.130201515624613 ], [ 77.302404946257283, 30.130127223329563 ], [ 77.302482360721157, 30.130092370134847 ], [ 77.302592649820326, 30.130068523205054 ], [ 77.302688092310007, 30.130074026343195 ], [ 77.302786716216005, 30.130095121703292 ], [ 77.30290018673152, 30.130139146788085 ], [ 77.30306774132454, 30.130243706285775 ], [ 77.303239272687946, 30.13034551411134 ], [ 77.303282752044353, 30.130354685982368 ], [ 77.303356985091867, 30.130394125018046 ], [ 77.303433339083611, 30.13046841711224 ], [ 77.3036369497283, 30.130617918317487 ], [ 77.304133250674639, 30.130232700028078 ], [ 77.305197964670668, 30.129450335399479 ], [ 77.305726079780243, 30.129028424585631 ], [ 77.306396298152222, 30.128635862469963 ], [ 77.307019590633445, 30.128271732196207 ], [ 77.307431584047237, 30.128044264744183 ], [ 77.307493091429507, 30.127991983844463 ], [ 77.307616106193962, 30.127881918701892 ], [ 77.307794265508036, 30.127684718347922 ], [ 77.308063360305368, 30.127352687094607 ], [ 77.308163840037565, 30.12725637947797 ], [ 77.30831018518839, 30.127151816816404 ], [ 77.308431079008685, 30.127083025531281 ], [ 77.308701234278061, 30.126948194473403 ], [ 77.308686917904595, 30.126876651388351 ], [ 77.308663057282203, 30.126723475634488 ], [ 77.308653513033207, 30.12630889096495 ], [ 77.308643968784239, 30.12583468468425 ], [ 77.308627001230505, 30.125299021465406 ], [ 77.308614275565191, 30.125193539495942 ], [ 77.308592005650951, 30.12512749855334 ], [ 77.308581400929882, 30.125066043747648 ], [ 77.30850716788234, 30.12478170011892 ], [ 77.30846474899802, 30.124607424586927 ], [ 77.308449902388546, 30.124533586702967 ], [ 77.308018290240739, 30.124568441860038 ], [ 77.307874066034103, 30.124592290118308 ], [ 77.307673636805774, 30.124601462523788 ], [ 77.307563347706591, 30.124609717688024 ], [ 77.307418063027839, 30.124603297004793 ], [ 77.307268801578687, 30.124605131485751 ], [ 77.30712563784418, 30.124592290118308 ], [ 77.307064130461939, 30.124574862545519 ], [ 77.306871389656379, 30.124527166014772 ], [ 77.306688988453885, 30.124474883252688 ], [ 77.305792889522948, 30.124190537921621 ], [ 77.305466264113818, 30.124153848141837 ], [ 77.305165090035246, 30.124153848141837 ], [ 77.304732417415352, 30.124201544852887 ], [ 77.304401550117788, 30.124256579490865 ], [ 77.30417673003096, 30.124326289988272 ], [ 77.303527721101133, 30.124377655586446 ], [ 77.30322230513417, 30.124382241799285 ], [ 77.302684115539549, 30.124413428040832 ], [ 77.302408392791605, 30.124453786691724 ], [ 77.302134790987822, 30.124479469460987 ], [ 77.301728099934564, 30.124494145326178 ], [ 77.301507521736198, 30.124503317740768 ], [ 77.30129542731467, 30.124512490154526 ], [ 77.30108757478159, 30.124510655671831 ], [ 77.300749284179261, 30.124508821189135 ], [ 77.300365393276323, 30.124420765978581 ], [ 77.300006953703956, 30.12431620031407 ], [ 77.299695174904343, 30.12421897249158 ], [ 77.299352112177516, 30.124119910083412 ], [ 77.299046696210539, 30.123993330194992 ], [ 77.298747643076211, 30.123912612500281 ], [ 77.29830489597127, 30.123778694361249 ], [ 77.298109769103476, 30.123708983477265 ], [ 77.297921005068332, 30.123633769047224 ], [ 77.297552491010961, 30.123476002007909 ], [ 77.297342517533636, 30.123378773358112 ], [ 77.296829779269657, 30.123092590361701 ], [ 77.296636773346066, 30.122945829528959 ], [ 77.296401348538197, 30.122751371089635 ], [ 77.296102825639892, 30.122531228998096 ], [ 77.295933150102684, 30.122325762603211 ], [ 77.2957846840076, 30.122125799362003 ], [ 77.295469193555618, 30.121729540733678 ], [ 77.295242252524588, 30.121492885516719 ], [ 77.295074697931582, 30.121329611431783 ], [ 77.29493471561338, 30.121195689789822 ], [ 77.294729514260553, 30.121017738833906 ], [ 77.294520100147452, 30.12079217597033 ], [ 77.293924615930919, 30.12048571859971 ], [ 77.293508910864745, 30.120271075142085 ], [ 77.293076768480915, 30.11997754487221 ], [ 77.292739538350688, 30.119693186591352 ], [ 77.292313758799509, 30.11915382089316 ], [ 77.292101664377967, 30.118834603072045 ], [ 77.291957440171331, 30.118449338810446 ], [ 77.291775038968851, 30.117931981580867 ], [ 77.291420841284946, 30.116976147797892 ], [ 77.291274496134079, 30.116548679792206 ], [ 77.290959005682083, 30.115506604112465 ], [ 77.29093249387941, 30.115367170617194 ], [ 77.289888989325533, 30.115888210566773 ], [ 77.287352435902633, 30.117160639249782 ], [ 77.287586297346692, 30.117444061789797 ], [ 77.287662583700111, 30.117658250803434 ], [ 77.28769009681119, 30.117857294722928 ], [ 77.287782640912027, 30.118731352403827 ], [ 77.287895194548213, 30.119720066743724 ], [ 77.288085285133747, 30.120723915378026 ], [ 77.288336342272217, 30.120777460896772 ], [ 77.288433888756927, 30.120825597752461 ], [ 77.288533311135552, 30.120889419614834 ], [ 77.288755291918008, 30.121010572867288 ], [ 77.288872847938009, 30.121062495644235 ], [ 77.289012914685259, 30.12117715834669 ], [ 77.289277415730297, 30.121417300556242 ], [ 77.289535038497561, 30.121644461568369 ], [ 77.289635086174144, 30.121715854921415 ], [ 77.2897451386184, 30.121767777327548 ], [ 77.28988020298182, 30.121824026570089 ], [ 77.290010264961396, 30.121895419793304 ], [ 77.290227868658022, 30.122042532939012 ], [ 77.290362933021413, 30.122174501897966 ], [ 77.29068058439465, 30.122429785613058 ], [ 77.290908192858922, 30.122581224793205 ], [ 77.291180822777676, 30.122799729486704 ], [ 77.291458455080246, 30.123009580073838 ], [ 77.29174859334239, 30.123217266813761 ], [ 77.291908669624959, 30.123310293024367 ], [ 77.292436707412662, 30.123812022001822 ], [ 77.292651412150619, 30.124064257891604 ], [ 77.293444401460818, 30.125103734697703 ], [ 77.294015771647807, 30.125635440191566 ], [ 77.294529918751934, 30.126144305343608 ], [ 77.294667484307283, 30.126213532107734 ], [ 77.294725272372418, 30.126193320591966 ], [ 77.294757086535654, 30.126202492848719 ], [ 77.294797384475757, 30.126239181867287 ], [ 77.294899189798087, 30.126323566558227 ], [ 77.295117647052251, 30.12653269352494 ], [ 77.295471314500134, 30.126798687711048 ], [ 77.29561553870677, 30.126897747431695 ], [ 77.295736432527022, 30.126974793812376 ], [ 77.296002080789975, 30.12711054205112 ], [ 77.29678046731695, 30.12758199056567 ], [ 77.299074268485654, 30.128789035256904 ], [ 77.300540901410471, 30.129592500593677 ], [ 77.300740270166713, 30.129682385578558 ], [ 77.300804958965273, 30.1297264108474 ], [ 77.300859043042763, 30.129768601711643 ], [ 77.300897445731906, 30.129829796249261 ] ] ] ] } },
{ "type": "Feature", "properties": { "WARD_NO": 11 }, "geometry": { "type": "MultiPolygon", "coordinates": [ [ [ [ 77.30253476321792, 30.140395322890136 ], [ 77.303269314728652, 30.14159256355941 ], [ 77.30340908355781, 30.141531687265736 ], [ 77.303586600172892, 30.141823716680303 ], [ 77.305626390542614, 30.140873990967407 ], [ 77.306229455295963, 30.141948997916501 ], [ 77.306560003475809, 30.141806071423012 ], [ 77.307234872676304, 30.14151492422177 ], [ 77.307404227607933, 30.141451401081884 ], [ 77.307919943981119, 30.141329648282813 ], [ 77.308193360376791, 30.14127318316557 ], [ 77.308683061383974, 30.141174369132671 ], [ 77.308748354851602, 30.141169075520967 ], [ 77.308896285364213, 30.141131137962152 ], [ 77.311274395880261, 30.144791604059389 ], [ 77.311817657935066, 30.144475762976608 ], [ 77.312168610323525, 30.144872769760934 ], [ 77.312376733251568, 30.144166978817704 ], [ 77.313439657687937, 30.144705494394071 ], [ 77.313889481279105, 30.144428764520644 ], [ 77.314527336841394, 30.145485039314419 ], [ 77.316673859589457, 30.144320488777506 ], [ 77.318149083873521, 30.145943797873052 ], [ 77.318384664743263, 30.146223257085644 ], [ 77.324210234447861, 30.138822539742495 ], [ 77.32411844265684, 30.138573012696249 ], [ 77.323954081229331, 30.138259310647129 ], [ 77.323902884098416, 30.138028343414891 ], [ 77.323861587971066, 30.137782875545543 ], [ 77.32383463602811, 30.137460935100826 ], [ 77.323827670523499, 30.137342812958078 ], [ 77.323503148218535, 30.136784102958462 ], [ 77.324278508146534, 30.13667116748989 ], [ 77.324751885786782, 30.136512351768566 ], [ 77.326509708360433, 30.135721798598055 ], [ 77.326889226640986, 30.135495925100543 ], [ 77.327150400511499, 30.135245346084453 ], [ 77.327990033696693, 30.134285375516189 ], [ 77.329123487486186, 30.132951283267392 ], [ 77.330685429656981, 30.131070111972505 ], [ 77.33184336849682, 30.129658327604069 ], [ 77.3315005777918, 30.129365379818289 ], [ 77.331337344122758, 30.129284201362388 ], [ 77.331194514662329, 30.129030077068901 ], [ 77.331153706245075, 30.128652418924315 ], [ 77.331182272137156, 30.127148831051564 ], [ 77.331259808129957, 30.126160544860877 ], [ 77.33124756560477, 30.125701694338318 ], [ 77.330945583317018, 30.125624042500455 ], [ 77.329923947626298, 30.125478529239373 ], [ 77.329253054211009, 30.125366379146442 ], [ 77.327940043385524, 30.125239312039348 ], [ 77.327344557701551, 30.125157150684441 ], [ 77.326891267061853, 30.125144011601733 ], [ 77.325745570747159, 30.125034592467323 ], [ 77.325096716912668, 30.124928702866967 ], [ 77.324684551898272, 30.124798105536808 ], [ 77.322972638794084, 30.124219239615449 ], [ 77.322287057384074, 30.123940394454468 ], [ 77.321862649844533, 30.123746261282523 ], [ 77.321316837263623, 30.123375642348986 ], [ 77.320757761947092, 30.123128562287164 ], [ 77.320247656731311, 30.122881481607141 ], [ 77.319334568394993, 30.122440264569416 ], [ 77.318881594963372, 30.122186122660917 ], [ 77.318542885100101, 30.122066110976764 ], [ 77.318302115438229, 30.12203081339484 ], [ 77.316871780413152, 30.122242598697092 ], [ 77.315341464765766, 30.122493210718019 ], [ 77.314486528424069, 30.122683816618007 ], [ 77.312907242675962, 30.123160329758335 ], [ 77.311130036104146, 30.123693315805745 ], [ 77.309922106953124, 30.124078052290578 ], [ 77.309074312084448, 30.124339248682872 ], [ 77.308711117170802, 30.124469846619906 ], [ 77.308449902388546, 30.124533586702967 ], [ 77.30846474899802, 30.124607424586927 ], [ 77.30850716788234, 30.12478170011892 ], [ 77.308581400929882, 30.125066043747648 ], [ 77.308592005650951, 30.12512749855334 ], [ 77.308614275565191, 30.125193539495942 ], [ 77.308627001230505, 30.125299021465406 ], [ 77.308643968784239, 30.12583468468425 ], [ 77.308653513033207, 30.12630889096495 ], [ 77.308663057282203, 30.126723475634488 ], [ 77.308686917904595, 30.126876651388351 ], [ 77.308701234278061, 30.126948194473403 ], [ 77.308431079008685, 30.127083025531281 ], [ 77.30831018518839, 30.127151816816404 ], [ 77.308163840037565, 30.12725637947797 ], [ 77.308063360305368, 30.127352687094607 ], [ 77.307794265508036, 30.127684718347922 ], [ 77.307616106193962, 30.127881918701892 ], [ 77.307493091429507, 30.127991983844463 ], [ 77.307431584047237, 30.128044264744183 ], [ 77.307019590633445, 30.128271732196207 ], [ 77.306396298152222, 30.128635862469963 ], [ 77.305726079780243, 30.129028424585631 ], [ 77.305197964670668, 30.129450335399479 ], [ 77.304133250674639, 30.130232700028078 ], [ 77.3036369497283, 30.130617918317487 ], [ 77.303433339083611, 30.13046841711224 ], [ 77.303356985091867, 30.130394125018046 ], [ 77.303282752044353, 30.130354685982368 ], [ 77.303239272687946, 30.13034551411134 ], [ 77.30306774132454, 30.130243706285775 ], [ 77.30290018673152, 30.130139146788085 ], [ 77.302786716216005, 30.130095121703292 ], [ 77.302688092310007, 30.130074026343195 ], [ 77.302592649820326, 30.130068523205054 ], [ 77.302482360721157, 30.130092370134847 ], [ 77.302404946257283, 30.130127223329563 ], [ 77.302282991964901, 30.130201515624613 ], [ 77.301936747821742, 30.129920855549965 ], [ 77.301723858046174, 30.129760346978738 ], [ 77.301669773968683, 30.1297264108474 ], [ 77.30163053650071, 30.129724576461573 ], [ 77.301595540921127, 30.129753009437817 ], [ 77.301516005513065, 30.129799786251841 ], [ 77.30146934474034, 30.129825467630546 ], [ 77.301444953881841, 30.129814461326209 ], [ 77.301418442079182, 30.129790614329288 ], [ 77.301333604310571, 30.12973649996875 ], [ 77.301264673623564, 30.129709901373875 ], [ 77.301203166241336, 30.129697060670335 ], [ 77.301122570361173, 30.129712652953 ], [ 77.301066365339437, 30.129749340667153 ], [ 77.300961378600817, 30.129813544134123 ], [ 77.300897445731906, 30.129829796249261 ], [ 77.300843135961159, 30.12987407879335 ], [ 77.30070368387895, 30.130003402713605 ], [ 77.300587031947146, 30.130117134248167 ], [ 77.300421598298357, 30.130296903180742 ], [ 77.300077475099442, 30.130702069969967 ], [ 77.300124135872196, 30.130737610837063 ], [ 77.299761454411396, 30.131098980475354 ], [ 77.29991734381116, 30.131234723043384 ], [ 77.300181931601955, 30.131442922430324 ], [ 77.300291160229051, 30.131536474434753 ], [ 77.300328276752808, 30.13148786409058 ], [ 77.300404630744552, 30.131548397723094 ], [ 77.300665241765003, 30.13171532360824 ], [ 77.300744777173065, 30.131769436884071 ], [ 77.300844461551193, 30.131848313809257 ], [ 77.301012811498254, 30.131950119979997 ], [ 77.301108253987934, 30.132001481611855 ], [ 77.301205817421845, 30.132054677559548 ], [ 77.301302320383613, 30.132106039137014 ], [ 77.301495061189144, 30.132222519758315 ], [ 77.301573536125133, 30.132279384263651 ], [ 77.301650950589007, 30.132328911386825 ], [ 77.301726244108636, 30.132385775830862 ], [ 77.301884254452659, 30.13252885396458 ], [ 77.301989241191322, 30.132647168418497 ], [ 77.302112255955805, 30.132757228248295 ], [ 77.30282701415635, 30.133374478186539 ], [ 77.303367854931238, 30.133812879215881 ], [ 77.303723643323323, 30.134146723045276 ], [ 77.304520588112226, 30.134819910190171 ], [ 77.305166945861814, 30.135351853188034 ], [ 77.306180226960691, 30.13623597279387 ], [ 77.306875366427192, 30.136791753471122 ], [ 77.307436886408169, 30.137292962239581 ], [ 77.307523314884946, 30.13739017718629 ], [ 77.307344095098728, 30.137553424711598 ], [ 77.306483521983395, 30.138226588620686 ], [ 77.30583292234536, 30.138730999984602 ], [ 77.30554023204364, 30.138952940167975 ], [ 77.30531965384526, 30.139075832451475 ], [ 77.305084229037362, 30.139173045641964 ], [ 77.304604895644772, 30.139424332124651 ], [ 77.304335535729422, 30.139552726430843 ], [ 77.303720992143056, 30.139824188128223 ], [ 77.30253476321792, 30.140395322890136 ] ] ] ] } },
{ "type": "Feature", "properties": { "WARD_NO": 6 }, "geometry": { "type": "MultiPolygon", "coordinates": [ [ [ [ 77.296378746079256, 30.144595555891975 ], [ 77.298058717475726, 30.146942913697863 ], [ 77.297484339002779, 30.147275508950624 ], [ 77.298155637466778, 30.148224766687896 ], [ 77.298664722472097, 30.14894993698336 ], [ 77.298422932599777, 30.149110497082219 ], [ 77.298659621419944, 30.149446613805633 ], [ 77.298622893844367, 30.149503074245242 ], [ 77.298529034484659, 30.149653047131046 ], [ 77.298491286698706, 30.149706860875654 ], [ 77.2984484378606, 30.14976684993341 ], [ 77.298360699763464, 30.149820663615923 ], [ 77.298150791467165, 30.149997983903084 ], [ 77.298058972528338, 30.150071205620215 ], [ 77.297960012116448, 30.1501470738481 ], [ 77.297852890021147, 30.150227352955906 ], [ 77.297790657184819, 30.150273226702467 ], [ 77.297802899710007, 30.150292634819614 ], [ 77.297910531910532, 30.150371149436275 ], [ 77.298053361370933, 30.150528178482126 ], [ 77.29806560389612, 30.150544939994738 ], [ 77.29806254326482, 30.150566112427619 ], [ 77.298058462423086, 30.150587284855987 ], [ 77.298056422002233, 30.150613750385016 ], [ 77.298066624106539, 30.150691823654363 ], [ 77.298070194843064, 30.150711672780787 ], [ 77.298056932107443, 30.15072711098744 ], [ 77.298039078424878, 30.150738579367975 ], [ 77.29801561358498, 30.150748724472738 ], [ 77.297992148745053, 30.150758428484984 ], [ 77.297818840497982, 30.150843559097087 ], [ 77.29779537565804, 30.150854586373065 ], [ 77.297769870397275, 30.150873553284882 ], [ 77.29776680976596, 30.150883257284846 ], [ 77.297767829976337, 30.150894725647237 ], [ 77.298061140475426, 30.151426679760078 ], [ 77.298141737099513, 30.15155635968101 ], [ 77.298135615836912, 30.151574885370081 ], [ 77.298116231838719, 30.151596939757304 ], [ 77.298109090365713, 30.151629580241316 ], [ 77.298105009523979, 30.151658692015257 ], [ 77.29813357541606, 30.151693096827952 ], [ 77.298344758975418, 30.151934812352966 ], [ 77.298561043586915, 30.152171234264298 ], [ 77.298793141460109, 30.152414712953785 ], [ 77.29887475829463, 30.152515280063177 ], [ 77.298972698496058, 30.152659955374002 ], [ 77.299095123747847, 30.152838152721312 ], [ 77.299213468157902, 30.153003999468137 ], [ 77.29930732751761, 30.153122209213201 ], [ 77.299619511909697, 30.153397443294566 ], [ 77.299833756100341, 30.153586225201167 ], [ 77.300260204060763, 30.153970845163833 ], [ 77.300596363397958, 30.154288420149246 ], [ 77.300957517890751, 30.154560122380641 ], [ 77.300935073261272, 30.15459540832979 ], [ 77.300596363397972, 30.154733023410881 ], [ 77.300316825739714, 30.154854759668702 ], [ 77.30005157102751, 30.15496061716205 ], [ 77.299362418880946, 30.155278188960377 ], [ 77.298469224648045, 30.155613402526967 ], [ 77.298595730741567, 30.155848051345622 ], [ 77.298018291637291, 30.156086228146989 ], [ 77.298089706367506, 30.156223841147789 ], [ 77.298150408888176, 30.156352632628437 ], [ 77.298223864039258, 30.156499066573335 ], [ 77.298309561715499, 30.15669489958151 ], [ 77.29838301686658, 30.156920724549558 ], [ 77.298531967589568, 30.157296510264167 ], [ 77.298691120416933, 30.157688172724384 ], [ 77.298731928834201, 30.157799319895965 ], [ 77.298799262722667, 30.157921052368703 ], [ 77.29890740502843, 30.158138053360403 ], [ 77.299011466492431, 30.158288013116334 ], [ 77.299150215111126, 30.158501484846074 ], [ 77.299346095514025, 30.158692021206253 ], [ 77.299586865175854, 30.159002524115461 ], [ 77.299764381790951, 30.159226579584693 ], [ 77.299986787665048, 30.159521202930751 ], [ 77.299680724535577, 30.159754078246035 ], [ 77.299042413715128, 30.160197907786916 ], [ 77.299007895755921, 30.160152787736212 ], [ 77.298656943367448, 30.160456229276647 ], [ 77.298385567392629, 30.160667932123911 ], [ 77.298010129953809, 30.160937852594916 ], [ 77.29758572241424, 30.160819652218162 ], [ 77.297555626206517, 30.160842586630686 ], [ 77.297374538854896, 30.161265990211589 ], [ 77.297207224344106, 30.161641759366738 ], [ 77.29703269114836, 30.162137658352538 ], [ 77.29681546353838, 30.162673794044519 ], [ 77.296725685020405, 30.162904897765426 ], [ 77.296602239558155, 30.163105128413847 ], [ 77.297952249656049, 30.164757022061742 ], [ 77.298188224576791, 30.164647979847352 ], [ 77.298535890253007, 30.164490117730139 ], [ 77.299130548630785, 30.164202505277675 ], [ 77.2994156845091, 30.164070592518819 ], [ 77.299635789397655, 30.163919217004267 ], [ 77.299812748725628, 30.163815416517092 ], [ 77.299960319048608, 30.163648903007331 ], [ 77.300115392947319, 30.163504014399866 ], [ 77.300262963270342, 30.163324525232643 ], [ 77.300667531062587, 30.162872557087081 ], [ 77.300825106153212, 30.162686579162344 ], [ 77.301242805203046, 30.162236770638177 ], [ 77.301342852879642, 30.162156756406869 ], [ 77.301545449424779, 30.162072417011682 ], [ 77.308121942753715, 30.158560644373157 ], [ 77.308406765982994, 30.15839087804347 ], [ 77.30858810239684, 30.158255713559271 ], [ 77.308713161992571, 30.158174614779803 ], [ 77.308981727474418, 30.157958351041838 ], [ 77.309144304948873, 30.157818860679239 ], [ 77.309269364544619, 30.157719379059799 ], [ 77.309355655665698, 30.15763179189873 ], [ 77.309526674662862, 30.15745229204159 ], [ 77.309728020611985, 30.157225213440938 ], [ 77.310139779330967, 30.156705093342339 ], [ 77.311620484944527, 30.154801927810805 ], [ 77.314345533535743, 30.151354509459996 ], [ 77.318384664743263, 30.146223257085644 ], [ 77.318149083873521, 30.145943797873052 ], [ 77.316673859589457, 30.144320488777506 ], [ 77.314527336841394, 30.145485039314419 ], [ 77.313889481279105, 30.144428764520644 ], [ 77.313439657687937, 30.144705494394071 ], [ 77.312376733251568, 30.144166978817704 ], [ 77.312168610323525, 30.144872769760934 ], [ 77.311817657935066, 30.144475762976608 ], [ 77.311274395880261, 30.144791604059389 ], [ 77.308896285364213, 30.141131137962152 ], [ 77.308748354851602, 30.141169075520967 ], [ 77.308683061383974, 30.141174369132671 ], [ 77.308193360376791, 30.14127318316557 ], [ 77.307919943981119, 30.141329648282813 ], [ 77.307404227607933, 30.141451401081884 ], [ 77.307234872676304, 30.14151492422177 ], [ 77.306560003475809, 30.141806071423012 ], [ 77.306229455295963, 30.141948997916501 ], [ 77.305626390542614, 30.140873990967407 ], [ 77.303586600172892, 30.141823716680303 ], [ 77.30340908355781, 30.141531687265736 ], [ 77.303269314728652, 30.14159256355941 ], [ 77.30253476321792, 30.140395322890139 ], [ 77.302199214668619, 30.140576206498263 ], [ 77.301677992627731, 30.140823821048841 ], [ 77.301264408505773, 30.1410109071861 ], [ 77.300852945328032, 30.141210832175997 ], [ 77.300483901034596, 30.141397917579539 ], [ 77.300758563310453, 30.141777589808065 ], [ 77.301054965264612, 30.142186607047684 ], [ 77.30102315110139, 30.142203114434306 ], [ 77.300293546291329, 30.142729515204284 ], [ 77.300179015303684, 30.142807466299118 ], [ 77.29999237221277, 30.142892753897009 ], [ 77.299944650967902, 30.142857905210004 ], [ 77.299872803982623, 30.142883583191118 ], [ 77.299691463252216, 30.142945026904457 ], [ 77.299378623980502, 30.143041319214078 ], [ 77.299068966125063, 30.143147699180226 ], [ 77.298519641573336, 30.143367795297731 ], [ 77.298021749918817, 30.143611734587708 ], [ 77.297646342792717, 30.143818990803815 ], [ 77.297076339034874, 30.144134459606803 ], [ 77.296378746079256, 30.144595555891975 ] ] ] ] } },
{ "type": "Feature", "properties": { "WARD_NO": 7 }, "geometry": { "type": "MultiPolygon", "coordinates": [ [ [ [ 77.293871592325701, 30.145928210720101 ], [ 77.293487154531689, 30.146133917381103 ], [ 77.292936240898626, 30.146444459826974 ], [ 77.292083344977797, 30.146864396352548 ], [ 77.290816243621762, 30.147566639153371 ], [ 77.290453048708073, 30.14771837940334 ], [ 77.290065368744081, 30.147859532914662 ], [ 77.28857994235571, 30.148374741517099 ], [ 77.287642368969003, 30.148672926088505 ], [ 77.287507701192027, 30.148718800557948 ], [ 77.287358750469039, 30.148785847821085 ], [ 77.287271012371917, 30.148822900236414 ], [ 77.287134304174074, 30.148937586195665 ], [ 77.28705880860214, 30.149052272021581 ], [ 77.286987393871911, 30.149170486502605 ], [ 77.28693434292947, 30.149315166719397 ], [ 77.286883957784482, 30.149446522096447 ], [ 77.28687718620057, 30.149618703593468 ], [ 77.286870616073401, 30.150010611787309 ], [ 77.286877721250505, 30.150548468733817 ], [ 77.286874150513995, 30.151684716169516 ], [ 77.286863948409703, 30.151718238798818 ], [ 77.286825180413274, 30.151739410979857 ], [ 77.285500947273064, 30.151698830962204 ], [ 77.285437694226303, 30.151670601374839 ], [ 77.285046953630996, 30.151345960539498 ], [ 77.284926568800088, 30.151285972442086 ], [ 77.284641419984411, 30.151067192012981 ], [ 77.284182835395427, 30.150754899753352 ], [ 77.28368905354651, 30.150403790325903 ], [ 77.28346052640984, 30.150280284200036 ], [ 77.283219756747997, 30.150193829819923 ], [ 77.283054482658059, 30.150169128554509 ], [ 77.282883087305549, 30.150156777919509 ], [ 77.282654560168879, 30.150176186059557 ], [ 77.282434194715648, 30.150246761082034 ], [ 77.281949594760647, 30.150479658297989 ], [ 77.281168113570033, 30.150876640921314 ], [ 77.280584829792602, 30.151192811838786 ], [ 77.286109578009331, 30.155583338500364 ], [ 77.286179611382963, 30.155650381924517 ], [ 77.28619086674658, 30.155675252860576 ], [ 77.286219005155615, 30.155736889501181 ], [ 77.286287787933276, 30.155942344691702 ], [ 77.28662294764986, 30.156916629004357 ], [ 77.288037371677717, 30.160942883896098 ], [ 77.288335638813535, 30.160853677666118 ], [ 77.289873871841166, 30.16044765313913 ], [ 77.289956411174359, 30.16076987780081 ], [ 77.290011124747494, 30.160948290331699 ], [ 77.290066150969622, 30.161035874546894 ], [ 77.290101167656402, 30.161067231839606 ], [ 77.290033635474728, 30.161113727117325 ], [ 77.290023630707054, 30.161131027680153 ], [ 77.290116174807935, 30.161229424573676 ], [ 77.2908834154278, 30.161988483023034 ], [ 77.291609386381097, 30.162729154081795 ], [ 77.291955801461285, 30.163068130878216 ], [ 77.291867009148319, 30.163111922054011 ], [ 77.29152934823982, 30.163253567452323 ], [ 77.291448059502599, 30.163278436470708 ], [ 77.291823238289808, 30.163822309521663 ], [ 77.292684898904469, 30.165195494529698 ], [ 77.293649108387626, 30.166790311377657 ], [ 77.292505451188603, 30.167342391432712 ], [ 77.292519193908078, 30.167347118296203 ], [ 77.296174881182779, 30.1655783305021 ], [ 77.297952249656049, 30.164757022061742 ], [ 77.296602239558155, 30.163105128413847 ], [ 77.296725685020405, 30.162904897765426 ], [ 77.29681546353838, 30.162673794044519 ], [ 77.29703269114836, 30.162137658352538 ], [ 77.297207224344106, 30.161641759366738 ], [ 77.297374538854896, 30.161265990211589 ], [ 77.297555626206517, 30.160842586630686 ], [ 77.29758572241424, 30.160819652218162 ], [ 77.298010129953809, 30.160937852594916 ], [ 77.298385567392629, 30.160667932123911 ], [ 77.298656943367448, 30.160456229276647 ], [ 77.299007895755921, 30.160152787736212 ], [ 77.299042413715128, 30.160197907786916 ], [ 77.299680724535577, 30.159754078246035 ], [ 77.299986787665048, 30.159521202930751 ], [ 77.299764381790951, 30.159226579584693 ], [ 77.299586865175854, 30.159002524115461 ], [ 77.299346095514025, 30.158692021206253 ], [ 77.299150215111126, 30.158501484846074 ], [ 77.299011466492431, 30.158288013116334 ], [ 77.29890740502843, 30.158138053360403 ], [ 77.298799262722667, 30.157921052368703 ], [ 77.298731928834201, 30.157799319895965 ], [ 77.298691120416933, 30.157688172724384 ], [ 77.298531967589568, 30.157296510264167 ], [ 77.29838301686658, 30.156920724549558 ], [ 77.298309561715499, 30.15669489958151 ], [ 77.298223864039258, 30.156499066573335 ], [ 77.298150408888176, 30.156352632628437 ], [ 77.298089706367506, 30.156223841147789 ], [ 77.298018291637291, 30.156086228146989 ], [ 77.298595730741567, 30.155848051345622 ], [ 77.298469224648045, 30.155613402526967 ], [ 77.299362418880946, 30.155278188960377 ], [ 77.30005157102751, 30.15496061716205 ], [ 77.300316825739714, 30.154854759668702 ], [ 77.300596363397972, 30.154733023410881 ], [ 77.300935073261272, 30.15459540832979 ], [ 77.300957517890751, 30.154560122380641 ], [ 77.300596363397958, 30.154288420149246 ], [ 77.300260204060763, 30.153970845163833 ], [ 77.299833756100341, 30.153586225201167 ], [ 77.299619511909697, 30.153397443294566 ], [ 77.29930732751761, 30.153122209213201 ], [ 77.299213468157902, 30.153003999468137 ], [ 77.299095123747847, 30.152838152721312 ], [ 77.298972698496058, 30.152659955374002 ], [ 77.29887475829463, 30.152515280063177 ], [ 77.298793141460109, 30.152414712953785 ], [ 77.298561043586915, 30.152171234264298 ], [ 77.298344758975418, 30.151934812352966 ], [ 77.29813357541606, 30.151693096827952 ], [ 77.298105009523979, 30.151658692015257 ], [ 77.298109090365713, 30.151629580241316 ], [ 77.298116231838719, 30.151596939757304 ], [ 77.298135615836912, 30.151574885370081 ], [ 77.298141737099513, 30.15155635968101 ], [ 77.298061140475426, 30.151426679760078 ], [ 77.297767829976337, 30.150894725647237 ], [ 77.29776680976596, 30.150883257284846 ], [ 77.297769870397275, 30.150873553284882 ], [ 77.29779537565804, 30.150854586373065 ], [ 77.297818840497982, 30.150843559097087 ], [ 77.297992148745053, 30.150758428484984 ], [ 77.29801561358498, 30.150748724472738 ], [ 77.298039078424878, 30.150738579367975 ], [ 77.298056932107443, 30.15072711098744 ], [ 77.298070194843064, 30.150711672780787 ], [ 77.298066624106539, 30.150691823654363 ], [ 77.298056422002233, 30.150613750385016 ], [ 77.298058462423086, 30.150587284855987 ], [ 77.29806254326482, 30.150566112427619 ], [ 77.29806560389612, 30.150544939994738 ], [ 77.298053361370933, 30.150528178482126 ], [ 77.297910531910532, 30.150371149436275 ], [ 77.297802899710007, 30.150292634819614 ], [ 77.297790657184819, 30.150273226702467 ], [ 77.297852890021147, 30.150227352955906 ], [ 77.297960012116448, 30.1501470738481 ], [ 77.298058972528338, 30.150071205620215 ], [ 77.298150791467165, 30.149997983903084 ], [ 77.298360699763464, 30.149820663615923 ], [ 77.2984484378606, 30.14976684993341 ], [ 77.298491286698706, 30.149706860875654 ], [ 77.298529034484659, 30.149653047131046 ], [ 77.298622893844367, 30.149503074245242 ], [ 77.298659621419944, 30.149446613805633 ], [ 77.298422932599777, 30.149110497082219 ], [ 77.298664722472097, 30.14894993698336 ], [ 77.298155637466778, 30.148224766687896 ], [ 77.297484339002779, 30.147275508950624 ], [ 77.298058717475726, 30.146942913697863 ], [ 77.296378746079256, 30.144595555891975 ], [ 77.296374306499644, 30.144598490373539 ], [ 77.293871592325701, 30.145928210720101 ] ] ] ] } },
{ "type": "Feature", "properties": { "WARD_NO": 14 }, "geometry": { "type": "MultiPolygon", "coordinates": [ [ [ [ 77.29093249387941, 30.115367170617194 ], [ 77.290560665924502, 30.114711025092667 ], [ 77.290099673319816, 30.114376234763213 ], [ 77.289607931891766, 30.114086771683002 ], [ 77.289224842874702, 30.113894384166585 ], [ 77.288959588162456, 30.113739061861647 ], [ 77.288684131345946, 30.113594329494038 ], [ 77.288372457059083, 30.113469012272727 ], [ 77.287887346998829, 30.113206022094278 ], [ 77.287387443887354, 30.112967741797846 ], [ 77.287152795488083, 30.112854779086128 ], [ 77.287050774444921, 30.11279123750403 ], [ 77.286985480977293, 30.112697690100433 ], [ 77.28667380669043, 30.112524715422733 ], [ 77.28602954380284, 30.112196415711711 ], [ 77.285764289090636, 30.112092277403423 ], [ 77.285146551674288, 30.111880470336011 ], [ 77.28467776498097, 30.111719849673815 ], [ 77.284514531311913, 30.111682783330071 ], [ 77.284192144815506, 30.111633361516784 ], [ 77.283837111585314, 30.111633361516784 ], [ 77.283419335413555, 30.111605120469502 ], [ 77.283084706392003, 30.111596295140576 ], [ 77.282915351460332, 30.111601590338026 ], [ 77.282642445169884, 30.111656307361717 ], [ 77.282399635087145, 30.111725144864653 ], [ 77.281731397254447, 30.111951072742297 ], [ 77.281560001901951, 30.111996964279303 ], [ 77.281349838553027, 30.112021675098084 ], [ 77.280938183643869, 30.112023440156346 ], [ 77.280750464924466, 30.112023440156346 ], [ 77.280519897366901, 30.11200402451388 ], [ 77.280297491492817, 30.111974018513454 ], [ 77.279973574680753, 30.111954602861264 ], [ 77.279734845439791, 30.111954602861264 ], [ 77.279131390969468, 30.112009319689466 ], [ 77.278904904253636, 30.112034030505164 ], [ 77.278539668919151, 30.112053446141733 ], [ 77.277634232161091, 30.112069331659736 ], [ 77.277147081679985, 30.112095807517381 ], [ 77.276902231176393, 30.112095807517381 ], [ 77.276610450992948, 30.112118753254926 ], [ 77.276359479226755, 30.112138168874843 ], [ 77.276143194615273, 30.112207006042013 ], [ 77.275914667478602, 30.112289963589969 ], [ 77.275914667478645, 30.11247176393023 ], [ 77.275891202638704, 30.113037460907037 ], [ 77.275268874275412, 30.113064819025023 ], [ 77.275261732802392, 30.113245735421145 ], [ 77.275234187120731, 30.11342047386966 ], [ 77.275161752180097, 30.113686993534298 ], [ 77.275109976500673, 30.113900561753212 ], [ 77.275068147873, 30.114026760938295 ], [ 77.275024278824446, 30.114126484655806 ], [ 77.27492225778127, 30.114355937074865 ], [ 77.274861045155376, 30.114491843256367 ], [ 77.274781468741722, 30.114685994619883 ], [ 77.274697811486377, 30.114872203069083 ], [ 77.274834519684191, 30.114875733083707 ], [ 77.275031930402719, 30.114903973195993 ], [ 77.275129870604161, 30.114949863361268 ], [ 77.275225770384736, 30.115006343535384 ], [ 77.27542981247106, 30.115080473714933 ], [ 77.276441861219226, 30.115361108890678 ], [ 77.276387279961099, 30.116458049428559 ], [ 77.273772990730109, 30.11643245722977 ], [ 77.273387096134343, 30.116429368515686 ], [ 77.272955547121782, 30.11640907124924 ], [ 77.272830953922821, 30.116383920282836 ], [ 77.272701387197998, 30.116370241684404 ], [ 77.272609568259142, 30.116370682929546 ], [ 77.272460617536154, 30.116403776309486 ], [ 77.27243919311708, 30.116402011329491 ], [ 77.272435112275332, 30.11635965180044 ], [ 77.272045391890444, 30.116375536625959 ], [ 77.271350628586518, 30.116391421448945 ], [ 77.271185354496609, 30.116368476703819 ], [ 77.271007837881513, 30.116280227634487 ], [ 77.270954786939072, 30.116207863338811 ], [ 77.270865008421097, 30.116061369602335 ], [ 77.269432632975111, 30.11604018976703 ], [ 77.26943671381683, 30.116361416781178 ], [ 77.269331632142368, 30.118601151926285 ], [ 77.269311227933741, 30.119092686688631 ], [ 77.266490346090336, 30.11893825502505 ], [ 77.266496467352937, 30.11994955741779 ], [ 77.266565841662327, 30.120971438845658 ], [ 77.266635215971675, 30.12176387502268 ], [ 77.266669903126356, 30.122390406919745 ], [ 77.266712751964477, 30.122856332288574 ], [ 77.266737237014837, 30.123297547467285 ], [ 77.266786207115544, 30.123832297621341 ], [ 77.266818853849372, 30.123987604054118 ], [ 77.266878026054371, 30.124217033564666 ], [ 77.2669167940508, 30.124337042634757 ], [ 77.266957602468068, 30.124479994424952 ], [ 77.267029017198283, 30.124628240507324 ], [ 77.267149402029204, 30.124870022330832 ], [ 77.267349363273752, 30.125212398498778 ], [ 77.267673057914777, 30.125868479473453 ], [ 77.269166269488068, 30.125280048375089 ], [ 77.278828373856072, 30.121621745490675 ], [ 77.28011398650041, 30.121111173222847 ], [ 77.282099932880996, 30.120085693828553 ], [ 77.287352435902633, 30.117160639249782 ], [ 77.289888989325533, 30.115888210566773 ], [ 77.29093249387941, 30.115367170617194 ] ] ] ] } },
{ "type": "Feature", "properties": { "WARD_NO": 17 }, "geometry": { "type": "MultiPolygon", "coordinates": [ [ [ [ 77.266490346090336, 30.11893825502505 ], [ 77.262793741117719, 30.11882662284356 ], [ 77.261078767382159, 30.118764850040694 ], [ 77.258469069098098, 30.118634244558876 ], [ 77.255818562396811, 30.11849481419172 ], [ 77.25581652197593, 30.119927937186993 ], [ 77.255834885763718, 30.122114645130857 ], [ 77.255818562396854, 30.12276941266591 ], [ 77.255741026404053, 30.122808239714914 ], [ 77.255622651873793, 30.122850240939101 ], [ 77.25558039648962, 30.122916877417666 ], [ 77.255564421167719, 30.12298138818424 ], [ 77.255599397007444, 30.123069622365673 ], [ 77.255686821055747, 30.123166853516533 ], [ 77.255837612416727, 30.123276448587809 ], [ 77.255964665761226, 30.123386116649122 ], [ 77.256249890944162, 30.123474660522081 ], [ 77.256440078788003, 30.123542860932222 ], [ 77.25649577741838, 30.123618355008865 ], [ 77.256565356432773, 30.123687138831212 ], [ 77.256405183395017, 30.123883919388859 ], [ 77.256313364456162, 30.123986280420773 ], [ 77.256239909305094, 30.124067463232684 ], [ 77.25618889878352, 30.12409570071685 ], [ 77.255875184075776, 30.124231593496379 ], [ 77.255801728924695, 30.124272184809843 ], [ 77.255789486399522, 30.124330424491305 ], [ 77.255789486399522, 30.124429255387305 ], [ 77.25585835060366, 30.124706334336228 ], [ 77.255874673970567, 30.124916349072468 ], [ 77.255923644071274, 30.126052891660123 ], [ 77.255929765333889, 30.126811755979904 ], [ 77.255939967438181, 30.127000588753244 ], [ 77.255956290805088, 30.127187656378165 ], [ 77.255962412067689, 30.127807094757181 ], [ 77.255974654592876, 30.128179461826942 ], [ 77.255962412067689, 30.128504178883603 ], [ 77.255976695013715, 30.129118314744588 ], [ 77.255974654592876, 30.129335379092012 ], [ 77.255929765333889, 30.129465970420693 ], [ 77.255862431445379, 30.130057158733976 ], [ 77.25588283565402, 30.13016833703621 ], [ 77.255956290805088, 30.130295397799738 ], [ 77.258462462385495, 30.129326317524782 ], [ 77.260255457563844, 30.128633006550388 ], [ 77.267673057914777, 30.125868479473453 ], [ 77.267349363273752, 30.125212398498778 ], [ 77.267149402029204, 30.124870022330832 ], [ 77.267029017198283, 30.124628240507324 ], [ 77.266957602468068, 30.124479994424952 ], [ 77.2669167940508, 30.124337042634757 ], [ 77.266878026054371, 30.124217033564666 ], [ 77.266818853849372, 30.123987604054118 ], [ 77.266786207115544, 30.123832297621341 ], [ 77.266737237014837, 30.123297547467285 ], [ 77.266712751964477, 30.122856332288574 ], [ 77.266669903126356, 30.122390406919745 ], [ 77.266635215971675, 30.12176387502268 ], [ 77.266565841662327, 30.120971438845658 ], [ 77.266496467352937, 30.11994955741779 ], [ 77.266490346090336, 30.11893825502505 ] ] ] ] } },
{ "type": "Feature", "properties": { "WARD_NO": 22 }, "geometry": { "type": "MultiPolygon", "coordinates": [ [ [ [ 77.275816310217479, 30.13760030722057 ], [ 77.27473050138812, 30.138756031892886 ], [ 77.273950544213747, 30.13956704059029 ], [ 77.273761309241621, 30.139433389545538 ], [ 77.273569936950096, 30.139633581681238 ], [ 77.274125639995916, 30.140009509565981 ], [ 77.27457480588977, 30.140316620542066 ], [ 77.274461034733676, 30.140442876999476 ], [ 77.274742503258636, 30.140623730562407 ], [ 77.275021341236666, 30.140813683318793 ], [ 77.275237046087568, 30.140967237674953 ], [ 77.275498785510351, 30.141171976444767 ], [ 77.275870350268775, 30.141510931918823 ], [ 77.275712517451041, 30.141649698589081 ], [ 77.276524698825725, 30.142348078704707 ], [ 77.276382649289729, 30.14251300488349 ], [ 77.276573363944536, 30.142692717233409 ], [ 77.276672009455652, 30.142618784977202 ], [ 77.276743034223614, 30.142685324010287 ], [ 77.278447628655343, 30.143975148709551 ], [ 77.278184573959095, 30.144243575716054 ], [ 77.278118810285036, 30.144284522144378 ], [ 77.278060938251869, 30.144291346547433 ], [ 77.277019241654671, 30.144300445750808 ], [ 77.277004773646368, 30.14616690209855 ], [ 77.275567837368115, 30.146221496268232 ], [ 77.275558352116434, 30.145893111099035 ], [ 77.273714362236632, 30.145919714384924 ], [ 77.273722953090953, 30.146077895555795 ], [ 77.270929301656793, 30.146128159073161 ], [ 77.270958772071893, 30.147476281272418 ], [ 77.268853650828021, 30.147524291317264 ], [ 77.268844718552685, 30.147283566618185 ], [ 77.268203604012029, 30.147278733210932 ], [ 77.268203720131169, 30.147306247503217 ], [ 77.265220071543041, 30.147356996671824 ], [ 77.265220145258922, 30.147363034131885 ], [ 77.265244174853208, 30.149331099972315 ], [ 77.268936228475553, 30.149282133582361 ], [ 77.268954642304323, 30.150394448700574 ], [ 77.269663574710734, 30.150394448700574 ], [ 77.269659628890309, 30.150450177860172 ], [ 77.269738545299205, 30.155800030580792 ], [ 77.270485620636549, 30.155840972212268 ], [ 77.272011447724338, 30.156102347551283 ], [ 77.273849673189815, 30.154889652654351 ], [ 77.27419681985873, 30.15466417141538 ], [ 77.274806066448221, 30.154283011461615 ], [ 77.275403538666879, 30.153892639665667 ], [ 77.275981001350218, 30.153552009273881 ], [ 77.27616734014785, 30.153453604719488 ], [ 77.276298652723383, 30.153374664731235 ], [ 77.27654126833913, 30.153257876687519 ], [ 77.276591292177443, 30.153238412000121 ], [ 77.276657573763174, 30.153229761026708 ], [ 77.27668508687421, 30.153233005141818 ], [ 77.276720103561047, 30.153239493371743 ], [ 77.276762623823615, 30.153249225715822 ], [ 77.276781382762977, 30.153255713944677 ], [ 77.277018995994851, 30.153123786540849 ], [ 77.277809685288915, 30.152708538478713 ], [ 77.278145470303542, 30.152545791039984 ], [ 77.278247393874054, 30.152491722064038 ], [ 77.278323054929473, 30.152447385481633 ], [ 77.27850282809834, 30.15235438673189 ], [ 77.278559104916411, 30.152314375614871 ], [ 77.278625386502185, 30.152253818217726 ], [ 77.278897064469561, 30.151943347196397 ], [ 77.280067948939049, 30.15078204575871 ], [ 77.280584829792602, 30.151192811838786 ], [ 77.281168113570033, 30.150876640921314 ], [ 77.281949594760647, 30.150479658297989 ], [ 77.282434194715648, 30.150246761082034 ], [ 77.282654560168879, 30.150176186059557 ], [ 77.282883087305549, 30.150156777919509 ], [ 77.283054482658059, 30.150169128554509 ], [ 77.283219756747997, 30.150193829819923 ], [ 77.28346052640984, 30.150280284200036 ], [ 77.28368905354651, 30.150403790325903 ], [ 77.284182835395427, 30.150754899753352 ], [ 77.284641419984411, 30.151067192012981 ], [ 77.284926568800088, 30.151285972442086 ], [ 77.285046953630996, 30.151345960539498 ], [ 77.285437694226303, 30.151670601374839 ], [ 77.285500947273064, 30.151698830962204 ], [ 77.286825180413274, 30.151739410979857 ], [ 77.286863948409703, 30.151718238798818 ], [ 77.286874150513995, 30.151684716169516 ], [ 77.286877721250505, 30.150548468733817 ], [ 77.286870616073401, 30.150010611787309 ], [ 77.28687718620057, 30.149618703593468 ], [ 77.286883957784482, 30.149446522096447 ], [ 77.28693434292947, 30.149315166719397 ], [ 77.286987393871911, 30.149170486502605 ], [ 77.28705880860214, 30.149052272021581 ], [ 77.287134304174074, 30.148937586195665 ], [ 77.287271012371917, 30.148822900236414 ], [ 77.287358750469039, 30.148785847821085 ], [ 77.287507701192027, 30.148718800557948 ], [ 77.287642368969003, 30.148672926088505 ], [ 77.28857994235571, 30.148374741517099 ], [ 77.290065368744081, 30.147859532914662 ], [ 77.290453048708073, 30.14771837940334 ], [ 77.290816243621762, 30.147566639153371 ], [ 77.292083344977797, 30.146864396352548 ], [ 77.292936240898626, 30.146444459826974 ], [ 77.293487154531689, 30.146133917381103 ], [ 77.293871592325701, 30.145928210720101 ], [ 77.293837657218276, 30.143358624635983 ], [ 77.293727368119079, 30.143381551288762 ], [ 77.29321781127139, 30.143472340781564 ], [ 77.292987688824013, 30.143534701192877 ], [ 77.292630574841809, 30.143654836579998 ], [ 77.292254372361612, 30.142967953653347 ], [ 77.292001980000023, 30.14253601280863 ], [ 77.291879495471591, 30.142608003080749 ], [ 77.291567716671949, 30.142734559100525 ], [ 77.290506184092237, 30.143235279152449 ], [ 77.289939891986776, 30.14345170681327 ], [ 77.288830638162196, 30.143961593832405 ], [ 77.288767009835723, 30.143737830788734 ], [ 77.288681111595025, 30.143569091108709 ], [ 77.288542454866956, 30.143306810381002 ], [ 77.288423681990892, 30.143145406509721 ], [ 77.28838364916885, 30.14313806996385 ], [ 77.288290327623386, 30.143044528956093 ], [ 77.287957339381606, 30.142742812748363 ], [ 77.287961581270025, 30.142710715225153 ], [ 77.287982790712192, 30.142664861602469 ], [ 77.288001879210114, 30.142618090885364 ], [ 77.288012483931197, 30.142568568925462 ], [ 77.288002939682229, 30.142511710348252 ], [ 77.287983851184279, 30.142406246771507 ], [ 77.287958399853693, 30.142320958753086 ], [ 77.287906436720434, 30.142181563123419 ], [ 77.287871441140894, 30.142100860300452 ], [ 77.287889469166743, 30.142043084375295 ], [ 77.287999758265926, 30.141930283661967 ], [ 77.288287146207111, 30.141661579004342 ], [ 77.288373044447823, 30.141568036596848 ], [ 77.288392132945745, 30.14152585077624 ], [ 77.288379407280445, 30.141492835773636 ], [ 77.288361379254638, 30.141409381134384 ], [ 77.288287146207111, 30.141166353486241 ], [ 77.288069727440657, 30.140594175463178 ], [ 77.287426042855657, 30.140884807500218 ], [ 77.287163045772942, 30.141011365730122 ], [ 77.286400036091536, 30.141317672658257 ], [ 77.286117950510899, 30.141431391155972 ], [ 77.285477955593961, 30.141679003560643 ], [ 77.285219200399681, 30.141801892449259 ], [ 77.28495832426124, 30.141913776229696 ], [ 77.284869244604181, 30.141796389964988 ], [ 77.284701690011175, 30.141620310306113 ], [ 77.284271668571535, 30.141264481703008 ], [ 77.284055332261573, 30.141104908665302 ], [ 77.283601980435563, 30.140853626462114 ], [ 77.283396248846671, 30.140765585830792 ], [ 77.282705351268561, 30.140477619050554 ], [ 77.281726005277193, 30.140061257952457 ], [ 77.280625235229508, 30.139597205847959 ], [ 77.279658084667346, 30.139085462064287 ], [ 77.277731206847804, 30.138373785294224 ], [ 77.276548250211775, 30.137920730656248 ], [ 77.275816310217479, 30.13760030722057 ] ] ] ] } },
{ "type": "Feature", "properties": { "WARD_NO": 16 }, "geometry": { "type": "MultiPolygon", "coordinates": [ [ [ [ 77.258462462385495, 30.129326317524782 ], [ 77.258579124559262, 30.129479465007961 ], [ 77.258591401042608, 30.129516315178844 ], [ 77.258598622503357, 30.129545045810996 ], [ 77.258605121818078, 30.129576274749503 ], [ 77.258604399672009, 30.129612500305782 ], [ 77.258608010402384, 30.129668087771488 ], [ 77.258596456065121, 30.129722426050403 ], [ 77.258589234604358, 30.129816737245132 ], [ 77.258784575118327, 30.129815175802243 ], [ 77.258804795208448, 30.130341068370178 ], [ 77.258796129455519, 30.131285419488439 ], [ 77.25947639106063, 30.131282921216961 ], [ 77.260149070131916, 30.131293538870267 ], [ 77.260199620357312, 30.131284794920575 ], [ 77.260221284739643, 30.131271054426659 ], [ 77.260232839076906, 30.131254815658661 ], [ 77.26069934544303, 30.131257313930835 ], [ 77.26070512261164, 30.13168576667362 ], [ 77.260744118499858, 30.132938636764901 ], [ 77.260765782882189, 30.1335132278987 ], [ 77.260775892927271, 30.133610658237579 ], [ 77.260770610854564, 30.13364800328781 ], [ 77.260796113017435, 30.133675611743396 ], [ 77.260810555939003, 30.133714334005351 ], [ 77.260820665984099, 30.133750558043122 ], [ 77.260823554568375, 30.133784283859445 ], [ 77.260816333107613, 30.135254468429768 ], [ 77.265868467066369, 30.135426842076818 ], [ 77.268197388166556, 30.13550053796445 ], [ 77.270371047860067, 30.135552999410301 ], [ 77.270711900808678, 30.135565490226625 ], [ 77.271256504272458, 30.135582120933989 ], [ 77.271725793901609, 30.135582977366802 ], [ 77.272234184740228, 30.135490545304961 ], [ 77.272629920790735, 30.135405607658285 ], [ 77.272884116210051, 30.135295688242312 ], [ 77.273008943313428, 30.135172357451211 ], [ 77.272995727556236, 30.135156936359248 ], [ 77.272358642340237, 30.134463559458059 ], [ 77.2719601008572, 30.133973652819808 ], [ 77.271434850555025, 30.133270621504614 ], [ 77.271295409105761, 30.133008876258856 ], [ 77.270712631389529, 30.131877523122444 ], [ 77.270215519496446, 30.130875951112291 ], [ 77.269526441123801, 30.129609369797407 ], [ 77.267673057914777, 30.125868479473453 ], [ 77.260255457563844, 30.128633006550388 ], [ 77.258462462385495, 30.129326317524782 ] ] ] ] } },
{ "type": "Feature", "properties": { "WARD_NO": 13 }, "geometry": { "type": "MultiPolygon", "coordinates": [ [ [ [ 77.275914667478602, 30.112289963589969 ], [ 77.275849067468471, 30.112249566934238 ], [ 77.275674308117686, 30.112164609294144 ], [ 77.275160501183464, 30.112059661520185 ], [ 77.274833007937289, 30.112049666488268 ], [ 77.274757904745229, 30.112034673938531 ], [ 77.274235432058063, 30.112008436970992 ], [ 77.274106890056274, 30.112023429524729 ], [ 77.273913715980498, 30.112073404687397 ], [ 77.273702849325858, 30.112149616761844 ], [ 77.273493426963356, 30.112197093106349 ], [ 77.27330566898317, 30.112214584385402 ], [ 77.273275338847924, 30.112228327531088 ], [ 77.27321612286957, 30.112225828777461 ], [ 77.273154018306897, 30.112197093106349 ], [ 77.273010311237442, 30.112124629202935 ], [ 77.27290921078658, 30.112075903444893 ], [ 77.272799444582787, 30.112019681386517 ], [ 77.272721452806408, 30.111993444414988 ], [ 77.272611686602602, 30.11196970619665 ], [ 77.272410929993043, 30.111975953096746 ], [ 77.27229971949707, 30.111989696275611 ], [ 77.272052023392476, 30.112083399716912 ], [ 77.271949478649447, 30.112124629202935 ], [ 77.271805049433922, 30.112165858671748 ], [ 77.271685173185048, 30.112237073168252 ], [ 77.271422312012803, 30.112415733872108 ], [ 77.271348653112895, 30.112476953199817 ], [ 77.271259106999253, 30.112530676252064 ], [ 77.271158006548404, 30.112561910571333 ], [ 77.270651060001924, 30.112644369126755 ], [ 77.270180220759343, 30.11270933642496 ], [ 77.269761376034339, 30.112719331390124 ], [ 77.269525234266965, 30.112629376667229 ], [ 77.269398136557314, 30.112624379180229 ], [ 77.269247930173179, 30.112636872897273 ], [ 77.269016843428346, 30.112609386717704 ], [ 77.268808865357968, 30.112561910571333 ], [ 77.268629773130755, 30.112534424370899 ], [ 77.268413129307461, 30.112514434402136 ], [ 77.268106939370583, 30.112494444429338 ], [ 77.26778197363565, 30.112466958210113 ], [ 77.267501780957531, 30.112446968227719 ], [ 77.267244696953924, 30.112409486999795 ], [ 77.267013610209091, 30.112374504507581 ], [ 77.266757248351553, 30.112309536989184 ], [ 77.266615707720334, 30.11227455446156 ], [ 77.266399063897069, 30.11226206069869 ], [ 77.266234414591352, 30.112247068181183 ], [ 77.266072653869969, 30.112247068181183 ], [ 77.265671140650838, 30.112232075661382 ], [ 77.265097034519158, 30.112102140394494 ], [ 77.264712852805872, 30.112009686350554 ], [ 77.264259345069135, 30.111829775530534 ], [ 77.263795727287288, 30.111547414832941 ], [ 77.26368596108351, 30.111477449225607 ], [ 77.263541531868, 30.111317527651313 ], [ 77.263350885303524, 30.111020172785995 ], [ 77.263071414771474, 30.110632860484912 ], [ 77.262872102454068, 30.11030801673903 ], [ 77.26264390429354, 30.110005661215858 ], [ 77.262334825772328, 30.109688311861575 ], [ 77.261819213472947, 30.109648330768263 ], [ 77.261140396159988, 30.109620843757241 ], [ 77.260623700641489, 30.109619594347457 ], [ 77.260369505222172, 30.109613347298353 ], [ 77.259593198188753, 30.109637086082881 ], [ 77.259126691822615, 30.109650829587078 ], [ 77.259031368540391, 30.109665822498584 ], [ 77.258969263977718, 30.109685813043722 ], [ 77.258923046628738, 30.109718297670945 ], [ 77.258794504626934, 30.109841989038372 ], [ 77.25854464208409, 30.110071879653397 ], [ 77.257351656763873, 30.111050158191134 ], [ 77.256623011371587, 30.111651113766975 ], [ 77.256230524978434, 30.111949716113621 ], [ 77.255924696114576, 30.112212085631452 ], [ 77.255433636781831, 30.112586898019646 ], [ 77.255160665564489, 30.112783049269282 ], [ 77.255130335429229, 30.112781799899505 ], [ 77.255098922074836, 30.11231078636494 ], [ 77.254937161353453, 30.112279551966264 ], [ 77.254823062273204, 30.112210836254434 ], [ 77.254656968675363, 30.112123379824819 ], [ 77.254556229297521, 30.112085898474138 ], [ 77.252837521632884, 30.112130876093236 ], [ 77.25286785176813, 30.113758177567171 ], [ 77.252874531619327, 30.114105498326058 ], [ 77.252662220672534, 30.113908100346688 ], [ 77.252368307218973, 30.113688838204634 ], [ 77.252275872521039, 30.113653856165495 ], [ 77.251513286263105, 30.113658853600402 ], [ 77.25150462051019, 30.113743809955487 ], [ 77.251469957498458, 30.113968694072188 ], [ 77.25145551457689, 30.114111120414634 ], [ 77.251475734667068, 30.114533400819393 ], [ 77.251481511835692, 30.114710808024938 ], [ 77.251816587615707, 30.115482900462155 ], [ 77.252254208138694, 30.11631745313802 ], [ 77.25223687663285, 30.116357431532347 ], [ 77.252202213621132, 30.116376171399104 ], [ 77.252177660654496, 30.116412401798112 ], [ 77.252150219103541, 30.116496106462211 ], [ 77.252291759734732, 30.116823428497593 ], [ 77.252313424117077, 30.116899636907405 ], [ 77.252291759734732, 30.116923373941102 ], [ 77.252264318183805, 30.116939615066087 ], [ 77.25223687663285, 30.116949609603257 ], [ 77.252207990789742, 30.116959604139378 ], [ 77.252174772070177, 30.116977094575176 ], [ 77.252160329148609, 30.116998332957316 ], [ 77.252293204026913, 30.117435592751644 ], [ 77.252659332088257, 30.117441839306121 ], [ 77.25268460720099, 30.117874099915618 ], [ 77.252700494414711, 30.118366325011269 ], [ 77.255818562396811, 30.11849481419172 ], [ 77.258469069098098, 30.118634244558876 ], [ 77.261078767382159, 30.118764850040694 ], [ 77.262793741117719, 30.11882662284356 ], [ 77.266490346090336, 30.11893825502505 ], [ 77.269311227933741, 30.119092686688631 ], [ 77.269331632142368, 30.118601151926285 ], [ 77.26943671381683, 30.116361416781178 ], [ 77.269432632975111, 30.11604018976703 ], [ 77.270865008421097, 30.116061369602335 ], [ 77.270954786939072, 30.116207863338811 ], [ 77.271007837881513, 30.116280227634487 ], [ 77.271185354496609, 30.116368476703819 ], [ 77.271350628586518, 30.116391421448945 ], [ 77.272045391890444, 30.116375536625959 ], [ 77.272435112275332, 30.11635965180044 ], [ 77.27243919311708, 30.116402011329491 ], [ 77.272460617536154, 30.116403776309486 ], [ 77.272609568259142, 30.116370682929546 ], [ 77.272701387197998, 30.116370241684404 ], [ 77.272830953922821, 30.116383920282836 ], [ 77.272955547121782, 30.11640907124924 ], [ 77.273387096134343, 30.116429368515686 ], [ 77.273772990730109, 30.11643245722977 ], [ 77.276387279961099, 30.116458049428559 ], [ 77.276441861219226, 30.115361108890678 ], [ 77.27542981247106, 30.115080473714933 ], [ 77.275225770384736, 30.115006343535384 ], [ 77.275129870604161, 30.114949863361268 ], [ 77.275031930402719, 30.114903973195993 ], [ 77.274834519684191, 30.114875733083707 ], [ 77.274697811486377, 30.114872203069083 ], [ 77.274781468741722, 30.114685994619883 ], [ 77.274861045155376, 30.114491843256367 ], [ 77.27492225778127, 30.114355937074865 ], [ 77.275024278824446, 30.114126484655806 ], [ 77.275068147873, 30.114026760938295 ], [ 77.275109976500673, 30.113900561753212 ], [ 77.275161752180097, 30.113686993534298 ], [ 77.275234187120731, 30.11342047386966 ], [ 77.275261732802392, 30.113245735421145 ], [ 77.275268874275412, 30.113064819025023 ], [ 77.275891202638704, 30.113037460907037 ], [ 77.275914667478645, 30.11247176393023 ], [ 77.275914667478602, 30.112289963589969 ] ] ] ] } },
{ "type": "Feature", "properties": { "WARD_NO": 18 }, "geometry": { "type": "MultiPolygon", "coordinates": [ [ [ [ 77.262334825772328, 30.109688311861575 ], [ 77.261917425339732, 30.109600853198963 ], [ 77.261478360524535, 30.10937096148799 ], [ 77.260811985040604, 30.109159648617453 ], [ 77.260537895512684, 30.108859728815862 ], [ 77.260075504863636, 30.108447483665831 ], [ 77.259496791687639, 30.10800659315252 ], [ 77.25928303644865, 30.107831672772633 ], [ 77.258861303139355, 30.107561795007658 ], [ 77.258319693581143, 30.107256932201334 ], [ 77.25815793285976, 30.107072014958895 ], [ 77.257874137345368, 30.106589234069258 ], [ 77.257776639730793, 30.106272368845588 ], [ 77.257678427864221, 30.105717610552606 ], [ 77.257698647954399, 30.10525281066607 ], [ 77.257294246150963, 30.104867974697054 ], [ 77.256485442544047, 30.103413581072246 ], [ 77.255793626601715, 30.102344013339664 ], [ 77.255412333472734, 30.101869201524259 ], [ 77.254805730767572, 30.101544328967819 ], [ 77.253853942237299, 30.101264437909045 ], [ 77.253299334049714, 30.10112449208242 ], [ 77.252779388873819, 30.101034526803517 ], [ 77.252126568819705, 30.100969551828928 ], [ 77.251047682579738, 30.100849597917495 ], [ 77.250435302705966, 30.100714649593108 ], [ 77.24962181359399, 30.100512999055518 ], [ 77.249114576442224, 30.100280653306687 ], [ 77.248756853780492, 30.099848370050918 ], [ 77.248650157602142, 30.099285185659181 ], [ 77.248599928790853, 30.099086486363305 ], [ 77.24865284882371, 30.098730953056947 ], [ 77.248740466824643, 30.098307654134761 ], [ 77.248872590787954, 30.097440167924287 ], [ 77.248029529447109, 30.09608361244376 ], [ 77.246831262450414, 30.095052772747437 ], [ 77.2466645405989, 30.094901939389057 ], [ 77.245548607797573, 30.093679595103321 ], [ 77.243614495046828, 30.091760558250492 ], [ 77.24247943669009, 30.090773380340124 ], [ 77.241429772743558, 30.089366331607021 ], [ 77.240494660523936, 30.088928847960197 ], [ 77.240237649873777, 30.08909249201103 ], [ 77.238665584583785, 30.088459589102001 ], [ 77.237463333059154, 30.088483747512825 ], [ 77.236483411806759, 30.088727368969906 ], [ 77.235557649215252, 30.088738501720549 ], [ 77.235343893976307, 30.088688514757816 ], [ 77.234748845608379, 30.088528556307267 ], [ 77.23411913422872, 30.088258625835238 ], [ 77.23365118357043, 30.088348602741096 ], [ 77.23365118357043, 30.088583542053819 ], [ 77.232658954859815, 30.089263363303658 ], [ 77.232242998719101, 30.08962826542923 ], [ 77.231936808782208, 30.089753231601033 ], [ 77.231601733002208, 30.089883196252213 ], [ 77.231133782343932, 30.090173116781529 ], [ 77.230157440847023, 30.090632988981021 ], [ 77.229534950928127, 30.09142276450676 ], [ 77.2295031765007, 30.091477748643914 ], [ 77.229491622163465, 30.091525234919583 ], [ 77.2294584034439, 30.091571471534511 ], [ 77.229422296140001, 30.0915814686376 ], [ 77.229352970116537, 30.091601462840721 ], [ 77.229296642722488, 30.091623956314439 ], [ 77.229234538159815, 30.091665194336258 ], [ 77.229097330405068, 30.091762665955841 ], [ 77.228895129503357, 30.091912622106015 ], [ 77.228584967763027, 30.092153801103844 ], [ 77.228420318457339, 30.092287511486461 ], [ 77.22834954814175, 30.092334997373211 ], [ 77.228316329422185, 30.092381233609455 ], [ 77.228287443579077, 30.09243371795954 ], [ 77.228254224859484, 30.092487451908141 ], [ 77.228234004769334, 30.092546184330185 ], [ 77.228186343128201, 30.092609915216769 ], [ 77.227851989494297, 30.092949812584685 ], [ 77.227980531496101, 30.093077273796371 ], [ 77.227665675806279, 30.093450909146608 ], [ 77.226553570846789, 30.094585552324311 ], [ 77.225739712217333, 30.095230343745804 ], [ 77.225335310413882, 30.095652704839171 ], [ 77.225159106770946, 30.095912618461274 ], [ 77.224769870035104, 30.096202521310492 ], [ 77.224085275553577, 30.096717346688628 ], [ 77.223143597068386, 30.097364623335171 ], [ 77.221980219737375, 30.098136851318621 ], [ 77.221968665400126, 30.0993664057548 ], [ 77.222588988880773, 30.099438879014574 ], [ 77.222837407131479, 30.100026160366447 ], [ 77.222926953245093, 30.10022108702255 ], [ 77.22381302648229, 30.101028279211636 ], [ 77.224777091495895, 30.102092863163598 ], [ 77.224961960891761, 30.102067873061412 ], [ 77.225138164534684, 30.102030387896299 ], [ 77.225285482334527, 30.101940423441992 ], [ 77.225715881396766, 30.10168052566954 ], [ 77.226024959917993, 30.101503095066981 ], [ 77.226178054886432, 30.10148060384109 ], [ 77.226916810323814, 30.101490599942117 ], [ 77.226948584751213, 30.101892942169197 ], [ 77.226814265580813, 30.102005397778303 ], [ 77.227038130864827, 30.102487705939421 ], [ 77.227919149079469, 30.103667226862171 ], [ 77.228355325310318, 30.103672224802235 ], [ 77.228378433984815, 30.104226994577658 ], [ 77.22838132256912, 30.104349443342784 ], [ 77.228401542659313, 30.104439405604129 ], [ 77.228470868682734, 30.104541862524268 ], [ 77.228621075066869, 30.104676805622841 ], [ 77.228930153588095, 30.10505414553154 ], [ 77.230042258547599, 30.106798386782785 ], [ 77.2308510621545, 30.107677992469046 ], [ 77.230622863993958, 30.107801686390708 ], [ 77.230202574976801, 30.107967860809367 ], [ 77.23001770558092, 30.108055320917479 ], [ 77.229936825220236, 30.10809780151348 ], [ 77.229833197258102, 30.108177764938766 ], [ 77.229776869864054, 30.108235238610728 ], [ 77.229730652515087, 30.108292712249241 ], [ 77.229700322379813, 30.108366428388837 ], [ 77.229662770783762, 30.108457636417626 ], [ 77.229625219187739, 30.108582578786198 ], [ 77.229594889052493, 30.108650047599536 ], [ 77.22952411873689, 30.108842458406709 ], [ 77.229262701856811, 30.110575388207625 ], [ 77.22886696580629, 30.112994192535886 ], [ 77.228739868096639, 30.113663851035103 ], [ 77.228612407172918, 30.113699655001959 ], [ 77.226638479331825, 30.11479216055605 ], [ 77.225239465100174, 30.115181362405892 ], [ 77.22454318612057, 30.115183341195543 ], [ 77.222266550657039, 30.115983882779659 ], [ 77.221201008383929, 30.116458496845432 ], [ 77.220253975571666, 30.117121528799199 ], [ 77.219899881683915, 30.117652194276637 ], [ 77.219537131890021, 30.117983396392273 ], [ 77.219379595638642, 30.118176445756255 ], [ 77.219206310165234, 30.118390175624789 ], [ 77.218977636046162, 30.118604060311363 ], [ 77.218251841336098, 30.119190792456177 ], [ 77.217857937865645, 30.119659654598873 ], [ 77.21784419529375, 30.120223759401775 ], [ 77.216040909130413, 30.120448903031296 ], [ 77.2167329626064, 30.121437535478865 ], [ 77.216760273014685, 30.122407378863318 ], [ 77.217272594481869, 30.122833253972928 ], [ 77.218016125657485, 30.123924104342834 ], [ 77.219982738970018, 30.125046726438594 ], [ 77.221522975828151, 30.126223212189164 ], [ 77.223538972045773, 30.128031679612345 ], [ 77.224794768523239, 30.129469964767921 ], [ 77.22605781756441, 30.131049644840516 ], [ 77.227252538926322, 30.132764774183894 ], [ 77.22777842304761, 30.133705662154 ], [ 77.237740696807734, 30.129921666150615 ], [ 77.239440628674387, 30.133379261025894 ], [ 77.240953565368528, 30.133371363008486 ], [ 77.240929174839593, 30.133206345043583 ], [ 77.242080683034018, 30.132219253036411 ], [ 77.243096493192198, 30.133328047534565 ], [ 77.244184003074224, 30.134661545816169 ], [ 77.251730471695922, 30.132038957733176 ], [ 77.255956290805088, 30.130295397799738 ], [ 77.25588283565402, 30.13016833703621 ], [ 77.255862431445379, 30.130057158733976 ], [ 77.255929765333889, 30.129465970420693 ], [ 77.255974654592876, 30.129335379092012 ], [ 77.255976695013715, 30.129118314744588 ], [ 77.255962412067689, 30.128504178883603 ], [ 77.255974654592876, 30.128179461826942 ], [ 77.255962412067689, 30.127807094757181 ], [ 77.255956290805088, 30.127187656378165 ], [ 77.255939967438181, 30.127000588753244 ], [ 77.255929765333889, 30.126811755979904 ], [ 77.255923644071274, 30.126052891660123 ], [ 77.255874673970567, 30.124916349072468 ], [ 77.25585835060366, 30.124706334336228 ], [ 77.255789486399522, 30.124429255387305 ], [ 77.255789486399522, 30.124330424491305 ], [ 77.255801728924695, 30.124272184809843 ], [ 77.255875184075776, 30.124231593496379 ], [ 77.25618889878352, 30.12409570071685 ], [ 77.256239909305094, 30.124067463232684 ], [ 77.256313364456162, 30.123986280420773 ], [ 77.256405183395017, 30.123883919388859 ], [ 77.256565356432773, 30.123687138831212 ], [ 77.25649577741838, 30.123618355008865 ], [ 77.256440078788003, 30.123542860932222 ], [ 77.256249890944162, 30.123474660522081 ], [ 77.255964665761226, 30.123386116649122 ], [ 77.255837612416727, 30.123276448587809 ], [ 77.255686821055747, 30.123166853516533 ], [ 77.255599397007444, 30.123069622365673 ], [ 77.255564421167719, 30.12298138818424 ], [ 77.25558039648962, 30.122916877417666 ], [ 77.255622651873793, 30.122850240939101 ], [ 77.255741026404053, 30.122808239714914 ], [ 77.255818562396854, 30.12276941266591 ], [ 77.255834885763718, 30.122114645130857 ], [ 77.25581652197593, 30.119927937186993 ], [ 77.255818562396811, 30.11849481419172 ], [ 77.252700494414711, 30.118366325011269 ], [ 77.25268460720099, 30.117874099915618 ], [ 77.252659332088257, 30.117441839306121 ], [ 77.252293204026913, 30.117435592751644 ], [ 77.252160329148609, 30.116998332957316 ], [ 77.252174772070177, 30.116977094575176 ], [ 77.252207990789742, 30.116959604139378 ], [ 77.25223687663285, 30.116949609603257 ], [ 77.252264318183805, 30.116939615066087 ], [ 77.252291759734732, 30.116923373941102 ], [ 77.252313424117077, 30.116899636907405 ], [ 77.252291759734732, 30.116823428497593 ], [ 77.252150219103541, 30.116496106462211 ], [ 77.252177660654496, 30.116412401798112 ], [ 77.252202213621132, 30.116376171399104 ], [ 77.25223687663285, 30.116357431532347 ], [ 77.252254208138694, 30.11631745313802 ], [ 77.251816587615707, 30.115482900462155 ], [ 77.251481511835692, 30.114710808024938 ], [ 77.251475734667068, 30.114533400819393 ], [ 77.25145551457689, 30.114111120414634 ], [ 77.251469957498458, 30.113968694072188 ], [ 77.25150462051019, 30.113743809955487 ], [ 77.251513286263105, 30.113658853600402 ], [ 77.252275872521039, 30.113653856165495 ], [ 77.252368307218973, 30.113688838204634 ], [ 77.252662220672534, 30.113908100346688 ], [ 77.252874531619327, 30.114105498326058 ], [ 77.25286785176813, 30.113758177567171 ], [ 77.252837521632884, 30.112130876093236 ], [ 77.254556229297521, 30.112085898474138 ], [ 77.254656968675363, 30.112123379824819 ], [ 77.254823062273204, 30.112210836254434 ], [ 77.254937161353453, 30.112279551966264 ], [ 77.255098922074836, 30.11231078636494 ], [ 77.255130335429229, 30.112781799899505 ], [ 77.255160665564489, 30.112783049269282 ], [ 77.255433636781831, 30.112586898019646 ], [ 77.255924696114576, 30.112212085631452 ], [ 77.256230524978434, 30.111949716113621 ], [ 77.256623011371587, 30.111651113766975 ], [ 77.257351656763873, 30.111050158191134 ], [ 77.25854464208409, 30.110071879653397 ], [ 77.258794504626934, 30.109841989038372 ], [ 77.258923046628738, 30.109718297670945 ], [ 77.258969263977718, 30.109685813043722 ], [ 77.259031368540391, 30.109665822498584 ], [ 77.259126691822615, 30.109650829587078 ], [ 77.259593198188753, 30.109637086082881 ], [ 77.260369505222172, 30.109613347298353 ], [ 77.260623700641489, 30.109619594347457 ], [ 77.261140396159988, 30.109620843757241 ], [ 77.261819213472947, 30.109648330768263 ], [ 77.262334825772328, 30.109688311861575 ] ] ] ] } },
{ "type": "Feature", "properties": { "WARD_NO": 19 }, "geometry": { "type": "MultiPolygon", "coordinates": [ [ [ [ 77.22777842304761, 30.133705662154 ], [ 77.227817687555785, 30.133788655723833 ], [ 77.226396504075069, 30.134295790661053 ], [ 77.226168305914541, 30.134370736489881 ], [ 77.226124977149894, 30.134413205767661 ], [ 77.226110534228326, 30.134498144268335 ], [ 77.226654062733289, 30.135634955951556 ], [ 77.224386049395022, 30.137056257802094 ], [ 77.224149185481579, 30.137228628302321 ], [ 77.22323422640126, 30.137853156578846 ], [ 77.222676729629342, 30.138232867839054 ], [ 77.222128620756436, 30.138597589121325 ], [ 77.222066516193763, 30.138666286472247 ], [ 77.222067610858673, 30.138722853412709 ], [ 77.222018854552672, 30.138743727065066 ], [ 77.221861765580812, 30.138702799665094 ], [ 77.219299249365662, 30.137031590645432 ], [ 77.21754668375921, 30.136073465106865 ], [ 77.215951744693584, 30.134929146790416 ], [ 77.215419617264246, 30.134414712784217 ], [ 77.212165308352624, 30.136122795271426 ], [ 77.213364472933449, 30.137254497685475 ], [ 77.213642926617069, 30.137652701226106 ], [ 77.213704552214622, 30.137656993205521 ], [ 77.213742575796431, 30.137699273895361 ], [ 77.213778776973328, 30.138010025747299 ], [ 77.214469250766697, 30.138537784239443 ], [ 77.215669104949924, 30.139841431832085 ], [ 77.215764076171681, 30.139841167447944 ], [ 77.216225159870831, 30.14039706935489 ], [ 77.216106445206123, 30.140397400275123 ], [ 77.216877744881074, 30.141372043953798 ], [ 77.216917825605051, 30.14150950881923 ], [ 77.217329221371102, 30.141467085777396 ], [ 77.218342212116866, 30.14145049094704 ], [ 77.218627462249174, 30.14153911548452 ], [ 77.218905207721065, 30.141737821815465 ], [ 77.21966763085544, 30.142444197604423 ], [ 77.219786399033694, 30.142457620855652 ], [ 77.220236855663842, 30.14227750196417 ], [ 77.221515976235651, 30.143580866050112 ], [ 77.222406770731979, 30.144740862953196 ], [ 77.220985457005298, 30.145632256190812 ], [ 77.220763973783932, 30.145667276215338 ], [ 77.219902270977244, 30.145937982075793 ], [ 77.218598666537076, 30.146567623705845 ], [ 77.218639468590169, 30.146897692970821 ], [ 77.218797739382168, 30.146890369382465 ], [ 77.218848531015112, 30.147777595641955 ], [ 77.219357853173861, 30.148519076023575 ], [ 77.219540358750763, 30.148642380876289 ], [ 77.219872581405781, 30.148586413913062 ], [ 77.220214800650041, 30.149087602637536 ], [ 77.22094153031162, 30.150812133268751 ], [ 77.221092667604452, 30.155234784850659 ], [ 77.221727120114295, 30.155556290597545 ], [ 77.22523934213045, 30.152863545873409 ], [ 77.225926977768495, 30.152600181128623 ], [ 77.226527751410941, 30.15239209285777 ], [ 77.226677434077416, 30.152205935262707 ], [ 77.228701200936428, 30.151539740529245 ], [ 77.229285499036379, 30.151166596763765 ], [ 77.229855228952971, 30.151123674700525 ], [ 77.230582335045412, 30.150839535917953 ], [ 77.230977718729946, 30.150742084717976 ], [ 77.231523143305481, 30.150554771692082 ], [ 77.232463494198598, 30.150153063001802 ], [ 77.232716748273262, 30.150145445359424 ], [ 77.233657116617636, 30.149750607227489 ], [ 77.234274138329354, 30.149659376637977 ], [ 77.234858643662008, 30.149348117829778 ], [ 77.235080155189536, 30.149319952546115 ], [ 77.23638290096234, 30.148490668712039 ], [ 77.236504382723126, 30.148454545548521 ], [ 77.236934781785365, 30.148492013093577 ], [ 77.237079211000875, 30.148536974128827 ], [ 77.237298743408473, 30.148601917810268 ], [ 77.237647539963945, 30.148809237737911 ], [ 77.237748640414821, 30.148911648625752 ], [ 77.237887292461721, 30.149026548519704 ], [ 77.238023055924302, 30.149158933014174 ], [ 77.238161707971202, 30.149276330436116 ], [ 77.238381240378786, 30.149461168647029 ], [ 77.239358545591784, 30.150407922637097 ], [ 77.243283912971165, 30.154262062732666 ], [ 77.244206170512811, 30.155284223826094 ], [ 77.244064433279391, 30.155470376112 ], [ 77.244231478774651, 30.155676235738973 ], [ 77.244184123319499, 30.155710771908652 ], [ 77.244215894601979, 30.15573819126876 ], [ 77.244544757151075, 30.15592310708573 ], [ 77.245555761659716, 30.156717355849512 ], [ 77.246029489486617, 30.157106984979773 ], [ 77.246965390803112, 30.158076055884209 ], [ 77.247020801256284, 30.158412425289555 ], [ 77.247657480498845, 30.15926345531156 ], [ 77.248007154934513, 30.159606329028986 ], [ 77.248087910320407, 30.159819760696312 ], [ 77.248287105701152, 30.15990692694583 ], [ 77.250810096520226, 30.162741449519107 ], [ 77.251150949468865, 30.163293389944318 ], [ 77.251468693742993, 30.163827845148916 ], [ 77.251696891903521, 30.164155010223006 ], [ 77.251907758558161, 30.164479676780466 ], [ 77.251997304671804, 30.164706942734504 ], [ 77.252338157620414, 30.164991648794775 ], [ 77.252313739096238, 30.165029810050523 ], [ 77.252199505573529, 30.16511651961444 ], [ 77.252005970424733, 30.165181452378178 ], [ 77.251532964743902, 30.165278851443556 ], [ 77.251255660650116, 30.165173960138389 ], [ 77.250836815925098, 30.165308820367418 ], [ 77.250432414121661, 30.165561058448656 ], [ 77.249461849793363, 30.166130464813577 ], [ 77.247163980974435, 30.167548971630243 ], [ 77.245339839982421, 30.168582870427556 ], [ 77.244548367881393, 30.169147264712088 ], [ 77.242630347899308, 30.170266054449044 ], [ 77.24210462555483, 30.170665619134567 ], [ 77.242156620072407, 30.170770504596117 ], [ 77.2422972261745, 30.170904686053742 ], [ 77.248199941617841, 30.177965025052 ], [ 77.250419622818285, 30.180613412369308 ], [ 77.252565400097609, 30.180648083250706 ], [ 77.254110626884383, 30.182899514746598 ], [ 77.254521378549171, 30.182664366773931 ], [ 77.25560459383108, 30.184222462632778 ], [ 77.255102110380378, 30.185255825211133 ], [ 77.254975822886678, 30.185352518852934 ], [ 77.255207351901774, 30.185711519469823 ], [ 77.257500944887539, 30.184735627965942 ], [ 77.262625887121118, 30.181659790352558 ], [ 77.262580865666635, 30.180470617304273 ], [ 77.262265715485327, 30.172885517663907 ], [ 77.264026554593357, 30.172811999018016 ], [ 77.264006545058052, 30.172377372961563 ], [ 77.264014048633797, 30.172325477184941 ], [ 77.264049065320592, 30.172303853936608 ], [ 77.26408908439123, 30.172290879985361 ], [ 77.264184129683997, 30.172273581380999 ], [ 77.26420914160316, 30.17225628277362 ], [ 77.263566335281041, 30.171391348532794 ], [ 77.265139584995438, 30.17052316315516 ], [ 77.264774410975889, 30.170019331023191 ], [ 77.269743028714686, 30.167389847716368 ], [ 77.269607964351295, 30.167361195476555 ], [ 77.269452890452584, 30.167329840185729 ], [ 77.269295315361944, 30.167287672709918 ], [ 77.269170881064198, 30.167253073741918 ], [ 77.268829781016819, 30.167157926517337 ], [ 77.268729108042237, 30.167124408723186 ], [ 77.268336733560602, 30.166999527809097 ], [ 77.268214800454757, 30.166976281560871 ], [ 77.268093023673401, 30.166944926147576 ], [ 77.268027367385614, 30.166929789047959 ], [ 77.267993601294776, 30.166917895610908 ], [ 77.267934354311294, 30.166902217896222 ], [ 77.267897461730541, 30.166875187347841 ], [ 77.26785431617003, 30.166860050237503 ], [ 77.267810545311519, 30.166851400459102 ], [ 77.26612099017305, 30.166369714727505 ], [ 77.266078469910482, 30.166367011658405 ], [ 77.266052832693362, 30.166376202093076 ], [ 77.265810217077586, 30.166504868088406 ], [ 77.265190234131694, 30.166853022292614 ], [ 77.265089248508133, 30.166920058054121 ], [ 77.265029845200189, 30.16695087286466 ], [ 77.264951682952841, 30.166987093769997 ], [ 77.264771753459442, 30.167040073577756 ], [ 77.264721104323186, 30.167051967000081 ], [ 77.264665452803101, 30.167066022860961 ], [ 77.264627934924363, 30.167067104080942 ], [ 77.264594794131497, 30.167069807130851 ], [ 77.26456477982849, 30.167069807130851 ], [ 77.264542425425788, 30.167066563470936 ], [ 77.264524917082369, 30.167058454320738 ], [ 77.264514287016738, 30.167050345169844 ], [ 77.264501781057163, 30.167036829916881 ], [ 77.264494277481404, 30.167025477102971 ], [ 77.264490525693532, 30.167013583677452 ], [ 77.264486148607702, 30.166993040484527 ], [ 77.264480520925872, 30.166970875455846 ], [ 77.264473017350127, 30.166923301718835 ], [ 77.264441752451162, 30.165977768933033 ], [ 77.264350458946268, 30.161419189733866 ], [ 77.264354210734169, 30.161351068949152 ], [ 77.264361714309914, 30.161306736349704 ], [ 77.264380473249275, 30.161288354534349 ], [ 77.264411738148198, 30.161285110684219 ], [ 77.264469265562241, 30.16129051710103 ], [ 77.264590573370114, 30.161299167367321 ], [ 77.26466936091542, 30.161301329933771 ], [ 77.264758153228414, 30.161292679667667 ], [ 77.264824434814159, 30.161282948117407 ], [ 77.264901971763521, 30.161253753460809 ], [ 77.265082057581381, 30.161165088154444 ], [ 77.265632319802648, 30.160885035016801 ], [ 77.265889942569885, 30.160748792662226 ], [ 77.266036262296893, 30.160684996574332 ], [ 77.266240109437931, 30.160604981083708 ], [ 77.266606534053466, 30.160480632557249 ], [ 77.267113963363187, 30.16029032494356 ], [ 77.26763514922844, 30.16011299251835 ], [ 77.267740199288852, 30.160075147142432 ], [ 77.267753955844398, 30.160068659362231 ], [ 77.267633898632511, 30.15984591198341 ], [ 77.267531349763999, 30.159697773884936 ], [ 77.267486328309531, 30.159604781972146 ], [ 77.267407853413204, 30.159453399601031 ], [ 77.267315309312366, 30.159285797419031 ], [ 77.267271538453855, 30.159194967730368 ], [ 77.267489142150438, 30.159085755732072 ], [ 77.272011447724338, 30.156102347551283 ], [ 77.270485620636549, 30.155840972212268 ], [ 77.269738545299205, 30.155800030580792 ], [ 77.269659628890309, 30.150450177860172 ], [ 77.269663574710734, 30.150394448700574 ], [ 77.268954642304323, 30.150394448700574 ], [ 77.268936228475553, 30.149282133582361 ], [ 77.265244174853208, 30.149331099972315 ], [ 77.265220145258922, 30.147363034131885 ], [ 77.26519560745912, 30.147356115695995 ], [ 77.265186941706162, 30.146063150047869 ], [ 77.264219112395779, 30.146073490109647 ], [ 77.264001932328796, 30.146075804494568 ], [ 77.263880579451808, 30.146081884276285 ], [ 77.263770813248016, 30.146116854826474 ], [ 77.263692821471636, 30.146150576416701 ], [ 77.263586304925198, 30.146200534306985 ], [ 77.263518423193872, 30.146256736903297 ], [ 77.26346642867631, 30.146297952120261 ], [ 77.263418767035162, 30.14636039938588 ], [ 77.263375438270515, 30.14641410400268 ], [ 77.263355218180365, 30.146465310703093 ], [ 77.263334998090173, 30.146531504691108 ], [ 77.261363178225324, 30.146560230370177 ], [ 77.260877896061146, 30.146572719793273 ], [ 77.260866341723869, 30.146016938935905 ], [ 77.260862008847425, 30.145547332894647 ], [ 77.260866341723869, 30.145317524868396 ], [ 77.260942889208124, 30.145315651431215 ], [ 77.261018714546267, 30.145311904556706 ], [ 77.26107287550208, 30.145308782161166 ], [ 77.261095262030494, 30.145305659765548 ], [ 77.261128480750074, 30.145298166015657 ], [ 77.261142923671599, 30.145287549868996 ], [ 77.261149422986321, 30.145269439969109 ], [ 77.261160977323556, 30.145178890419778 ], [ 77.261182641705886, 30.144917232979221 ], [ 77.261180475267636, 30.144885384412827 ], [ 77.261171087368638, 30.144852911354153 ], [ 77.261153755862765, 30.144819813802595 ], [ 77.260574594708544, 30.144271516898932 ], [ 77.26026858530814, 30.143982379605337 ], [ 77.260036776417238, 30.143752567933948 ], [ 77.2599423558176, 30.14367950269801 ], [ 77.259936578648976, 30.143661392502963 ], [ 77.259932967918601, 30.143640784345926 ], [ 77.259930801480365, 30.143597694549133 ], [ 77.259929357188184, 30.143564596576478 ], [ 77.259915636412714, 30.143511514899078 ], [ 77.258888744690395, 30.141855976720183 ], [ 77.258883708431682, 30.141847869542357 ], [ 77.258685460569566, 30.141528737670047 ], [ 77.258371162053862, 30.140953787393521 ], [ 77.258250728630841, 30.141062857302785 ], [ 77.257968782685865, 30.141277791255462 ], [ 77.257920346800347, 30.141343884597241 ], [ 77.257848132192578, 30.141416327058941 ], [ 77.25774430546619, 30.141482625590534 ], [ 77.25731988233683, 30.141747937993475 ], [ 77.256980654216875, 30.141973695082513 ], [ 77.256810318010849, 30.142079860063394 ], [ 77.256719056800293, 30.142149491738817 ], [ 77.256694503833657, 30.142181653437785 ], [ 77.256657313310669, 30.142266585252624 ], [ 77.256621567079819, 30.142386488866773 ], [ 77.256592681236711, 30.142465487782889 ], [ 77.256133757404399, 30.141988370836671 ], [ 77.256109204437763, 30.141997113838087 ], [ 77.256000882526095, 30.142015848838582 ], [ 77.255945900135757, 30.142034385778107 ], [ 77.255911336412495, 30.142023342837774 ], [ 77.255843454681212, 30.142023342837774 ], [ 77.255755352859723, 30.142020844838125 ], [ 77.255649919532416, 30.142019595838264 ], [ 77.255185218531437, 30.142013350838745 ], [ 77.255209049352004, 30.142631603874563 ], [ 77.254244984338442, 30.142620675192937 ], [ 77.254250761507052, 30.142803027894015 ], [ 77.251643092020828, 30.14283924859588 ], [ 77.251645980605133, 30.142728712964054 ], [ 77.25164164772869, 30.142525751735686 ], [ 77.251620705492428, 30.14238149288575 ], [ 77.251598318964042, 30.14223473583062 ], [ 77.251571599559156, 30.14209359905254 ], [ 77.251554990199381, 30.141968699080572 ], [ 77.251515994311177, 30.141814447397024 ], [ 77.251431503220118, 30.141555279045651 ], [ 77.256165531831769, 30.139753571813063 ], [ 77.2548013978912, 30.137089357957763 ], [ 77.253956486980414, 30.135413726701383 ], [ 77.253771617584533, 30.135060235445227 ], [ 77.260816333107613, 30.135254468429768 ], [ 77.260823554568375, 30.133784283859445 ], [ 77.260820665984099, 30.133750558043122 ], [ 77.260810555939003, 30.133714334005351 ], [ 77.260796113017435, 30.133675611743396 ], [ 77.260770610854564, 30.13364800328781 ], [ 77.260775892927271, 30.133610658237579 ], [ 77.260765782882189, 30.1335132278987 ], [ 77.260744118499858, 30.132938636764901 ], [ 77.26070512261164, 30.13168576667362 ], [ 77.26069934544303, 30.131257313930835 ], [ 77.260232839076906, 30.131254815658661 ], [ 77.260221284739643, 30.131271054426659 ], [ 77.260199620357312, 30.131284794920575 ], [ 77.260149070131916, 30.131293538870267 ], [ 77.25947639106063, 30.131282921216961 ], [ 77.258796129455519, 30.131285419488439 ], [ 77.258804795208448, 30.130341068370178 ], [ 77.258784575118327, 30.129815175802243 ], [ 77.258589234604358, 30.129816737245132 ], [ 77.258596456065121, 30.129722426050403 ], [ 77.258608010402384, 30.129668087771488 ], [ 77.258604399672009, 30.129612500305782 ], [ 77.258605121818078, 30.129576274749503 ], [ 77.258598622503357, 30.129545045810996 ], [ 77.258591401042608, 30.129516315178844 ], [ 77.258579124559262, 30.129479465007961 ], [ 77.258462462385495, 30.129326317524782 ], [ 77.255956290805088, 30.130295397799738 ], [ 77.251730471695922, 30.132038957733176 ], [ 77.244184003074224, 30.134661545816169 ], [ 77.243096493192198, 30.133328047534565 ], [ 77.242080683034018, 30.132219253036411 ], [ 77.240929174839593, 30.133206345043583 ], [ 77.240953565368528, 30.133371363008486 ], [ 77.239440628674387, 30.133379261025894 ], [ 77.237740696807734, 30.129921666150615 ], [ 77.22777842304761, 30.133705662154 ] ] ] ] } },
{ "type": "Feature", "properties": { "WARD_NO": 20 }, "geometry": { "type": "MultiPolygon", "coordinates": [ [ [ [ 77.258883708431682, 30.141847869542357 ], [ 77.259531093626421, 30.141811637141448 ], [ 77.259791788360459, 30.141794775606268 ], [ 77.259833672832968, 30.141795400107622 ], [ 77.259895777395641, 30.141805392128742 ], [ 77.259915997485805, 30.141809139136424 ], [ 77.259934773283831, 30.141809763637678 ], [ 77.26055112496104, 30.141802269622271 ], [ 77.261368233247865, 30.141774791560877 ], [ 77.261824629568878, 30.141770420050388 ], [ 77.261911287098187, 30.141774167059392 ], [ 77.261948838694224, 30.141771044551895 ], [ 77.261983501705956, 30.141762926032001 ], [ 77.262007332526522, 30.141748562495131 ], [ 77.262039829100004, 30.141715463902216 ], [ 77.262054272021572, 30.141696104342735 ], [ 77.26205643845978, 30.141647393176218 ], [ 77.262036940515699, 30.141391346905731 ], [ 77.262626933861071, 30.141386350874324 ], [ 77.262592992995408, 30.140458333654671 ], [ 77.262587215826827, 30.140113603635275 ], [ 77.26269987061491, 30.140105172722983 ], [ 77.262689760569842, 30.139570588961153 ], [ 77.262666651895358, 30.138844899360929 ], [ 77.263552725132556, 30.138847397440998 ], [ 77.263828584934203, 30.138841152240701 ], [ 77.264410634672743, 30.13883865416047 ], [ 77.265267822066846, 30.13882866183895 ], [ 77.265259156313931, 30.139034753265733 ], [ 77.266669507603453, 30.139007274433695 ], [ 77.267648015538612, 30.139003527319634 ], [ 77.268052056269028, 30.139009772509642 ], [ 77.268041946223946, 30.139160905987342 ], [ 77.269437854591928, 30.139160905987342 ], [ 77.270380255223174, 30.139150913698444 ], [ 77.270813181796711, 30.139138423335908 ], [ 77.270795850290838, 30.139939052378153 ], [ 77.270886840696619, 30.139944048482832 ], [ 77.271031269912157, 30.139945297508945 ], [ 77.271310018298081, 30.139922815036218 ], [ 77.271383677198017, 30.139924064062587 ], [ 77.271471779019478, 30.139917818930446 ], [ 77.271533883582151, 30.139897834504932 ], [ 77.271593099560519, 30.139872853967326 ], [ 77.271639316909486, 30.139841628286423 ], [ 77.272001473167393, 30.139490650953466 ], [ 77.272288526233226, 30.139232101016471 ], [ 77.272577384664288, 30.13894107539781 ], [ 77.272991535439772, 30.139247089437127 ], [ 77.273569936950096, 30.139633581681238 ], [ 77.273761309241621, 30.139433389545538 ], [ 77.273950544213747, 30.13956704059029 ], [ 77.27473050138812, 30.138756031892886 ], [ 77.275816310217479, 30.13760030722057 ], [ 77.275094342952215, 30.137284249574613 ], [ 77.274780443208371, 30.137097156372242 ], [ 77.274610767671163, 30.136998106886267 ], [ 77.274402915138069, 30.136796339107288 ], [ 77.274035991788878, 30.136370791166488 ], [ 77.273008943313428, 30.135172357451211 ], [ 77.272884116210051, 30.135295688242312 ], [ 77.272629920790735, 30.135405607658285 ], [ 77.272234184740228, 30.135490545304961 ], [ 77.271725793901609, 30.135582977366802 ], [ 77.271256504272458, 30.135582120933989 ], [ 77.270711900808678, 30.135565490226625 ], [ 77.270371047860067, 30.135552999410301 ], [ 77.268197388166556, 30.13550053796445 ], [ 77.265868467066369, 30.135426842076818 ], [ 77.260816333107613, 30.135254468429768 ], [ 77.253771617584533, 30.135060235445227 ], [ 77.253956486980414, 30.135413726701383 ], [ 77.2548013978912, 30.137089357957763 ], [ 77.256165531831769, 30.139753571813063 ], [ 77.251431503220118, 30.141555279045651 ], [ 77.251515994311177, 30.141814447397024 ], [ 77.251554990199381, 30.141968699080572 ], [ 77.251571599559156, 30.14209359905254 ], [ 77.251598318964042, 30.14223473583062 ], [ 77.251620705492428, 30.14238149288575 ], [ 77.25164164772869, 30.142525751735686 ], [ 77.251645980605133, 30.142728712964054 ], [ 77.251643092020828, 30.14283924859588 ], [ 77.254250761507052, 30.142803027894015 ], [ 77.254244984338442, 30.142620675192937 ], [ 77.255209049352004, 30.142631603874563 ], [ 77.255185218531437, 30.142013350838745 ], [ 77.255649919532416, 30.142019595838264 ], [ 77.255755352859723, 30.142020844838125 ], [ 77.255843454681212, 30.142023342837774 ], [ 77.255911336412495, 30.142023342837774 ], [ 77.255945900135757, 30.142034385778107 ], [ 77.256000882526095, 30.142015848838582 ], [ 77.256109204437763, 30.141997113838087 ], [ 77.256133757404399, 30.141988370836671 ], [ 77.256592681236711, 30.142465487782889 ], [ 77.256621567079819, 30.142386488866773 ], [ 77.256657313310669, 30.142266585252624 ], [ 77.256694503833657, 30.142181653437785 ], [ 77.256719056800293, 30.142149491738817 ], [ 77.256810318010849, 30.142079860063394 ], [ 77.256980654216875, 30.141973695082513 ], [ 77.25731988233683, 30.141747937993475 ], [ 77.25774430546619, 30.141482625590534 ], [ 77.257848132192578, 30.141416327058941 ], [ 77.257920346800347, 30.141343884597241 ], [ 77.257968782685865, 30.141277791255462 ], [ 77.258250728630841, 30.141062857302785 ], [ 77.258371162053862, 30.140953787393521 ], [ 77.258685460569566, 30.141528737670047 ], [ 77.258883708431682, 30.141847869542357 ] ] ] ] } },
{ "type": "Feature", "properties": { "WARD_NO": 21 }, "geometry": { "type": "MultiPolygon", "coordinates": [ [ [ [ 77.258883708431682, 30.141847869542357 ], [ 77.258888744690395, 30.141855976720183 ], [ 77.259915636412714, 30.143511514899078 ], [ 77.259929357188184, 30.143564596576478 ], [ 77.259930801480365, 30.143597694549133 ], [ 77.259932967918601, 30.143640784345926 ], [ 77.259936578648976, 30.143661392502963 ], [ 77.2599423558176, 30.14367950269801 ], [ 77.260036776417238, 30.143752567933948 ], [ 77.26026858530814, 30.143982379605337 ], [ 77.260574594708544, 30.144271516898932 ], [ 77.261153755862765, 30.144819813802595 ], [ 77.261171087368638, 30.144852911354153 ], [ 77.261180475267636, 30.144885384412827 ], [ 77.261182641705886, 30.144917232979221 ], [ 77.261160977323556, 30.145178890419778 ], [ 77.261149422986321, 30.145269439969109 ], [ 77.261142923671599, 30.145287549868996 ], [ 77.261128480750074, 30.145298166015657 ], [ 77.261095262030494, 30.145305659765548 ], [ 77.26107287550208, 30.145308782161166 ], [ 77.261018714546267, 30.145311904556706 ], [ 77.260942889208124, 30.145315651431215 ], [ 77.260866341723869, 30.145317524868396 ], [ 77.260862008847425, 30.145547332894647 ], [ 77.260866341723869, 30.146016938935905 ], [ 77.260877896061146, 30.146572719793273 ], [ 77.261363178225324, 30.146560230370177 ], [ 77.263334998090173, 30.146531504691108 ], [ 77.263355218180365, 30.146465310703093 ], [ 77.263375438270515, 30.14641410400268 ], [ 77.263418767035162, 30.14636039938588 ], [ 77.26346642867631, 30.146297952120261 ], [ 77.263518423193872, 30.146256736903297 ], [ 77.263586304925198, 30.146200534306985 ], [ 77.263692821471636, 30.146150576416701 ], [ 77.263770813248016, 30.146116854826474 ], [ 77.263880579451808, 30.146081884276285 ], [ 77.264001932328796, 30.146075804494568 ], [ 77.264219112395779, 30.146073490109647 ], [ 77.265186941706162, 30.146063150047869 ], [ 77.26519560745912, 30.147356115695995 ], [ 77.265220145258922, 30.147363034131885 ], [ 77.265220071543041, 30.147356996671824 ], [ 77.268203720131169, 30.147306247503217 ], [ 77.268203604012029, 30.147278733210932 ], [ 77.268844718552685, 30.147283566618185 ], [ 77.268853650828021, 30.147524291317264 ], [ 77.270958772071893, 30.147476281272418 ], [ 77.270929301656793, 30.146128159073161 ], [ 77.273722953090953, 30.146077895555795 ], [ 77.273714362236632, 30.145919714384924 ], [ 77.275558352116434, 30.145893111099035 ], [ 77.275567837368115, 30.146221496268232 ], [ 77.277004773646368, 30.14616690209855 ], [ 77.277019241654671, 30.144300445750808 ], [ 77.278060938251869, 30.144291346547433 ], [ 77.278118810285036, 30.144284522144378 ], [ 77.278184573959095, 30.144243575716054 ], [ 77.278447628655343, 30.143975148709551 ], [ 77.276743034223614, 30.142685324010287 ], [ 77.276672009455652, 30.142618784977202 ], [ 77.276573363944536, 30.142692717233409 ], [ 77.276382649289729, 30.14251300488349 ], [ 77.276524698825725, 30.142348078704707 ], [ 77.275712517451041, 30.141649698589081 ], [ 77.275870350268775, 30.141510931918823 ], [ 77.275498785510351, 30.141171976444767 ], [ 77.275237046087568, 30.140967237674953 ], [ 77.275021341236666, 30.140813683318793 ], [ 77.274742503258636, 30.140623730562407 ], [ 77.274461034733676, 30.140442876999476 ], [ 77.27457480588977, 30.140316620542066 ], [ 77.274125639995916, 30.140009509565981 ], [ 77.273569936950096, 30.139633581681238 ], [ 77.272991535439772, 30.139247089437127 ], [ 77.272577384664288, 30.13894107539781 ], [ 77.272288526233226, 30.139232101016471 ], [ 77.272001473167393, 30.139490650953466 ], [ 77.271639316909486, 30.139841628286423 ], [ 77.271593099560519, 30.139872853967326 ], [ 77.271533883582151, 30.139897834504932 ], [ 77.271471779019478, 30.139917818930446 ], [ 77.271383677198017, 30.139924064062587 ], [ 77.271310018298081, 30.139922815036218 ], [ 77.271031269912157, 30.139945297508945 ], [ 77.270886840696619, 30.139944048482832 ], [ 77.270795850290838, 30.139939052378153 ], [ 77.270813181796711, 30.139138423335908 ], [ 77.270380255223174, 30.139150913698444 ], [ 77.269437854591928, 30.139160905987342 ], [ 77.268041946223946, 30.139160905987342 ], [ 77.268052056269028, 30.139009772509642 ], [ 77.267648015538612, 30.139003527319634 ], [ 77.266669507603453, 30.139007274433695 ], [ 77.265259156313931, 30.139034753265733 ], [ 77.265267822066846, 30.13882866183895 ], [ 77.264410634672743, 30.13883865416047 ], [ 77.263828584934203, 30.138841152240701 ], [ 77.263552725132556, 30.138847397440998 ], [ 77.262666651895358, 30.138844899360929 ], [ 77.262689760569842, 30.139570588961153 ], [ 77.26269987061491, 30.140105172722983 ], [ 77.262587215826827, 30.140113603635275 ], [ 77.262592992995408, 30.140458333654671 ], [ 77.262626933861071, 30.141386350874324 ], [ 77.262036940515699, 30.141391346905731 ], [ 77.26205643845978, 30.141647393176218 ], [ 77.262054272021572, 30.141696104342735 ], [ 77.262039829100004, 30.141715463902216 ], [ 77.262007332526522, 30.141748562495131 ], [ 77.261983501705956, 30.141762926032001 ], [ 77.261948838694224, 30.141771044551895 ], [ 77.261911287098187, 30.141774167059392 ], [ 77.261824629568878, 30.141770420050388 ], [ 77.261368233247865, 30.141774791560877 ], [ 77.26055112496104, 30.141802269622271 ], [ 77.259934773283831, 30.141809763637678 ], [ 77.259915997485805, 30.141809139136424 ], [ 77.259895777395641, 30.141805392128742 ], [ 77.259833672832968, 30.141795400107622 ], [ 77.259791788360459, 30.141794775606268 ], [ 77.259531093626421, 30.141811637141448 ], [ 77.258883708431682, 30.141847869542357 ] ] ] ] } }
]
}
